======================================================================
📋 Metadata Extraction - V3 Pipeline
======================================================================

📊 Initial Status:
   Uploaded:         19379
   Needs Extraction: 5726
   Already Extracted: 13653

🚀 Starting extraction...
   Batch size: 100
   Delay: 1000ms


======================================================================
📦 Batch 1
======================================================================
[MetadataExtraction] Processing 100 documents...
[MetadataExtraction] ✅ conway: documents/unknown/2015
[MetadataExtraction] ✅ conway: documents/unknown/2020
[MetadataExtraction] ✅ conway: documents/unknown/unknown
[MetadataExtraction] ✅ albany: documents/unknown/unknown
[MetadataExtraction] ✅ albany: documents/unknown/unknown
[MetadataExtraction] ✅ conway: documents/Board_of_Selectmen/2023
[MetadataExtraction] ✅ conway: documents/unknown/unknown
[MetadataExtraction] ✅ albany: documents/unknown/unknown
[MetadataExtraction] ✅ conway: documents/unknown/2023
[MetadataExtraction] ✅ conway: documents/unknown/2024
[MetadataExtraction] ✅ conway: documents/unknown/2025
[MetadataExtraction] ✅ conway: documents/unknown/2024
[MetadataExtraction] ✅ conway: documents/unknown/2024
[MetadataExtraction] ✅ conway: forms/unknown/2021
[MetadataExtraction] ✅ conway: documents/unknown/unknown
[MetadataExtraction] ✅ conway: documents/unknown/unknown
[MetadataExtraction] ✅ conway: documents/unknown/unknown
[MetadataExtraction] ✅ conway: documents/unknown/unknown
[MetadataExtraction] ✅ conway: documents/unknown/unknown
[MetadataExtraction] ✅ conway: documents/unknown/unknown
[MetadataExtraction] ✅ conway: documents/unknown/2023
[MetadataExtraction] ✅ conway: forms/unknown/2024
[MetadataExtraction] ✅ conway: budget/unknown/2026
[MetadataExtraction] ✅ conway: documents/unknown/unknown
[MetadataExtraction] ✅ conway: documents/unknown/unknown
[MetadataExtraction] ✅ conway: documents/unknown/unknown
[MetadataExtraction] ✅ conway: documents/unknown/2009
[MetadataExtraction] ✅ conway: documents/unknown/2010
[MetadataExtraction] ✅ conway: documents/unknown/2011
[MetadataExtraction] ✅ conway: reports/unknown/2012
[MetadataExtraction] ✅ conway: documents/unknown/unknown
[MetadataExtraction] ✅ conway: documents/unknown/2013
[MetadataExtraction] ✅ conway: reports/unknown/2014
[MetadataExtraction] ✅ conway: reports/unknown/2015
[MetadataExtraction] ✅ moultonborough: documents/unknown/unknown
[MetadataExtraction] ✅ conway: reports/unknown/2016
[MetadataExtraction] ✅ conway: reports/unknown/2017
[MetadataExtraction] ✅ albany: documents/unknown/unknown
[MetadataExtraction] ✅ moultonborough: documents/unknown/unknown
[MetadataExtraction] ✅ conway: reports/unknown/2018
[MetadataExtraction] ✅ conway: reports/unknown/2019
[MetadataExtraction] ✅ conway: reports/unknown/2020
[MetadataExtraction] ✅ conway: documents/unknown/unknown
[MetadataExtraction] ✅ conway: reports/unknown/2021
[MetadataExtraction] ✅ conway: reports/unknown/2022
[MetadataExtraction] ✅ conway: documents/unknown/unknown
[MetadataExtraction] ✅ albany: documents/unknown/unknown
[MetadataExtraction] ✅ albany: documents/unknown/unknown
[MetadataExtraction] ✅ moultonborough: documents/unknown/unknown
[MetadataExtraction] ✅ albany: documents/unknown/unknown
[MetadataExtraction] ✅ conway: documents/unknown/2025
[MetadataExtraction] ✅ conway: documents/unknown/unknown
[MetadataExtraction] ✅ conway: documents/unknown/2022
[MetadataExtraction] ✅ conway: documents/unknown/2023
[MetadataExtraction] ✅ moultonborough: documents/unknown/unknown
[MetadataExtraction] ✅ conway: documents/unknown/2024
[MetadataExtraction] ✅ conway: documents/unknown/2026
[MetadataExtraction] ✅ conway: documents/unknown/2004
[MetadataExtraction] ✅ conway: documents/unknown/unknown
[MetadataExtraction] ✅ conway: documents/unknown/unknown
[MetadataExtraction] ✅ albany: documents/unknown/unknown
[MetadataExtraction] ✅ conway: documents/unknown/2024
[MetadataExtraction] ✅ albany: documents/unknown/unknown
[MetadataExtraction] ✅ conway: documents/unknown/2025
[MetadataExtraction] ✅ conway: documents/unknown/unknown
[MetadataExtraction] ✅ conway: documents/unknown/2023
[MetadataExtraction] ✅ conway: documents/unknown/2024
[MetadataExtraction] ✅ conway: documents/unknown/unknown
[MetadataExtraction] ✅ conway: documents/unknown/2025
[MetadataExtraction] ✅ conway: documents/unknown/2025
[MetadataExtraction] ✅ conway: documents/unknown/2025
[MetadataExtraction] ✅ conway: documents/unknown/2024
[MetadataExtraction] ✅ conway: documents/unknown/unknown
[MetadataExtraction] ✅ conway: documents/unknown/unknown
[MetadataExtraction] ✅ albany: documents/unknown/unknown
[MetadataExtraction] ✅ conway: documents/unknown/unknown
[MetadataExtraction] ✅ conway: documents/unknown/unknown
[MetadataExtraction] ✅ conway: documents/unknown/unknown
[MetadataExtraction] ✅ conway: forms/unknown/2012
[MetadataExtraction] ✅ conway: documents/unknown/2007
[MetadataExtraction] ✅ conway: documents/unknown/unknown
[MetadataExtraction] ✅ conway: reports/unknown/unknown
[MetadataExtraction] ✅ conway: forms/unknown/unknown
[MetadataExtraction] ✅ conway: documents/unknown/2010
[MetadataExtraction] ✅ conway: documents/unknown/2024
[MetadataExtraction] ✅ conway: documents/unknown/unknown
[MetadataExtraction] ✅ conway: documents/unknown/2023
[MetadataExtraction] ✅ conway: documents/unknown/unknown
[MetadataExtraction] ✅ conway: reports/unknown/unknown
[MetadataExtraction] ✅ conway: documents/unknown/unknown
[MetadataExtraction] ✅ conway: documents/unknown/unknown
[MetadataExtraction] ✅ conway: documents/unknown/2024
[MetadataExtraction] ✅ conway: documents/unknown/unknown
[MetadataExtraction] ✅ conway: documents/unknown/2024
[MetadataExtraction] ✅ conway: documents/unknown/unknown
[MetadataExtraction] ✅ conway: documents/unknown/unknown
[MetadataExtraction] ✅ conway: documents/unknown/unknown
[MetadataExtraction] ✅ conway: documents/unknown/2018
[MetadataExtraction] ✅ conway: documents/unknown/2024
[MetadataExtraction] ✅ conway: forms/unknown/unknown

📊 Progress:
   Batch: 100 extracted, 0 failed
   Total: 100 extracted, 0 failed
   Remaining: 5626 documents
   Rate: 11009.2 docs/min
   Elapsed: 0.0 minutes
   ETA: 0.5 minutes

======================================================================
📦 Batch 2
======================================================================
[MetadataExtraction] Processing 100 documents...
[MetadataExtraction] ✅ conway: documents/unknown/unknown
[MetadataExtraction] ✅ conway: documents/unknown/unknown
[MetadataExtraction] ✅ conway: documents/unknown/2025
[MetadataExtraction] ✅ conway: documents/unknown/2009
[MetadataExtraction] ✅ conway: forms/unknown/2024
[MetadataExtraction] ✅ conway: documents/unknown/2023
[MetadataExtraction] ✅ conway: documents/unknown/unknown
[MetadataExtraction] ✅ conway: documents/unknown/unknown
[MetadataExtraction] ✅ conway: documents/unknown/unknown
[MetadataExtraction] ✅ conway: documents/unknown/2017
[MetadataExtraction] ✅ conway: forms/unknown/2024
[MetadataExtraction] ✅ conway: documents/unknown/unknown
[MetadataExtraction] ✅ conway: documents/unknown/unknown
[MetadataExtraction] ✅ conway: documents/unknown/2003
[MetadataExtraction] ✅ conway: documents/unknown/unknown
[MetadataExtraction] ✅ conway: documents/unknown/unknown
[MetadataExtraction] ✅ conway: documents/unknown/2026
[MetadataExtraction] ✅ conway: budget/unknown/2025
[MetadataExtraction] ✅ conway: documents/unknown/2025
[MetadataExtraction] ✅ albany: documents/unknown/unknown
[MetadataExtraction] ✅ conway: forms/unknown/2022
[MetadataExtraction] ✅ albany: documents/unknown/unknown
[MetadataExtraction] ✅ albany: documents/unknown/unknown
[MetadataExtraction] ✅ conway: documents/unknown/unknown
[MetadataExtraction] ✅ conway: forms/unknown/unknown
[MetadataExtraction] ✅ conway: documents/unknown/unknown
[MetadataExtraction] ✅ conway: documents/unknown/unknown
[MetadataExtraction] ✅ conway: documents/unknown/unknown
[MetadataExtraction] ✅ conway: documents/unknown/2024
[MetadataExtraction] ✅ albany: documents/unknown/unknown
[MetadataExtraction] ✅ conway: documents/unknown/unknown
[MetadataExtraction] ✅ conway: documents/Zoning_Board/unknown
[MetadataExtraction] ✅ conway: documents/unknown/unknown
[MetadataExtraction] ✅ albany: documents/Board_of_Selectmen/unknown
[MetadataExtraction] ✅ conway: documents/unknown/unknown
[MetadataExtraction] ✅ conway: documents/unknown/unknown
[MetadataExtraction] ✅ conway: documents/unknown/2024
[MetadataExtraction] ✅ conway: documents/unknown/unknown
[MetadataExtraction] ✅ conway: documents/unknown/unknown
[MetadataExtraction] ✅ conway: documents/unknown/unknown
[MetadataExtraction] ✅ albany: minutes/Board_of_Selectmen/unknown
[MetadataExtraction] ✅ albany: documents/unknown/unknown
[MetadataExtraction] ✅ conway: forms/unknown/unknown
[MetadataExtraction] ✅ conway: documents/unknown/unknown
[MetadataExtraction] ✅ effingham: documents/unknown/2013
[MetadataExtraction] ✅ effingham: documents/unknown/2014
[MetadataExtraction] ✅ albany: documents/unknown/unknown
[MetadataExtraction] ✅ albany: documents/unknown/unknown
[MetadataExtraction] ✅ conway: documents/unknown/unknown
[MetadataExtraction] ✅ albany: documents/unknown/unknown
[MetadataExtraction] ✅ conway: documents/unknown/unknown
[MetadataExtraction] ✅ conway: documents/unknown/unknown
[MetadataExtraction] ✅ conway: documents/unknown/unknown
[MetadataExtraction] ✅ conway: documents/unknown/unknown
[MetadataExtraction] ✅ conway: documents/unknown/unknown
[MetadataExtraction] ✅ conway: documents/unknown/unknown
[MetadataExtraction] ✅ conway: documents/unknown/unknown
[MetadataExtraction] ✅ conway: documents/unknown/unknown
[MetadataExtraction] ✅ conway: documents/unknown/unknown
[MetadataExtraction] ✅ conway: documents/unknown/unknown
[MetadataExtraction] ✅ conway: documents/unknown/unknown
[MetadataExtraction] ✅ conway: documents/unknown/unknown
[MetadataExtraction] ✅ albany: documents/unknown/unknown
[MetadataExtraction] ✅ effingham: documents/unknown/2016
[MetadataExtraction] ✅ conway: documents/unknown/unknown
[MetadataExtraction] ✅ conway: documents/unknown/unknown
[MetadataExtraction] ✅ conway: documents/unknown/unknown
[MetadataExtraction] ✅ conway: documents/unknown/unknown
[MetadataExtraction] ✅ conway: documents/unknown/unknown
[MetadataExtraction] ✅ conway: documents/unknown/unknown
[MetadataExtraction] ✅ conway: documents/unknown/unknown
[MetadataExtraction] ✅ conway: documents/unknown/unknown
[MetadataExtraction] ✅ conway: documents/unknown/unknown
[MetadataExtraction] ✅ conway: documents/unknown/unknown
[MetadataExtraction] ✅ conway: documents/unknown/unknown
[MetadataExtraction] ✅ conway: documents/unknown/unknown
[MetadataExtraction] ✅ effingham: documents/unknown/unknown
[MetadataExtraction] ✅ conway: documents/unknown/unknown
[MetadataExtraction] ✅ effingham: documents/unknown/2022
[MetadataExtraction] ✅ conway: documents/unknown/unknown
[MetadataExtraction] ✅ conway: documents/unknown/unknown
[MetadataExtraction] ✅ effingham: reports/unknown/2025
[MetadataExtraction] ✅ effingham: ordinances/unknown/unknown
[MetadataExtraction] ✅ effingham: ordinances/unknown/unknown
[MetadataExtraction] ✅ conway: documents/unknown/unknown
[MetadataExtraction] ✅ conway: documents/unknown/unknown
[MetadataExtraction] ✅ albany: documents/unknown/unknown
[MetadataExtraction] ✅ albany: documents/unknown/unknown
[MetadataExtraction] ✅ effingham: ordinances/unknown/2019
[MetadataExtraction] ✅ moultonborough: documents/unknown/unknown
[MetadataExtraction] ✅ tamworth: agendas/unknown/2025
[MetadataExtraction] ✅ conway: documents/unknown/unknown
[MetadataExtraction] ✅ conway: documents/unknown/unknown
[MetadataExtraction] ✅ albany: documents/unknown/unknown
[MetadataExtraction] ✅ albany: documents/unknown/unknown
[MetadataExtraction] ✅ conway: documents/unknown/unknown
[MetadataExtraction] ✅ albany: documents/unknown/unknown
[MetadataExtraction] ✅ conway: documents/unknown/unknown
[MetadataExtraction] ✅ moultonborough: documents/unknown/unknown
[MetadataExtraction] ✅ effingham: documents/unknown/2025

📊 Progress:
   Batch: 100 extracted, 0 failed
   Total: 200 extracted, 0 failed
   Remaining: 5526 documents
   Rate: 5808.3 docs/min
   Elapsed: 0.0 minutes
   ETA: 1.0 minutes

======================================================================
📦 Batch 3
======================================================================
[MetadataExtraction] Processing 100 documents...
[MetadataExtraction] ✅ conway: documents/unknown/unknown
[MetadataExtraction] ✅ effingham: budget/unknown/2025
[MetadataExtraction] ✅ effingham: budget/Budget_Committee/unknown
[MetadataExtraction] ✅ effingham: documents/unknown/2025
[MetadataExtraction] ✅ effingham: documents/unknown/2025
[MetadataExtraction] ✅ conway: documents/unknown/unknown
[MetadataExtraction] ✅ effingham: documents/unknown/unknown
[MetadataExtraction] ✅ tamworth: agendas/unknown/2025
[MetadataExtraction] ✅ moultonborough: agendas/unknown/2022
[MetadataExtraction] ✅ moultonborough: agendas/unknown/2025
[MetadataExtraction] ✅ freedom: documents/unknown/2025
[MetadataExtraction] ✅ conway: documents/unknown/unknown
[MetadataExtraction] ✅ effingham: documents/unknown/unknown
[MetadataExtraction] ✅ effingham: documents/unknown/unknown
[MetadataExtraction] ✅ effingham: documents/unknown/unknown
[MetadataExtraction] ✅ effingham: documents/unknown/unknown
[MetadataExtraction] ✅ conway: documents/unknown/unknown
[MetadataExtraction] ✅ effingham: documents/unknown/2025
[MetadataExtraction] ✅ conway: documents/unknown/unknown
[MetadataExtraction] ✅ effingham: ordinances/unknown/unknown
[MetadataExtraction] ✅ conway: documents/unknown/unknown
[MetadataExtraction] ✅ conway: documents/unknown/unknown
[MetadataExtraction] ✅ albany: documents/unknown/unknown
[MetadataExtraction] ✅ freedom: ordinances/unknown/2024
[MetadataExtraction] ✅ conway: documents/unknown/unknown
[MetadataExtraction] ✅ conway: documents/unknown/unknown
[MetadataExtraction] ✅ effingham: documents/unknown/unknown
[MetadataExtraction] ✅ conway: documents/unknown/unknown
[MetadataExtraction] ✅ effingham: documents/unknown/2024
[MetadataExtraction] ✅ conway: documents/unknown/unknown
[MetadataExtraction] ✅ conway: documents/unknown/unknown
[MetadataExtraction] ✅ effingham: documents/unknown/2022
[MetadataExtraction] ✅ moultonborough: documents/unknown/unknown
[MetadataExtraction] ✅ conway: documents/unknown/unknown
[MetadataExtraction] ✅ effingham: agendas/unknown/2025
[MetadataExtraction] ✅ conway: documents/unknown/unknown
[MetadataExtraction] ✅ effingham: documents/unknown/2020
[MetadataExtraction] ✅ effingham: documents/unknown/unknown
[MetadataExtraction] ✅ effingham: documents/unknown/unknown
[MetadataExtraction] ✅ conway: documents/unknown/unknown
[MetadataExtraction] ✅ effingham: documents/unknown/unknown
[MetadataExtraction] ✅ conway: documents/unknown/unknown
[MetadataExtraction] ✅ conway: documents/unknown/unknown
[MetadataExtraction] ✅ albany: documents/unknown/unknown
[MetadataExtraction] ✅ albany: documents/unknown/unknown
[MetadataExtraction] ✅ tamworth: minutes/unknown/2025
[MetadataExtraction] ✅ effingham: documents/unknown/2017
[MetadataExtraction] ✅ conway: documents/unknown/unknown
[MetadataExtraction] ✅ moultonborough: agendas/unknown/2025
[MetadataExtraction] ✅ conway: documents/unknown/unknown
[MetadataExtraction] ✅ conway: documents/unknown/unknown
[MetadataExtraction] ✅ conway: documents/unknown/unknown
[MetadataExtraction] ✅ conway: documents/unknown/unknown
[MetadataExtraction] ✅ conway: documents/unknown/unknown
[MetadataExtraction] ✅ conway: reports/unknown/unknown
[MetadataExtraction] ✅ conway: reports/unknown/2018
[MetadataExtraction] ✅ conway: reports/unknown/2019
[MetadataExtraction] ✅ conway: reports/unknown/2021
[MetadataExtraction] ✅ conway: reports/unknown/unknown
[MetadataExtraction] ✅ effingham: documents/Planning_Board/unknown
[MetadataExtraction] ✅ harts-location: documents/unknown/unknown
[MetadataExtraction] ✅ harts-location: documents/unknown/unknown
[MetadataExtraction] ✅ harts-location: documents/unknown/unknown
[MetadataExtraction] ✅ harts-location: documents/unknown/unknown
[MetadataExtraction] ✅ harts-location: documents/unknown/unknown
[MetadataExtraction] ✅ harts-location: documents/unknown/unknown
[MetadataExtraction] ✅ harts-location: documents/unknown/unknown
[MetadataExtraction] ✅ harts-location: documents/unknown/unknown
[MetadataExtraction] ✅ harts-location: documents/unknown/unknown
[MetadataExtraction] ✅ harts-location: documents/unknown/unknown
[MetadataExtraction] ✅ harts-location: documents/unknown/unknown
[MetadataExtraction] ✅ harts-location: documents/unknown/unknown
[MetadataExtraction] ✅ harts-location: documents/unknown/unknown
[MetadataExtraction] ✅ harts-location: documents/unknown/unknown
[MetadataExtraction] ✅ harts-location: documents/unknown/unknown
[MetadataExtraction] ✅ harts-location: documents/unknown/unknown
[MetadataExtraction] ✅ harts-location: documents/unknown/unknown
[MetadataExtraction] ✅ harts-location: documents/unknown/unknown
[MetadataExtraction] ✅ conway: documents/unknown/unknown
[MetadataExtraction] ✅ effingham: documents/unknown/2022
[MetadataExtraction] ✅ harts-location: documents/unknown/unknown
[MetadataExtraction] ✅ harts-location: documents/unknown/unknown
[MetadataExtraction] ✅ harts-location: documents/unknown/unknown
[MetadataExtraction] ✅ harts-location: documents/unknown/unknown
[MetadataExtraction] ✅ harts-location: documents/unknown/unknown
[MetadataExtraction] ✅ harts-location: documents/unknown/unknown
[MetadataExtraction] ✅ harts-location: documents/unknown/unknown
[MetadataExtraction] ✅ harts-location: documents/unknown/unknown
[MetadataExtraction] ✅ harts-location: documents/unknown/unknown
[MetadataExtraction] ✅ harts-location: documents/unknown/unknown
[MetadataExtraction] ✅ harts-location: documents/unknown/unknown
[MetadataExtraction] ✅ harts-location: documents/unknown/unknown
[MetadataExtraction] ✅ harts-location: documents/unknown/unknown
[MetadataExtraction] ✅ harts-location: documents/unknown/unknown
[MetadataExtraction] ✅ harts-location: documents/unknown/2020
[MetadataExtraction] ✅ harts-location: documents/unknown/2020
[MetadataExtraction] ✅ harts-location: documents/unknown/2020
[MetadataExtraction] ✅ harts-location: documents/unknown/2020
[MetadataExtraction] ✅ moultonborough: agendas/unknown/2022
[MetadataExtraction] ✅ harts-location: documents/Zoning_Board/2026

📊 Progress:
   Batch: 100 extracted, 0 failed
   Total: 300 extracted, 0 failed
   Remaining: 5426 documents
   Rate: 5009.7 docs/min
   Elapsed: 0.1 minutes
   ETA: 1.1 minutes

======================================================================
📦 Batch 4
======================================================================
[MetadataExtraction] Processing 100 documents...
[MetadataExtraction] ✅ harts-location: documents/Planning_Board/2026
[MetadataExtraction] ✅ harts-location: documents/unknown/2026
[MetadataExtraction] ✅ harts-location: documents/unknown/2026
[MetadataExtraction] ✅ harts-location: documents/unknown/2025
[MetadataExtraction] ✅ harts-location: documents/unknown/2025
[MetadataExtraction] ✅ harts-location: documents/unknown/unknown
[MetadataExtraction] ✅ harts-location: documents/unknown/2024
[MetadataExtraction] ✅ harts-location: documents/unknown/unknown
[MetadataExtraction] ✅ harts-location: documents/unknown/unknown
[MetadataExtraction] ✅ harts-location: reports/unknown/2021
[MetadataExtraction] ✅ harts-location: documents/unknown/2025
[MetadataExtraction] ✅ harts-location: ordinances/unknown/unknown
[MetadataExtraction] ✅ harts-location: ordinances/unknown/2025
[MetadataExtraction] ✅ harts-location: ordinances/unknown/unknown
[MetadataExtraction] ✅ harts-location: documents/unknown/2018
[MetadataExtraction] ✅ freedom: documents/unknown/2025
[MetadataExtraction] ✅ harts-location: documents/unknown/unknown
[MetadataExtraction] ✅ harts-location: forms/unknown/2025
[MetadataExtraction] ✅ harts-location: reports/unknown/2024
[MetadataExtraction] ✅ harts-location: reports/unknown/2023
[MetadataExtraction] ✅ harts-location: reports/unknown/2021
[MetadataExtraction] ✅ harts-location: reports/unknown/2020
[MetadataExtraction] ✅ harts-location: reports/unknown/2019
[MetadataExtraction] ✅ harts-location: reports/unknown/2018
[MetadataExtraction] ✅ harts-location: reports/unknown/2016
[MetadataExtraction] ✅ harts-location: reports/unknown/2015
[MetadataExtraction] ✅ bartlett: documents/unknown/unknown
[MetadataExtraction] ✅ bartlett: documents/unknown/2016
[MetadataExtraction] ✅ bartlett: documents/unknown/unknown
[MetadataExtraction] ✅ bartlett: documents/unknown/unknown
[MetadataExtraction] ✅ bartlett: ordinances/unknown/unknown
[MetadataExtraction] ✅ harts-location: documents/unknown/unknown
[MetadataExtraction] ✅ effingham: documents/unknown/2025
[MetadataExtraction] ✅ bartlett: documents/unknown/unknown
[MetadataExtraction] ✅ bartlett: documents/Zoning_Board/unknown
[MetadataExtraction] ✅ bartlett: documents/Zoning_Board/unknown
[MetadataExtraction] ✅ bartlett: documents/unknown/unknown
[MetadataExtraction] ✅ bartlett: documents/unknown/unknown
[MetadataExtraction] ✅ bartlett: documents/unknown/unknown
[MetadataExtraction] ✅ bartlett: forms/unknown/unknown
[MetadataExtraction] ✅ bartlett: documents/unknown/unknown
[MetadataExtraction] ✅ bartlett: documents/unknown/unknown
[MetadataExtraction] ✅ bartlett: documents/unknown/unknown
[MetadataExtraction] ✅ bartlett: documents/unknown/unknown
[MetadataExtraction] ✅ bartlett: documents/unknown/unknown
[MetadataExtraction] ✅ bartlett: documents/unknown/unknown
[MetadataExtraction] ✅ bartlett: documents/unknown/unknown
[MetadataExtraction] ✅ bartlett: documents/unknown/unknown
[MetadataExtraction] ✅ bartlett: documents/unknown/unknown
[MetadataExtraction] ✅ bartlett: documents/unknown/unknown
[MetadataExtraction] ✅ bartlett: documents/unknown/unknown
[MetadataExtraction] ✅ bartlett: documents/unknown/unknown
[MetadataExtraction] ✅ bartlett: documents/unknown/unknown
[MetadataExtraction] ✅ bartlett: documents/unknown/unknown
[MetadataExtraction] ✅ bartlett: ordinances/unknown/2022
[MetadataExtraction] ✅ bartlett: agendas/unknown/2023
[MetadataExtraction] ✅ bartlett: minutes/unknown/2023
[MetadataExtraction] ✅ bartlett: agendas/unknown/2023
[MetadataExtraction] ✅ bartlett: agendas/unknown/2023
[MetadataExtraction] ✅ bartlett: agendas/unknown/2025
[MetadataExtraction] ✅ bartlett: agendas/unknown/2025
[MetadataExtraction] ✅ bartlett: agendas/unknown/2025
[MetadataExtraction] ✅ bartlett: agendas/unknown/2025
[MetadataExtraction] ✅ bartlett: minutes/unknown/2025
[MetadataExtraction] ✅ bartlett: agendas/unknown/2025
[MetadataExtraction] ✅ bartlett: agendas/unknown/2025
[MetadataExtraction] ✅ bartlett: agendas/unknown/2025
[MetadataExtraction] ✅ moultonborough: agendas/unknown/2022
[MetadataExtraction] ✅ bartlett: agendas/unknown/2025
[MetadataExtraction] ✅ bartlett: agendas/unknown/2025
[MetadataExtraction] ✅ bartlett: minutes/unknown/2025
[MetadataExtraction] ✅ bartlett: agendas/unknown/2025
[MetadataExtraction] ✅ bartlett: agendas/unknown/2025
[MetadataExtraction] ✅ bartlett: agendas/unknown/2025
[MetadataExtraction] ✅ bartlett: minutes/unknown/2025
[MetadataExtraction] ✅ bartlett: agendas/unknown/2025
[MetadataExtraction] ✅ bartlett: agendas/unknown/2025
[MetadataExtraction] ✅ bartlett: minutes/unknown/2025
[MetadataExtraction] ✅ bartlett: agendas/unknown/2025
[MetadataExtraction] ✅ bartlett: agendas/unknown/2025
[MetadataExtraction] ✅ bartlett: agendas/unknown/2025
[MetadataExtraction] ✅ bartlett: minutes/unknown/2025
[MetadataExtraction] ✅ bartlett: agendas/unknown/2025
[MetadataExtraction] ✅ bartlett: agendas/unknown/2025
[MetadataExtraction] ✅ bartlett: minutes/unknown/2025
[MetadataExtraction] ✅ bartlett: agendas/unknown/2025
[MetadataExtraction] ✅ bartlett: agendas/unknown/2025
[MetadataExtraction] ✅ moultonborough: minutes/unknown/2020
[MetadataExtraction] ✅ bartlett: minutes/unknown/2025
[MetadataExtraction] ✅ bartlett: agendas/unknown/2025
[MetadataExtraction] ✅ bartlett: agendas/unknown/2025
[MetadataExtraction] ✅ bartlett: minutes/unknown/2025
[MetadataExtraction] ✅ bartlett: agendas/unknown/2025
[MetadataExtraction] ✅ bartlett: agendas/unknown/2025
[MetadataExtraction] ✅ bartlett: agendas/unknown/2025
[MetadataExtraction] ✅ bartlett: minutes/unknown/2025
[MetadataExtraction] ✅ bartlett: agendas/unknown/2025
[MetadataExtraction] ✅ bartlett: agendas/unknown/2025
[MetadataExtraction] ✅ bartlett: minutes/unknown/2025
[MetadataExtraction] ✅ bartlett: agendas/unknown/2025

📊 Progress:
   Batch: 100 extracted, 0 failed
   Total: 400 extracted, 0 failed
   Remaining: 5326 documents
   Rate: 4686.6 docs/min
   Elapsed: 0.1 minutes
   ETA: 1.1 minutes

======================================================================
📦 Batch 5
======================================================================
[MetadataExtraction] Processing 100 documents...
[MetadataExtraction] ✅ bartlett: agendas/unknown/2025
[MetadataExtraction] ✅ bartlett: agendas/unknown/2025
[MetadataExtraction] ✅ bartlett: agendas/unknown/2025
[MetadataExtraction] ✅ bartlett: agendas/unknown/2025
[MetadataExtraction] ✅ bartlett: agendas/unknown/2025
[MetadataExtraction] ✅ bartlett: minutes/unknown/2025
[MetadataExtraction] ✅ bartlett: agendas/unknown/2025
[MetadataExtraction] ✅ moultonborough: agendas/unknown/2092
[MetadataExtraction] ✅ bartlett: agendas/unknown/2025
[MetadataExtraction] ✅ bartlett: agendas/unknown/2025
[MetadataExtraction] ✅ bartlett: agendas/unknown/2025
[MetadataExtraction] ✅ bartlett: agendas/unknown/2025
[MetadataExtraction] ✅ bartlett: minutes/unknown/2025
[MetadataExtraction] ✅ bartlett: agendas/unknown/2025
[MetadataExtraction] ✅ bartlett: agendas/unknown/2025
[MetadataExtraction] ✅ bartlett: agendas/unknown/2025
[MetadataExtraction] ✅ bartlett: agendas/unknown/2025
[MetadataExtraction] ✅ bartlett: agendas/unknown/2025
[MetadataExtraction] ✅ bartlett: agendas/unknown/2025
[MetadataExtraction] ✅ bartlett: minutes/unknown/2025
[MetadataExtraction] ✅ bartlett: agendas/unknown/2025
[MetadataExtraction] ✅ bartlett: agendas/unknown/2025
[MetadataExtraction] ✅ bartlett: minutes/unknown/2025
[MetadataExtraction] ✅ bartlett: agendas/unknown/2025
[MetadataExtraction] ✅ bartlett: agendas/unknown/2025
[MetadataExtraction] ✅ bartlett: agendas/unknown/2025
[MetadataExtraction] ✅ bartlett: minutes/unknown/2025
[MetadataExtraction] ✅ moultonborough: minutes/unknown/2022
[MetadataExtraction] ✅ bartlett: agendas/unknown/2025
[MetadataExtraction] ✅ bartlett: agendas/unknown/2025
[MetadataExtraction] ✅ bartlett: agendas/unknown/2025
[MetadataExtraction] ✅ bartlett: agendas/unknown/2025
[MetadataExtraction] ✅ bartlett: agendas/unknown/2025
[MetadataExtraction] ✅ bartlett: minutes/unknown/2025
[MetadataExtraction] ✅ bartlett: agendas/unknown/2025
[MetadataExtraction] ✅ bartlett: agendas/unknown/2025
[MetadataExtraction] ✅ bartlett: minutes/unknown/2025
[MetadataExtraction] ✅ bartlett: agendas/unknown/2025
[MetadataExtraction] ✅ bartlett: minutes/unknown/2025
[MetadataExtraction] ✅ bartlett: agendas/unknown/2025
[MetadataExtraction] ✅ bartlett: agendas/unknown/2025
[MetadataExtraction] ✅ bartlett: agendas/unknown/2025
[MetadataExtraction] ✅ bartlett: agendas/unknown/2025
[MetadataExtraction] ✅ bartlett: agendas/unknown/2025
[MetadataExtraction] ✅ bartlett: agendas/unknown/2022
[MetadataExtraction] ✅ bartlett: agendas/unknown/2026
[MetadataExtraction] ✅ bartlett: minutes/unknown/2026
[MetadataExtraction] ✅ effingham: documents/unknown/unknown
[MetadataExtraction] ✅ bartlett: agendas/unknown/2025
[MetadataExtraction] ✅ bartlett: agendas/unknown/2025
[MetadataExtraction] ✅ bartlett: minutes/unknown/2025
[MetadataExtraction] ✅ bartlett: agendas/unknown/2025
[MetadataExtraction] ✅ bartlett: agendas/unknown/2025
[MetadataExtraction] ✅ bartlett: minutes/unknown/2025
[MetadataExtraction] ✅ bartlett: agendas/unknown/2025
[MetadataExtraction] ✅ bartlett: agendas/unknown/2025
[MetadataExtraction] ✅ bartlett: agendas/unknown/2025
[MetadataExtraction] ✅ bartlett: agendas/unknown/2025
[MetadataExtraction] ✅ bartlett: agendas/unknown/2025
[MetadataExtraction] ✅ bartlett: agendas/unknown/2025
[MetadataExtraction] ✅ bartlett: minutes/unknown/2025
[MetadataExtraction] ✅ bartlett: agendas/unknown/2025
[MetadataExtraction] ✅ bartlett: agendas/unknown/2025
[MetadataExtraction] ✅ bartlett: agendas/unknown/2025
[MetadataExtraction] ✅ bartlett: agendas/unknown/2025
[MetadataExtraction] ✅ bartlett: agendas/unknown/2025
[MetadataExtraction] ✅ bartlett: minutes/unknown/2025
[MetadataExtraction] ✅ effingham: documents/unknown/2025
[MetadataExtraction] ✅ bartlett: agendas/unknown/2025
[MetadataExtraction] ✅ bartlett: documents/unknown/2015
[MetadataExtraction] ✅ bartlett: documents/unknown/2015
[MetadataExtraction] ✅ bartlett: forms/unknown/2016
[MetadataExtraction] ✅ bartlett: documents/unknown/2016
[MetadataExtraction] ✅ bartlett: documents/unknown/2016
[MetadataExtraction] ✅ bartlett: reports/unknown/2016
[MetadataExtraction] ✅ bartlett: documents/unknown/2017
[MetadataExtraction] ✅ bartlett: documents/unknown/2017
[MetadataExtraction] ✅ bartlett: documents/unknown/2017
[MetadataExtraction] ✅ bartlett: documents/unknown/2017
[MetadataExtraction] ✅ bartlett: reports/unknown/2018
[MetadataExtraction] ✅ bartlett: budget/unknown/2018
[MetadataExtraction] ✅ bartlett: budget/unknown/2019
[MetadataExtraction] ✅ bartlett: reports/unknown/2019
[MetadataExtraction] ✅ bartlett: forms/unknown/2020
[MetadataExtraction] ✅ bartlett: forms/unknown/2020
[MetadataExtraction] ✅ effingham: documents/unknown/unknown
[MetadataExtraction] ✅ moultonborough: documents/unknown/unknown
[MetadataExtraction] ✅ bartlett: documents/unknown/2020
[MetadataExtraction] ✅ bartlett: documents/unknown/2020
[MetadataExtraction] ✅ bartlett: documents/unknown/2021
[MetadataExtraction] ✅ bartlett: documents/unknown/2021
[MetadataExtraction] ✅ bartlett: documents/unknown/2021
[MetadataExtraction] ✅ bartlett: documents/unknown/2022
[MetadataExtraction] ✅ bartlett: documents/unknown/2022
[MetadataExtraction] ✅ bartlett: documents/unknown/2022
[MetadataExtraction] ✅ bartlett: documents/unknown/2022
[MetadataExtraction] ✅ bartlett: documents/unknown/2023
[MetadataExtraction] ✅ bartlett: documents/unknown/2023
[MetadataExtraction] ✅ bartlett: documents/unknown/2023
[MetadataExtraction] ✅ bartlett: documents/unknown/2024

📊 Progress:
   Batch: 100 extracted, 0 failed
   Total: 500 extracted, 0 failed
   Remaining: 5226 documents
   Rate: 4495.7 docs/min
   Elapsed: 0.1 minutes
   ETA: 1.2 minutes

======================================================================
📦 Batch 6
======================================================================
[MetadataExtraction] Processing 100 documents...
[MetadataExtraction] ✅ bartlett: documents/unknown/2024
[MetadataExtraction] ✅ bartlett: documents/unknown/2024
[MetadataExtraction] ✅ bartlett: forms/unknown/2024
[MetadataExtraction] ✅ bartlett: documents/unknown/2023
[MetadataExtraction] ✅ moultonborough: documents/unknown/unknown
[MetadataExtraction] ✅ bartlett: forms/unknown/unknown
[MetadataExtraction] ✅ bartlett: documents/unknown/unknown
[MetadataExtraction] ✅ bartlett: documents/unknown/unknown
[MetadataExtraction] ✅ bartlett: documents/unknown/unknown
[MetadataExtraction] ✅ bartlett: documents/unknown/2018
[MetadataExtraction] ✅ bartlett: documents/unknown/2018
[MetadataExtraction] ✅ bartlett: documents/unknown/2018
[MetadataExtraction] ✅ bartlett: documents/unknown/2019
[MetadataExtraction] ✅ bartlett: documents/unknown/2022
[MetadataExtraction] ✅ bartlett: documents/unknown/2020
[MetadataExtraction] ✅ bartlett: documents/unknown/2018
[MetadataExtraction] ✅ bartlett: documents/unknown/2019
[MetadataExtraction] ✅ bartlett: documents/unknown/unknown
[MetadataExtraction] ✅ bartlett: reports/unknown/2018
[MetadataExtraction] ✅ bartlett: documents/unknown/unknown
[MetadataExtraction] ✅ bartlett: minutes/Board_of_Selectmen/2019
[MetadataExtraction] ✅ albany: documents/unknown/2018
[MetadataExtraction] ✅ effingham: ordinances/unknown/2024
[MetadataExtraction] ✅ bartlett: documents/unknown/unknown
[MetadataExtraction] ✅ bartlett: documents/unknown/unknown
[MetadataExtraction] ✅ bartlett: documents/unknown/2018
[MetadataExtraction] ✅ bartlett: documents/unknown/2019
[MetadataExtraction] ✅ bartlett: documents/unknown/2018
[MetadataExtraction] ✅ bartlett: documents/unknown/2022
[MetadataExtraction] ✅ bartlett: documents/unknown/unknown
[MetadataExtraction] ✅ bartlett: reports/unknown/2015
[MetadataExtraction] ✅ bartlett: reports/unknown/2017
[MetadataExtraction] ✅ bartlett: documents/unknown/2016
[MetadataExtraction] ✅ effingham: documents/unknown/2020
[MetadataExtraction] ✅ bartlett: documents/unknown/2017
[MetadataExtraction] ✅ bartlett: documents/unknown/2017
[MetadataExtraction] ✅ bartlett: forms/unknown/2020
[MetadataExtraction] ✅ bartlett: forms/unknown/2020
[MetadataExtraction] ✅ effingham: forms/Zoning_Board/2018
[MetadataExtraction] ✅ bartlett: documents/unknown/2022
[MetadataExtraction] ✅ bartlett: documents/unknown/2023
[MetadataExtraction] ✅ bartlett: documents/unknown/2024
[MetadataExtraction] ✅ bartlett: documents/unknown/unknown
[MetadataExtraction] ✅ bartlett: forms/unknown/unknown
[MetadataExtraction] ✅ effingham: documents/unknown/unknown
[MetadataExtraction] ✅ bartlett: documents/unknown/2018
[MetadataExtraction] ✅ bartlett: documents/unknown/2019
[MetadataExtraction] ✅ bartlett: documents/unknown/unknown
[MetadataExtraction] ✅ bartlett: documents/unknown/2019
[MetadataExtraction] ✅ bartlett: documents/unknown/2019
[MetadataExtraction] ✅ bartlett: documents/unknown/2024
[MetadataExtraction] ✅ bartlett: documents/unknown/2024
[MetadataExtraction] ✅ bartlett: documents/unknown/unknown
[MetadataExtraction] ✅ bartlett: documents/unknown/unknown
[MetadataExtraction] ✅ bartlett: documents/unknown/unknown
[MetadataExtraction] ✅ bartlett: documents/unknown/unknown
[MetadataExtraction] ✅ bartlett: forms/unknown/unknown
[MetadataExtraction] ✅ bartlett: ordinances/unknown/unknown
[MetadataExtraction] ✅ bartlett: ordinances/unknown/unknown
[MetadataExtraction] ✅ bartlett: forms/unknown/unknown
[MetadataExtraction] ✅ bartlett: ordinances/unknown/unknown
[MetadataExtraction] ✅ bartlett: documents/unknown/unknown
[MetadataExtraction] ✅ effingham: documents/unknown/unknown
[MetadataExtraction] ✅ bartlett: ordinances/unknown/unknown
[MetadataExtraction] ✅ bartlett: documents/unknown/2016
[MetadataExtraction] ✅ bartlett: ordinances/unknown/unknown
[MetadataExtraction] ✅ bartlett: ordinances/unknown/unknown
[MetadataExtraction] ✅ bartlett: ordinances/unknown/unknown
[MetadataExtraction] ✅ bartlett: ordinances/unknown/unknown
[MetadataExtraction] ✅ bartlett: documents/unknown/unknown
[MetadataExtraction] ✅ bartlett: documents/unknown/unknown
[MetadataExtraction] ✅ bartlett: ordinances/unknown/2019
[MetadataExtraction] ✅ bartlett: ordinances/unknown/2022
[MetadataExtraction] ✅ bartlett: documents/unknown/2022
[MetadataExtraction] ✅ bartlett: ordinances/unknown/unknown
[MetadataExtraction] ✅ effingham: documents/unknown/unknown
[MetadataExtraction] ✅ brookfield: reports/unknown/2020
[MetadataExtraction] ✅ brookfield: reports/unknown/2019
[MetadataExtraction] ✅ brookfield: reports/unknown/2018
[MetadataExtraction] ✅ brookfield: documents/unknown/2025
[MetadataExtraction] ✅ brookfield: forms/unknown/unknown
[MetadataExtraction] ✅ albany: documents/unknown/2020
[MetadataExtraction] ✅ brookfield: documents/unknown/unknown
[MetadataExtraction] ✅ albany: documents/unknown/unknown
[MetadataExtraction] ✅ brookfield: documents/unknown/2026
[MetadataExtraction] ✅ brookfield: documents/unknown/2025
[MetadataExtraction] ✅ brookfield: documents/unknown/unknown
[MetadataExtraction] ✅ brookfield: reports/unknown/unknown
[MetadataExtraction] ✅ brookfield: documents/unknown/2025
[MetadataExtraction] ✅ brookfield: documents/unknown/unknown
[MetadataExtraction] ✅ brookfield: documents/unknown/2024
[MetadataExtraction] ✅ brookfield: documents/unknown/unknown
[MetadataExtraction] ✅ brookfield: documents/unknown/2025
[MetadataExtraction] ✅ brookfield: documents/unknown/unknown
[MetadataExtraction] ✅ effingham: documents/unknown/unknown
[MetadataExtraction] ✅ brookfield: documents/unknown/unknown
[MetadataExtraction] ✅ brookfield: documents/unknown/unknown
[MetadataExtraction] ✅ brookfield: documents/unknown/unknown
[MetadataExtraction] ✅ brookfield: documents/unknown/2025
[MetadataExtraction] ✅ brookfield: documents/unknown/unknown

📊 Progress:
   Batch: 100 extracted, 0 failed
   Total: 600 extracted, 0 failed
   Remaining: 5126 documents
   Rate: 4386.0 docs/min
   Elapsed: 0.1 minutes
   ETA: 1.2 minutes

======================================================================
📦 Batch 7
======================================================================
[MetadataExtraction] Processing 100 documents...
[MetadataExtraction] ✅ brookfield: documents/unknown/2024
[MetadataExtraction] ✅ brookfield: minutes/unknown/2024
[MetadataExtraction] ✅ brookfield: documents/unknown/2024
[MetadataExtraction] ✅ brookfield: documents/unknown/2024
[MetadataExtraction] ✅ brookfield: documents/unknown/2025
[MetadataExtraction] ✅ brookfield: documents/unknown/2025
[MetadataExtraction] ✅ brookfield: documents/unknown/2025
[MetadataExtraction] ✅ brookfield: documents/unknown/2025
[MetadataExtraction] ✅ brookfield: documents/unknown/2022
[MetadataExtraction] ✅ brookfield: minutes/unknown/2025
[MetadataExtraction] ✅ effingham: documents/unknown/2019
[MetadataExtraction] ✅ brookfield: budget/unknown/2026
[MetadataExtraction] ✅ brookfield: documents/unknown/2024
[MetadataExtraction] ✅ brookfield: documents/unknown/unknown
[MetadataExtraction] ✅ brookfield: documents/unknown/2025
[MetadataExtraction] ✅ brookfield: documents/unknown/2025
[MetadataExtraction] ✅ brookfield: documents/unknown/2024
[MetadataExtraction] ✅ brookfield: documents/unknown/2024
[MetadataExtraction] ✅ brookfield: documents/unknown/2024
[MetadataExtraction] ✅ brookfield: documents/unknown/2024
[MetadataExtraction] ✅ brookfield: documents/unknown/2023
[MetadataExtraction] ✅ brookfield: documents/unknown/2023
[MetadataExtraction] ✅ moultonborough: documents/unknown/unknown
[MetadataExtraction] ✅ brookfield: documents/unknown/unknown
[MetadataExtraction] ✅ brookfield: forms/unknown/unknown
[MetadataExtraction] ✅ brookfield: documents/unknown/unknown
[MetadataExtraction] ✅ brookfield: documents/unknown/unknown
[MetadataExtraction] ✅ brookfield: ordinances/unknown/unknown
[MetadataExtraction] ✅ brookfield: ordinances/unknown/2020
[MetadataExtraction] ✅ brookfield: documents/unknown/2020
[MetadataExtraction] ✅ brookfield: documents/unknown/unknown
[MetadataExtraction] ✅ brookfield: documents/unknown/2019
[MetadataExtraction] ✅ brookfield: documents/unknown/2024
[MetadataExtraction] ✅ effingham: documents/unknown/unknown
[MetadataExtraction] ✅ brookfield: minutes/unknown/unknown
[MetadataExtraction] ✅ brookfield: minutes/unknown/2025
[MetadataExtraction] ✅ brookfield: documents/unknown/2020
[MetadataExtraction] ✅ brookfield: documents/unknown/2019
[MetadataExtraction] ✅ brookfield: documents/unknown/2017
[MetadataExtraction] ✅ brookfield: documents/unknown/2014
[MetadataExtraction] ✅ brookfield: documents/unknown/2014
[MetadataExtraction] ✅ brookfield: documents/unknown/2011
[MetadataExtraction] ✅ chatham: documents/unknown/2024
[MetadataExtraction] ✅ chatham: documents/unknown/2024
[MetadataExtraction] ✅ chatham: documents/unknown/2010
[MetadataExtraction] ✅ chatham: documents/unknown/unknown
[MetadataExtraction] ✅ effingham: documents/Conservation_Commission/2014
[MetadataExtraction] ✅ chatham: documents/unknown/2024
[MetadataExtraction] ✅ chatham: documents/unknown/unknown
[MetadataExtraction] ✅ chatham: minutes/unknown/2024
[MetadataExtraction] ✅ chatham: minutes/unknown/2024
[MetadataExtraction] ✅ chatham: minutes/unknown/2024
[MetadataExtraction] ✅ chatham: minutes/unknown/2024
[MetadataExtraction] ✅ chatham: minutes/unknown/2024
[MetadataExtraction] ✅ chatham: minutes/unknown/2023
[MetadataExtraction] ✅ chatham: minutes/unknown/2023
[MetadataExtraction] ✅ chatham: minutes/unknown/2023
[MetadataExtraction] ✅ chatham: minutes/unknown/2023
[MetadataExtraction] ✅ chatham: minutes/unknown/2023
[MetadataExtraction] ✅ chatham: minutes/Board_of_Selectmen/2023
[MetadataExtraction] ✅ chatham: minutes/Board_of_Selectmen/2023
[MetadataExtraction] ✅ chatham: minutes/Board_of_Selectmen/2023
[MetadataExtraction] ✅ chatham: minutes/unknown/2023
[MetadataExtraction] ✅ chatham: minutes/unknown/2023
[MetadataExtraction] ✅ effingham: reports/unknown/unknown
[MetadataExtraction] ✅ chatham: minutes/Board_of_Selectmen/2022
[MetadataExtraction] ✅ chatham: minutes/Board_of_Selectmen/2022
[MetadataExtraction] ✅ chatham: minutes/Board_of_Selectmen/2022
[MetadataExtraction] ✅ chatham: minutes/Board_of_Selectmen/2022
[MetadataExtraction] ✅ chatham: minutes/Board_of_Selectmen/2022
[MetadataExtraction] ✅ chatham: minutes/unknown/2022
[MetadataExtraction] ✅ chatham: minutes/unknown/2022
[MetadataExtraction] ✅ chatham: minutes/Board_of_Selectmen/2022
[MetadataExtraction] ✅ chatham: minutes/Board_of_Selectmen/2022
[MetadataExtraction] ✅ chatham: minutes/Board_of_Selectmen/2022
[MetadataExtraction] ✅ chatham: minutes/Board_of_Selectmen/2021
[MetadataExtraction] ✅ chatham: minutes/Board_of_Selectmen/2021
[MetadataExtraction] ✅ chatham: minutes/Board_of_Selectmen/2021
[MetadataExtraction] ✅ chatham: minutes/Board_of_Selectmen/2021
[MetadataExtraction] ✅ chatham: minutes/Board_of_Selectmen/2021
[MetadataExtraction] ✅ chatham: minutes/Board_of_Selectmen/2021
[MetadataExtraction] ✅ albany: documents/unknown/2020
[MetadataExtraction] ✅ moultonborough: documents/unknown/unknown
[MetadataExtraction] ✅ chatham: minutes/Board_of_Selectmen/2021
[MetadataExtraction] ✅ chatham: minutes/Board_of_Selectmen/2021
[MetadataExtraction] ✅ chatham: minutes/Board_of_Selectmen/2020
[MetadataExtraction] ✅ chatham: minutes/Board_of_Selectmen/2020
[MetadataExtraction] ✅ chatham: minutes/Board_of_Selectmen/2020
[MetadataExtraction] ✅ chatham: minutes/Board_of_Selectmen/2020
[MetadataExtraction] ✅ chatham: minutes/Board_of_Selectmen/2020
[MetadataExtraction] ✅ chatham: minutes/Board_of_Selectmen/2020
[MetadataExtraction] ✅ chatham: minutes/Board_of_Selectmen/2020
[MetadataExtraction] ✅ chatham: minutes/Board_of_Selectmen/2020
[MetadataExtraction] ✅ chatham: minutes/Board_of_Selectmen/2020
[MetadataExtraction] ✅ chatham: minutes/Board_of_Selectmen/2020
[MetadataExtraction] ✅ chatham: minutes/Board_of_Selectmen/2020
[MetadataExtraction] ✅ chatham: minutes/Board_of_Selectmen/2020
[MetadataExtraction] ✅ chatham: minutes/Board_of_Selectmen/2019
[MetadataExtraction] ✅ chatham: minutes/Board_of_Selectmen/2019
[MetadataExtraction] ✅ chatham: minutes/Board_of_Selectmen/2019

📊 Progress:
   Batch: 100 extracted, 0 failed
   Total: 700 extracted, 0 failed
   Remaining: 5026 documents
   Rate: 4275.7 docs/min
   Elapsed: 0.2 minutes
   ETA: 1.2 minutes

======================================================================
📦 Batch 8
======================================================================
[MetadataExtraction] Processing 100 documents...
[MetadataExtraction] ✅ chatham: minutes/Board_of_Selectmen/2019
[MetadataExtraction] ✅ effingham: documents/unknown/unknown
[MetadataExtraction] ✅ chatham: minutes/Board_of_Selectmen/2019
[MetadataExtraction] ✅ chatham: minutes/Board_of_Selectmen/2019
[MetadataExtraction] ✅ chatham: minutes/Board_of_Selectmen/2018
[MetadataExtraction] ✅ chatham: minutes/Board_of_Selectmen/2018
[MetadataExtraction] ✅ chatham: minutes/Board_of_Selectmen/2018
[MetadataExtraction] ✅ chatham: minutes/Board_of_Selectmen/2018
[MetadataExtraction] ✅ chatham: minutes/Board_of_Selectmen/2018
[MetadataExtraction] ✅ chatham: minutes/Board_of_Selectmen/2018
[MetadataExtraction] ✅ chatham: minutes/unknown/2018
[MetadataExtraction] ✅ chatham: minutes/unknown/2018
[MetadataExtraction] ✅ chatham: minutes/unknown/2018
[MetadataExtraction] ✅ chatham: minutes/unknown/2018
[MetadataExtraction] ✅ chatham: minutes/unknown/2017
[MetadataExtraction] ✅ chatham: minutes/unknown/2017
[MetadataExtraction] ✅ chatham: minutes/unknown/2017
[MetadataExtraction] ✅ chatham: minutes/unknown/2017
[MetadataExtraction] ✅ chatham: minutes/unknown/2017
[MetadataExtraction] ✅ effingham: documents/unknown/2006
[MetadataExtraction] ✅ chatham: minutes/unknown/2017
[MetadataExtraction] ✅ chatham: minutes/unknown/2017
[MetadataExtraction] ✅ chatham: minutes/unknown/2017
[MetadataExtraction] ✅ chatham: minutes/unknown/2017
[MetadataExtraction] ✅ chatham: minutes/unknown/2016
[MetadataExtraction] ✅ chatham: minutes/unknown/2016
[MetadataExtraction] ✅ chatham: minutes/unknown/2016
[MetadataExtraction] ✅ chatham: minutes/unknown/2016
[MetadataExtraction] ✅ chatham: minutes/unknown/2016
[MetadataExtraction] ✅ chatham: minutes/unknown/unknown
[MetadataExtraction] ✅ chatham: minutes/unknown/2016
[MetadataExtraction] ✅ chatham: minutes/unknown/2016
[MetadataExtraction] ✅ chatham: minutes/unknown/2016
[MetadataExtraction] ✅ chatham: minutes/unknown/2016
[MetadataExtraction] ✅ chatham: minutes/unknown/2015
[MetadataExtraction] ✅ chatham: minutes/unknown/2015
[MetadataExtraction] ✅ chatham: minutes/unknown/2015
[MetadataExtraction] ✅ effingham: documents/unknown/unknown
[MetadataExtraction] ✅ chatham: minutes/unknown/2015
[MetadataExtraction] ✅ chatham: minutes/unknown/2015
[MetadataExtraction] ✅ chatham: minutes/unknown/2015
[MetadataExtraction] ✅ chatham: minutes/unknown/2015
[MetadataExtraction] ✅ chatham: minutes/unknown/2015
[MetadataExtraction] ✅ chatham: minutes/unknown/2015
[MetadataExtraction] ✅ chatham: minutes/unknown/2015
[MetadataExtraction] ✅ chatham: minutes/unknown/2015
[MetadataExtraction] ✅ chatham: minutes/unknown/2015
[MetadataExtraction] ✅ chatham: minutes/unknown/2015
[MetadataExtraction] ✅ chatham: minutes/unknown/2015
[MetadataExtraction] ✅ chatham: minutes/unknown/2014
[MetadataExtraction] ✅ chatham: minutes/unknown/2014
[MetadataExtraction] ✅ chatham: minutes/unknown/2014
[MetadataExtraction] ✅ chatham: minutes/unknown/2014
[MetadataExtraction] ✅ chatham: minutes/unknown/2014
[MetadataExtraction] ✅ chatham: minutes/unknown/2014
[MetadataExtraction] ✅ effingham: documents/unknown/unknown
[MetadataExtraction] ✅ chatham: ordinances/unknown/unknown
[MetadataExtraction] ✅ chatham: documents/unknown/2014
[MetadataExtraction] ✅ chatham: minutes/unknown/2023
[MetadataExtraction] ✅ chatham: minutes/unknown/2023
[MetadataExtraction] ✅ chatham: minutes/unknown/2023
[MetadataExtraction] ✅ chatham: minutes/unknown/2023
[MetadataExtraction] ✅ chatham: minutes/Planning_Board/2022
[MetadataExtraction] ✅ chatham: minutes/Planning_Board/2022
[MetadataExtraction] ✅ chatham: minutes/Planning_Board/2022
[MetadataExtraction] ✅ chatham: minutes/unknown/2022
[MetadataExtraction] ✅ chatham: minutes/unknown/2022
[MetadataExtraction] ✅ chatham: minutes/unknown/2022
[MetadataExtraction] ✅ chatham: minutes/unknown/2022
[MetadataExtraction] ✅ chatham: minutes/Planning_Board/2022
[MetadataExtraction] ✅ chatham: minutes/Planning_Board/2022
[MetadataExtraction] ✅ chatham: minutes/Planning_Board/2022
[MetadataExtraction] ✅ effingham: documents/unknown/2021
[MetadataExtraction] ✅ chatham: minutes/Planning_Board/2021
[MetadataExtraction] ✅ chatham: minutes/Planning_Board/2021
[MetadataExtraction] ✅ chatham: minutes/Planning_Board/2021
[MetadataExtraction] ✅ chatham: minutes/Planning_Board/2021
[MetadataExtraction] ✅ chatham: minutes/Planning_Board/2021
[MetadataExtraction] ✅ chatham: minutes/Planning_Board/2021
[MetadataExtraction] ✅ chatham: minutes/Planning_Board/2021
[MetadataExtraction] ✅ chatham: minutes/Planning_Board/2020
[MetadataExtraction] ✅ chatham: minutes/Planning_Board/2020
[MetadataExtraction] ✅ chatham: minutes/Planning_Board/2020
[MetadataExtraction] ✅ chatham: minutes/Planning_Board/2020
[MetadataExtraction] ✅ chatham: minutes/Planning_Board/2020
[MetadataExtraction] ✅ chatham: minutes/Planning_Board/2020
[MetadataExtraction] ✅ chatham: minutes/Planning_Board/2020
[MetadataExtraction] ✅ chatham: minutes/Planning_Board/2020
[MetadataExtraction] ✅ albany: documents/unknown/2020
[MetadataExtraction] ✅ effingham: reports/unknown/2015
[MetadataExtraction] ✅ chatham: minutes/Planning_Board/2019
[MetadataExtraction] ✅ chatham: minutes/Planning_Board/2019
[MetadataExtraction] ✅ chatham: minutes/Planning_Board/2019
[MetadataExtraction] ✅ chatham: minutes/Planning_Board/2019
[MetadataExtraction] ✅ chatham: minutes/Planning_Board/2019
[MetadataExtraction] ✅ chatham: minutes/Planning_Board/2019
[MetadataExtraction] ✅ chatham: minutes/Planning_Board/2019
[MetadataExtraction] ✅ chatham: minutes/Planning_Board/2018
[MetadataExtraction] ✅ chatham: minutes/Planning_Board/2018
[MetadataExtraction] ✅ chatham: minutes/Planning_Board/2018

📊 Progress:
   Batch: 100 extracted, 0 failed
   Total: 800 extracted, 0 failed
   Remaining: 4926 documents
   Rate: 4230.6 docs/min
   Elapsed: 0.2 minutes
   ETA: 1.2 minutes

======================================================================
📦 Batch 9
======================================================================
[MetadataExtraction] Processing 100 documents...
[MetadataExtraction] ✅ chatham: minutes/Planning_Board/2018
[MetadataExtraction] ✅ chatham: minutes/Planning_Board/2018
[MetadataExtraction] ✅ chatham: minutes/Planning_Board/2018
[MetadataExtraction] ✅ chatham: minutes/Planning_Board/2018
[MetadataExtraction] ✅ chatham: minutes/Planning_Board/2018
[MetadataExtraction] ✅ chatham: reports/unknown/2013
[MetadataExtraction] ✅ effingham: reports/unknown/2013
[MetadataExtraction] ✅ chatham: minutes/Planning_Board/unknown
[MetadataExtraction] ✅ chatham: minutes/Planning_Board/unknown
[MetadataExtraction] ✅ chatham: minutes/Planning_Board/2017
[MetadataExtraction] ✅ chatham: minutes/Planning_Board/2017
[MetadataExtraction] ✅ chatham: minutes/Planning_Board/2017
[MetadataExtraction] ✅ chatham: minutes/Planning_Board/2017
[MetadataExtraction] ✅ chatham: minutes/Planning_Board/unknown
[MetadataExtraction] ✅ chatham: minutes/Planning_Board/2017
[MetadataExtraction] ✅ chatham: minutes/Planning_Board/2017
[MetadataExtraction] ✅ chatham: minutes/Planning_Board/2017
[MetadataExtraction] ✅ chatham: minutes/Planning_Board/2011
[MetadataExtraction] ✅ chatham: minutes/Planning_Board/2002
[MetadataExtraction] ✅ chatham: minutes/Planning_Board/unknown
[MetadataExtraction] ✅ chatham: reports/unknown/2015
[MetadataExtraction] ✅ chatham: reports/unknown/2015
[MetadataExtraction] ✅ chatham: reports/unknown/2014
[MetadataExtraction] ✅ chatham: documents/unknown/unknown
[MetadataExtraction] ✅ chatham: documents/Conservation_Commission/unknown
[MetadataExtraction] ✅ chatham: documents/unknown/unknown
[MetadataExtraction] ✅ chatham: documents/unknown/unknown
[MetadataExtraction] ✅ chatham: documents/unknown/2013
[MetadataExtraction] ✅ chatham: documents/unknown/2013
[MetadataExtraction] ✅ chatham: documents/unknown/2013
[MetadataExtraction] ✅ chatham: documents/unknown/2013
[MetadataExtraction] ✅ chatham: documents/unknown/2013
[MetadataExtraction] ✅ chatham: documents/unknown/2013
[MetadataExtraction] ✅ chatham: documents/unknown/2013
[MetadataExtraction] ✅ chatham: documents/unknown/2013
[MetadataExtraction] ✅ chatham: documents/unknown/2013
[MetadataExtraction] ✅ chatham: documents/unknown/2013
[MetadataExtraction] ✅ chatham: documents/unknown/unknown
[MetadataExtraction] ✅ chatham: documents/unknown/unknown
[MetadataExtraction] ✅ chatham: documents/unknown/unknown
[MetadataExtraction] ✅ freedom: documents/unknown/2024
[MetadataExtraction] ✅ chatham: documents/unknown/unknown
[MetadataExtraction] ✅ chatham: documents/unknown/2015
[MetadataExtraction] ✅ chatham: documents/unknown/2021
[MetadataExtraction] ✅ chatham: reports/unknown/2014
[MetadataExtraction] ✅ chatham: documents/unknown/2024
[MetadataExtraction] ✅ chatham: documents/unknown/2024
[MetadataExtraction] ✅ chatham: documents/unknown/2014
[MetadataExtraction] ✅ chatham: documents/unknown/2014
[MetadataExtraction] ✅ chatham: documents/unknown/unknown
[MetadataExtraction] ✅ chatham: minutes/unknown/2017
[MetadataExtraction] ✅ chatham: minutes/unknown/2017
[MetadataExtraction] ✅ chatham: minutes/Budget_Committee/2017
[MetadataExtraction] ✅ chatham: minutes/unknown/unknown
[MetadataExtraction] ✅ chatham: minutes/unknown/unknown
[MetadataExtraction] ✅ albany: documents/unknown/unknown
[MetadataExtraction] ✅ albany: documents/unknown/2025
[MetadataExtraction] ✅ albany: documents/unknown/2025
[MetadataExtraction] ✅ albany: documents/unknown/2025
[MetadataExtraction] ✅ albany: documents/unknown/2025
[MetadataExtraction] ✅ albany: reports/unknown/2024
[MetadataExtraction] ✅ albany: reports/unknown/2023
[MetadataExtraction] ✅ albany: reports/unknown/2021
[MetadataExtraction] ✅ albany: reports/unknown/2020
[MetadataExtraction] ✅ albany: reports/unknown/2020
[MetadataExtraction] ✅ albany: documents/unknown/unknown
[MetadataExtraction] ✅ albany: documents/unknown/2022
[MetadataExtraction] ✅ albany: documents/unknown/unknown
[MetadataExtraction] ✅ albany: documents/Planning_Board/2009
[MetadataExtraction] ✅ albany: documents/unknown/unknown
[MetadataExtraction] ✅ albany: forms/unknown/2023
[MetadataExtraction] ✅ albany: forms/unknown/unknown
[MetadataExtraction] ✅ albany: forms/unknown/unknown
[MetadataExtraction] ✅ albany: forms/unknown/unknown
[MetadataExtraction] ✅ albany: forms/unknown/unknown
[MetadataExtraction] ✅ albany: documents/unknown/unknown
[MetadataExtraction] ✅ tamworth: agendas/unknown/2025
[MetadataExtraction] ✅ albany: forms/unknown/2021
[MetadataExtraction] ✅ albany: minutes/unknown/2026
[MetadataExtraction] ✅ albany: minutes/unknown/2026
[MetadataExtraction] ✅ albany: minutes/unknown/2026
[MetadataExtraction] ✅ albany: documents/unknown/2025
[MetadataExtraction] ✅ albany: minutes/unknown/2025
[MetadataExtraction] ✅ albany: minutes/unknown/2025
[MetadataExtraction] ✅ albany: minutes/unknown/2025
[MetadataExtraction] ✅ albany: minutes/unknown/2025
[MetadataExtraction] ✅ albany: minutes/unknown/2025
[MetadataExtraction] ✅ albany: minutes/unknown/2025
[MetadataExtraction] ✅ albany: minutes/unknown/2025
[MetadataExtraction] ✅ albany: minutes/unknown/2025
[MetadataExtraction] ✅ albany: minutes/unknown/2024
[MetadataExtraction] ✅ albany: minutes/unknown/2024
[MetadataExtraction] ✅ albany: minutes/unknown/2024
[MetadataExtraction] ✅ albany: minutes/unknown/2024
[MetadataExtraction] ✅ albany: minutes/unknown/2024
[MetadataExtraction] ✅ albany: minutes/unknown/2024
[MetadataExtraction] ✅ albany: minutes/unknown/2024
[MetadataExtraction] ✅ albany: minutes/unknown/2023
[MetadataExtraction] ✅ albany: minutes/unknown/2023
[MetadataExtraction] ✅ albany: minutes/unknown/2023

📊 Progress:
   Batch: 100 extracted, 0 failed
   Total: 900 extracted, 0 failed
   Remaining: 4826 documents
   Rate: 4196.8 docs/min
   Elapsed: 0.2 minutes
   ETA: 1.1 minutes

======================================================================
📦 Batch 10
======================================================================
[MetadataExtraction] Processing 100 documents...
[MetadataExtraction] ✅ albany: minutes/unknown/2023
[MetadataExtraction] ✅ albany: minutes/unknown/2023
[MetadataExtraction] ✅ albany: minutes/unknown/2023
[MetadataExtraction] ✅ albany: minutes/unknown/2023
[MetadataExtraction] ✅ albany: minutes/unknown/2023
[MetadataExtraction] ✅ albany: minutes/unknown/2023
[MetadataExtraction] ✅ albany: minutes/unknown/2023
[MetadataExtraction] ✅ albany: minutes/unknown/2022
[MetadataExtraction] ✅ albany: minutes/unknown/2022
[MetadataExtraction] ✅ albany: minutes/unknown/2022
[MetadataExtraction] ✅ albany: minutes/unknown/2022
[MetadataExtraction] ✅ albany: minutes/unknown/2022
[MetadataExtraction] ✅ albany: minutes/unknown/2022
[MetadataExtraction] ✅ tamworth: agendas/unknown/2025
[MetadataExtraction] ✅ albany: minutes/unknown/2022
[MetadataExtraction] ✅ albany: minutes/unknown/2021
[MetadataExtraction] ✅ albany: minutes/unknown/2021
[MetadataExtraction] ✅ albany: minutes/unknown/2021
[MetadataExtraction] ✅ albany: minutes/unknown/2021
[MetadataExtraction] ✅ albany: minutes/unknown/2021
[MetadataExtraction] ✅ albany: minutes/unknown/2021
[MetadataExtraction] ✅ albany: minutes/unknown/2021
[MetadataExtraction] ✅ albany: minutes/unknown/2021
[MetadataExtraction] ✅ albany: minutes/unknown/2021
[MetadataExtraction] ✅ albany: minutes/unknown/2020
[MetadataExtraction] ✅ albany: minutes/unknown/2020
[MetadataExtraction] ✅ albany: minutes/unknown/2020
[MetadataExtraction] ✅ albany: minutes/unknown/2020
[MetadataExtraction] ✅ albany: minutes/unknown/2020
[MetadataExtraction] ✅ albany: documents/unknown/2020
[MetadataExtraction] ✅ albany: minutes/unknown/2020
[MetadataExtraction] ✅ albany: minutes/unknown/2020
[MetadataExtraction] ✅ effingham: documents/unknown/unknown
[MetadataExtraction] ✅ albany: documents/unknown/2020
[MetadataExtraction] ✅ albany: documents/unknown/unknown
[MetadataExtraction] ✅ albany: documents/unknown/unknown
[MetadataExtraction] ✅ albany: documents/unknown/unknown
[MetadataExtraction] ✅ albany: documents/unknown/unknown
[MetadataExtraction] ✅ albany: documents/unknown/unknown
[MetadataExtraction] ✅ albany: documents/unknown/unknown
[MetadataExtraction] ✅ albany: documents/unknown/unknown
[MetadataExtraction] ✅ albany: documents/unknown/unknown
[MetadataExtraction] ✅ albany: documents/unknown/unknown
[MetadataExtraction] ✅ albany: documents/unknown/unknown
[MetadataExtraction] ✅ albany: documents/unknown/unknown
[MetadataExtraction] ✅ albany: documents/unknown/unknown
[MetadataExtraction] ✅ albany: documents/unknown/unknown
[MetadataExtraction] ✅ albany: documents/unknown/unknown
[MetadataExtraction] ✅ albany: documents/unknown/unknown
[MetadataExtraction] ✅ albany: documents/unknown/unknown
[MetadataExtraction] ✅ albany: documents/unknown/unknown
[MetadataExtraction] ✅ albany: documents/unknown/unknown
[MetadataExtraction] ✅ albany: documents/unknown/unknown
[MetadataExtraction] ✅ albany: documents/unknown/unknown
[MetadataExtraction] ✅ albany: documents/unknown/2026
[MetadataExtraction] ✅ albany: documents/unknown/2026
[MetadataExtraction] ✅ albany: documents/unknown/2025
[MetadataExtraction] ✅ albany: documents/unknown/2025
[MetadataExtraction] ✅ albany: documents/unknown/2025
[MetadataExtraction] ✅ albany: documents/unknown/2025
[MetadataExtraction] ✅ albany: documents/unknown/2025
[MetadataExtraction] ✅ albany: documents/unknown/2025
[MetadataExtraction] ✅ albany: documents/unknown/2025
[MetadataExtraction] ✅ albany: documents/unknown/2025
[MetadataExtraction] ✅ albany: documents/unknown/2025
[MetadataExtraction] ✅ albany: documents/unknown/2025
[MetadataExtraction] ✅ albany: documents/unknown/2025
[MetadataExtraction] ✅ albany: documents/unknown/2025
[MetadataExtraction] ✅ albany: minutes/unknown/2025
[MetadataExtraction] ✅ albany: documents/unknown/2025
[MetadataExtraction] ✅ albany: documents/unknown/2025
[MetadataExtraction] ✅ albany: documents/unknown/2025
[MetadataExtraction] ✅ albany: documents/unknown/2025
[MetadataExtraction] ✅ effingham: documents/unknown/unknown
[MetadataExtraction] ✅ albany: documents/unknown/2025
[MetadataExtraction] ✅ albany: documents/unknown/2025
[MetadataExtraction] ✅ albany: documents/unknown/2025
[MetadataExtraction] ✅ albany: documents/unknown/2024
[MetadataExtraction] ✅ albany: documents/unknown/2024
[MetadataExtraction] ✅ albany: documents/unknown/2024
[MetadataExtraction] ✅ albany: minutes/unknown/2024
[MetadataExtraction] ✅ albany: minutes/unknown/2024
[MetadataExtraction] ✅ albany: documents/unknown/2024
[MetadataExtraction] ✅ albany: minutes/unknown/2024
[MetadataExtraction] ✅ albany: documents/unknown/2024
[MetadataExtraction] ✅ albany: documents/unknown/2024
[MetadataExtraction] ✅ albany: documents/unknown/2024
[MetadataExtraction] ✅ albany: documents/unknown/2024
[MetadataExtraction] ✅ albany: documents/unknown/2024
[MetadataExtraction] ✅ albany: documents/unknown/2024
[MetadataExtraction] ✅ albany: documents/unknown/2024
[MetadataExtraction] ✅ albany: documents/unknown/2024
[MetadataExtraction] ✅ albany: documents/unknown/2024
[MetadataExtraction] ✅ eaton: documents/Zoning_Board/unknown
[MetadataExtraction] ✅ albany: documents/unknown/2024
[MetadataExtraction] ✅ albany: documents/unknown/2024
[MetadataExtraction] ✅ albany: documents/unknown/2024
[MetadataExtraction] ✅ albany: documents/unknown/2024
[MetadataExtraction] ✅ albany: documents/unknown/2024
[MetadataExtraction] ✅ albany: documents/unknown/2023

📊 Progress:
   Batch: 100 extracted, 0 failed
   Total: 1000 extracted, 0 failed
   Remaining: 4726 documents
   Rate: 4169.0 docs/min
   Elapsed: 0.2 minutes
   ETA: 1.1 minutes

======================================================================
📦 Batch 11
======================================================================
[MetadataExtraction] Processing 100 documents...
[MetadataExtraction] ✅ albany: documents/unknown/2023
[MetadataExtraction] ✅ albany: documents/unknown/2023
[MetadataExtraction] ✅ albany: minutes/unknown/2023
[MetadataExtraction] ✅ albany: documents/unknown/2023
[MetadataExtraction] ✅ albany: documents/unknown/2023
[MetadataExtraction] ✅ albany: documents/unknown/2023
[MetadataExtraction] ✅ albany: documents/unknown/2023
[MetadataExtraction] ✅ albany: documents/unknown/2023
[MetadataExtraction] ✅ albany: documents/unknown/2023
[MetadataExtraction] ✅ albany: minutes/unknown/2023
[MetadataExtraction] ✅ albany: minutes/unknown/2023
[MetadataExtraction] ✅ albany: documents/unknown/2023
[MetadataExtraction] ✅ albany: documents/unknown/2023
[MetadataExtraction] ✅ eaton: documents/unknown/unknown
[MetadataExtraction] ✅ albany: documents/unknown/2023
[MetadataExtraction] ✅ albany: documents/unknown/2023
[MetadataExtraction] ✅ albany: documents/unknown/2023
[MetadataExtraction] ✅ albany: documents/unknown/2022
[MetadataExtraction] ✅ albany: documents/unknown/2022
[MetadataExtraction] ✅ albany: documents/unknown/2022
[MetadataExtraction] ✅ albany: minutes/unknown/2022
[MetadataExtraction] ✅ albany: documents/unknown/2022
[MetadataExtraction] ✅ albany: minutes/unknown/2022
[MetadataExtraction] ✅ albany: minutes/unknown/2022
[MetadataExtraction] ✅ albany: documents/unknown/2022
[MetadataExtraction] ✅ albany: documents/unknown/2022
[MetadataExtraction] ✅ albany: documents/unknown/2022
[MetadataExtraction] ✅ albany: documents/unknown/2022
[MetadataExtraction] ✅ albany: documents/unknown/2022
[MetadataExtraction] ✅ albany: documents/unknown/2022
[MetadataExtraction] ✅ albany: documents/unknown/2022
[MetadataExtraction] ✅ albany: minutes/unknown/2022
[MetadataExtraction] ✅ albany: minutes/unknown/2022
[MetadataExtraction] ✅ eaton: documents/unknown/unknown
[MetadataExtraction] ✅ albany: documents/unknown/2022
[MetadataExtraction] ✅ albany: minutes/unknown/2022
[MetadataExtraction] ✅ albany: documents/unknown/2022
[MetadataExtraction] ✅ albany: documents/unknown/2021
[MetadataExtraction] ✅ albany: documents/unknown/2021
[MetadataExtraction] ✅ albany: documents/unknown/2021
[MetadataExtraction] ✅ albany: minutes/unknown/2021
[MetadataExtraction] ✅ albany: documents/unknown/2021
[MetadataExtraction] ✅ albany: documents/unknown/2021
[MetadataExtraction] ✅ albany: minutes/unknown/2021
[MetadataExtraction] ✅ albany: minutes/unknown/2021
[MetadataExtraction] ✅ albany: minutes/unknown/2021
[MetadataExtraction] ✅ albany: documents/unknown/2021
[MetadataExtraction] ✅ albany: documents/unknown/2021
[MetadataExtraction] ✅ albany: documents/unknown/2021
[MetadataExtraction] ✅ albany: minutes/unknown/2021
[MetadataExtraction] ✅ albany: minutes/unknown/2021
[MetadataExtraction] ✅ albany: documents/unknown/2021
[MetadataExtraction] ✅ albany: minutes/unknown/2021
[MetadataExtraction] ✅ eaton: minutes/unknown/2025
[MetadataExtraction] ✅ albany: minutes/unknown/2021
[MetadataExtraction] ✅ albany: minutes/unknown/2021
[MetadataExtraction] ✅ albany: documents/unknown/2021
[MetadataExtraction] ✅ albany: minutes/unknown/2021
[MetadataExtraction] ✅ albany: documents/unknown/unknown
[MetadataExtraction] ✅ albany: minutes/unknown/2021
[MetadataExtraction] ✅ albany: minutes/unknown/2021
[MetadataExtraction] ✅ albany: documents/unknown/2020
[MetadataExtraction] ✅ albany: minutes/unknown/2020
[MetadataExtraction] ✅ albany: minutes/unknown/2020
[MetadataExtraction] ✅ albany: minutes/unknown/2020
[MetadataExtraction] ✅ albany: minutes/unknown/2020
[MetadataExtraction] ✅ albany: minutes/unknown/2020
[MetadataExtraction] ✅ albany: minutes/unknown/2020
[MetadataExtraction] ✅ albany: minutes/unknown/2020
[MetadataExtraction] ✅ albany: minutes/unknown/2020
[MetadataExtraction] ✅ albany: minutes/unknown/2020
[MetadataExtraction] ✅ albany: documents/unknown/2020
[MetadataExtraction] ✅ albany: minutes/unknown/2020
[MetadataExtraction] ✅ eaton: minutes/unknown/2020
[MetadataExtraction] ✅ albany: minutes/unknown/2020
[MetadataExtraction] ✅ albany: minutes/unknown/2020
[MetadataExtraction] ✅ albany: minutes/unknown/2020
[MetadataExtraction] ✅ albany: minutes/unknown/2020
[MetadataExtraction] ✅ albany: minutes/unknown/2020
[MetadataExtraction] ✅ albany: minutes/unknown/2020
[MetadataExtraction] ✅ albany: minutes/unknown/2020
[MetadataExtraction] ✅ albany: minutes/unknown/2020
[MetadataExtraction] ✅ albany: minutes/unknown/2020
[MetadataExtraction] ✅ albany: minutes/unknown/2020
[MetadataExtraction] ✅ albany: documents/unknown/2020
[MetadataExtraction] ✅ albany: minutes/unknown/2020
[MetadataExtraction] ✅ albany: minutes/unknown/2020
[MetadataExtraction] ✅ albany: minutes/unknown/2020
[MetadataExtraction] ✅ albany: minutes/unknown/2020
[MetadataExtraction] ✅ albany: minutes/unknown/2020
[MetadataExtraction] ✅ albany: minutes/unknown/2020
[MetadataExtraction] ✅ albany: minutes/unknown/2020
[MetadataExtraction] ✅ albany: minutes/unknown/2020
[MetadataExtraction] ✅ albany: minutes/unknown/2020
[MetadataExtraction] ✅ albany: documents/unknown/unknown
[MetadataExtraction] ✅ albany: documents/unknown/unknown
[MetadataExtraction] ✅ albany: documents/unknown/unknown
[MetadataExtraction] ✅ albany: documents/unknown/unknown
[MetadataExtraction] ✅ albany: documents/unknown/unknown
[MetadataExtraction] ✅ albany: documents/unknown/unknown

📊 Progress:
   Batch: 100 extracted, 0 failed
   Total: 1100 extracted, 0 failed
   Remaining: 4626 documents
   Rate: 4142.3 docs/min
   Elapsed: 0.3 minutes
   ETA: 1.1 minutes

======================================================================
📦 Batch 12
======================================================================
[MetadataExtraction] Processing 100 documents...
[MetadataExtraction] ✅ albany: documents/unknown/unknown
[MetadataExtraction] ✅ albany: documents/unknown/unknown
[MetadataExtraction] ✅ albany: documents/unknown/unknown
[MetadataExtraction] ✅ albany: documents/unknown/unknown
[MetadataExtraction] ✅ albany: documents/unknown/unknown
[MetadataExtraction] ✅ albany: documents/unknown/unknown
[MetadataExtraction] ✅ albany: documents/unknown/unknown
[MetadataExtraction] ✅ albany: documents/unknown/unknown
[MetadataExtraction] ✅ albany: documents/unknown/unknown
[MetadataExtraction] ✅ albany: documents/unknown/unknown
[MetadataExtraction] ✅ albany: documents/unknown/unknown
[MetadataExtraction] ✅ albany: documents/unknown/unknown
[MetadataExtraction] ✅ albany: documents/unknown/unknown
[MetadataExtraction] ✅ albany: documents/unknown/unknown
[MetadataExtraction] ✅ albany: documents/unknown/unknown
[MetadataExtraction] ✅ albany: documents/unknown/unknown
[MetadataExtraction] ✅ albany: documents/unknown/unknown
[MetadataExtraction] ✅ albany: documents/unknown/unknown
[MetadataExtraction] ✅ albany: documents/unknown/unknown
[MetadataExtraction] ✅ albany: documents/unknown/unknown
[MetadataExtraction] ✅ albany: documents/unknown/unknown
[MetadataExtraction] ✅ albany: documents/unknown/unknown
[MetadataExtraction] ✅ albany: documents/unknown/unknown
[MetadataExtraction] ✅ albany: documents/unknown/unknown
[MetadataExtraction] ✅ albany: documents/unknown/unknown
[MetadataExtraction] ✅ albany: documents/unknown/unknown
[MetadataExtraction] ✅ albany: documents/unknown/unknown
[MetadataExtraction] ✅ albany: documents/unknown/unknown
[MetadataExtraction] ✅ albany: documents/unknown/unknown
[MetadataExtraction] ✅ albany: documents/unknown/unknown
[MetadataExtraction] ✅ albany: documents/unknown/unknown
[MetadataExtraction] ✅ albany: documents/unknown/unknown
[MetadataExtraction] ✅ albany: documents/unknown/unknown
[MetadataExtraction] ✅ albany: documents/unknown/unknown
[MetadataExtraction] ✅ albany: documents/unknown/unknown
[MetadataExtraction] ✅ albany: documents/unknown/unknown
[MetadataExtraction] ✅ albany: documents/unknown/unknown
[MetadataExtraction] ✅ albany: documents/unknown/unknown
[MetadataExtraction] ✅ eaton: forms/unknown/unknown
[MetadataExtraction] ✅ albany: documents/unknown/unknown
[MetadataExtraction] ✅ albany: documents/unknown/unknown
[MetadataExtraction] ✅ albany: documents/unknown/unknown
[MetadataExtraction] ✅ albany: documents/unknown/unknown
[MetadataExtraction] ✅ albany: documents/unknown/unknown
[MetadataExtraction] ✅ albany: documents/unknown/unknown
[MetadataExtraction] ✅ albany: documents/unknown/unknown
[MetadataExtraction] ✅ albany: documents/unknown/unknown
[MetadataExtraction] ✅ albany: documents/unknown/unknown
[MetadataExtraction] ✅ albany: documents/unknown/unknown
[MetadataExtraction] ✅ albany: documents/unknown/unknown
[MetadataExtraction] ✅ albany: documents/unknown/unknown
[MetadataExtraction] ✅ albany: documents/unknown/unknown
[MetadataExtraction] ✅ albany: documents/unknown/unknown
[MetadataExtraction] ✅ albany: documents/unknown/unknown
[MetadataExtraction] ✅ albany: documents/unknown/unknown
[MetadataExtraction] ✅ albany: documents/unknown/unknown
[MetadataExtraction] ✅ albany: documents/unknown/unknown
[MetadataExtraction] ✅ albany: documents/unknown/unknown
[MetadataExtraction] ✅ albany: documents/unknown/unknown
[MetadataExtraction] ✅ albany: documents/unknown/unknown
[MetadataExtraction] ✅ eaton: documents/unknown/unknown
[MetadataExtraction] ✅ albany: documents/unknown/unknown
[MetadataExtraction] ✅ albany: documents/unknown/unknown
[MetadataExtraction] ✅ albany: documents/unknown/unknown
[MetadataExtraction] ✅ albany: documents/unknown/unknown
[MetadataExtraction] ✅ albany: documents/unknown/unknown
[MetadataExtraction] ✅ albany: documents/unknown/unknown
[MetadataExtraction] ✅ albany: documents/unknown/unknown
[MetadataExtraction] ✅ albany: documents/unknown/unknown
[MetadataExtraction] ✅ albany: documents/unknown/unknown
[MetadataExtraction] ✅ albany: documents/unknown/unknown
[MetadataExtraction] ✅ albany: documents/unknown/unknown
[MetadataExtraction] ✅ albany: documents/unknown/unknown
[MetadataExtraction] ✅ albany: documents/unknown/unknown
[MetadataExtraction] ✅ albany: documents/unknown/unknown
[MetadataExtraction] ✅ albany: documents/unknown/unknown
[MetadataExtraction] ✅ albany: documents/unknown/unknown
[MetadataExtraction] ✅ albany: documents/unknown/unknown
[MetadataExtraction] ✅ albany: documents/unknown/unknown
[MetadataExtraction] ✅ albany: documents/unknown/unknown
[MetadataExtraction] ✅ albany: documents/unknown/unknown
[MetadataExtraction] ✅ albany: documents/unknown/unknown
[MetadataExtraction] ✅ eaton: documents/unknown/2023
[MetadataExtraction] ✅ albany: documents/unknown/unknown
[MetadataExtraction] ✅ albany: documents/unknown/unknown
[MetadataExtraction] ✅ albany: documents/unknown/unknown
[MetadataExtraction] ✅ albany: documents/unknown/unknown
[MetadataExtraction] ✅ albany: documents/unknown/unknown
[MetadataExtraction] ✅ albany: documents/unknown/unknown
[MetadataExtraction] ✅ albany: documents/unknown/unknown
[MetadataExtraction] ✅ albany: documents/unknown/unknown
[MetadataExtraction] ✅ albany: documents/unknown/unknown
[MetadataExtraction] ✅ albany: documents/unknown/unknown
[MetadataExtraction] ✅ albany: documents/unknown/unknown
[MetadataExtraction] ✅ albany: documents/unknown/unknown
[MetadataExtraction] ✅ albany: documents/unknown/unknown
[MetadataExtraction] ✅ albany: documents/unknown/unknown
[MetadataExtraction] ✅ albany: documents/unknown/unknown
[MetadataExtraction] ✅ albany: documents/unknown/unknown
[MetadataExtraction] ✅ albany: documents/unknown/unknown

📊 Progress:
   Batch: 100 extracted, 0 failed
   Total: 1200 extracted, 0 failed
   Remaining: 4526 documents
   Rate: 4126.1 docs/min
   Elapsed: 0.3 minutes
   ETA: 1.1 minutes

======================================================================
📦 Batch 13
======================================================================
[MetadataExtraction] Processing 100 documents...
[MetadataExtraction] ✅ albany: documents/unknown/unknown
[MetadataExtraction] ✅ albany: documents/unknown/unknown
[MetadataExtraction] ✅ albany: documents/unknown/unknown
[MetadataExtraction] ✅ albany: documents/unknown/unknown
[MetadataExtraction] ✅ albany: documents/unknown/unknown
[MetadataExtraction] ✅ albany: documents/unknown/unknown
[MetadataExtraction] ✅ albany: documents/unknown/unknown
[MetadataExtraction] ✅ albany: documents/unknown/unknown
[MetadataExtraction] ✅ albany: documents/unknown/unknown
[MetadataExtraction] ✅ albany: documents/unknown/unknown
[MetadataExtraction] ✅ albany: documents/unknown/unknown
[MetadataExtraction] ✅ albany: documents/unknown/unknown
[MetadataExtraction] ✅ albany: documents/unknown/unknown
[MetadataExtraction] ✅ albany: documents/unknown/unknown
[MetadataExtraction] ✅ albany: documents/unknown/unknown
[MetadataExtraction] ✅ albany: documents/unknown/unknown
[MetadataExtraction] ✅ albany: documents/unknown/unknown
[MetadataExtraction] ✅ albany: documents/unknown/unknown
[MetadataExtraction] ✅ albany: documents/unknown/unknown
[MetadataExtraction] ✅ albany: documents/unknown/unknown
[MetadataExtraction] ✅ albany: documents/unknown/unknown
[MetadataExtraction] ✅ albany: documents/unknown/unknown
[MetadataExtraction] ✅ albany: documents/unknown/unknown
[MetadataExtraction] ✅ albany: documents/unknown/unknown
[MetadataExtraction] ✅ albany: documents/unknown/unknown
[MetadataExtraction] ✅ albany: documents/unknown/unknown
[MetadataExtraction] ✅ albany: documents/unknown/unknown
[MetadataExtraction] ✅ albany: documents/unknown/unknown
[MetadataExtraction] ✅ albany: documents/unknown/unknown
[MetadataExtraction] ✅ albany: documents/unknown/unknown
[MetadataExtraction] ✅ albany: documents/unknown/unknown
[MetadataExtraction] ✅ albany: documents/unknown/unknown
[MetadataExtraction] ✅ albany: documents/unknown/unknown
[MetadataExtraction] ✅ albany: documents/unknown/unknown
[MetadataExtraction] ✅ albany: documents/unknown/unknown
[MetadataExtraction] ✅ albany: documents/unknown/unknown
[MetadataExtraction] ✅ albany: documents/unknown/unknown
[MetadataExtraction] ✅ albany: documents/unknown/unknown
[MetadataExtraction] ✅ albany: documents/unknown/unknown
[MetadataExtraction] ✅ albany: documents/unknown/unknown
[MetadataExtraction] ✅ albany: documents/unknown/unknown
[MetadataExtraction] ✅ albany: documents/unknown/unknown
[MetadataExtraction] ✅ albany: documents/unknown/unknown
[MetadataExtraction] ✅ albany: documents/unknown/unknown
[MetadataExtraction] ✅ albany: documents/unknown/unknown
[MetadataExtraction] ✅ albany: documents/unknown/unknown
[MetadataExtraction] ✅ albany: documents/unknown/unknown
[MetadataExtraction] ✅ eaton: documents/unknown/2023
[MetadataExtraction] ✅ albany: documents/unknown/unknown
[MetadataExtraction] ✅ albany: documents/unknown/unknown
[MetadataExtraction] ✅ albany: documents/unknown/unknown
[MetadataExtraction] ✅ albany: documents/unknown/unknown
[MetadataExtraction] ✅ albany: documents/unknown/unknown
[MetadataExtraction] ✅ albany: documents/unknown/unknown
[MetadataExtraction] ✅ albany: documents/unknown/unknown
[MetadataExtraction] ✅ albany: documents/unknown/unknown
[MetadataExtraction] ✅ albany: documents/unknown/unknown
[MetadataExtraction] ✅ albany: documents/unknown/unknown
[MetadataExtraction] ✅ albany: documents/unknown/unknown
[MetadataExtraction] ✅ albany: documents/unknown/unknown
[MetadataExtraction] ✅ albany: documents/unknown/unknown
[MetadataExtraction] ✅ albany: documents/unknown/unknown
[MetadataExtraction] ✅ albany: documents/unknown/unknown
[MetadataExtraction] ✅ albany: documents/unknown/unknown
[MetadataExtraction] ✅ albany: documents/unknown/unknown
[MetadataExtraction] ✅ albany: documents/unknown/unknown
[MetadataExtraction] ✅ albany: documents/unknown/unknown
[MetadataExtraction] ✅ albany: documents/unknown/unknown
[MetadataExtraction] ✅ albany: documents/unknown/unknown
[MetadataExtraction] ✅ eaton: documents/unknown/unknown
[MetadataExtraction] ✅ albany: documents/unknown/unknown
[MetadataExtraction] ✅ albany: documents/unknown/unknown
[MetadataExtraction] ✅ albany: documents/unknown/unknown
[MetadataExtraction] ✅ albany: documents/unknown/unknown
[MetadataExtraction] ✅ albany: documents/unknown/unknown
[MetadataExtraction] ✅ albany: documents/unknown/unknown
[MetadataExtraction] ✅ albany: documents/unknown/unknown
[MetadataExtraction] ✅ albany: documents/unknown/unknown
[MetadataExtraction] ✅ albany: documents/unknown/unknown
[MetadataExtraction] ✅ albany: documents/unknown/unknown
[MetadataExtraction] ✅ albany: documents/unknown/unknown
[MetadataExtraction] ✅ albany: documents/unknown/unknown
[MetadataExtraction] ✅ albany: documents/unknown/unknown
[MetadataExtraction] ✅ albany: documents/unknown/unknown
[MetadataExtraction] ✅ albany: documents/unknown/unknown
[MetadataExtraction] ✅ albany: documents/unknown/unknown
[MetadataExtraction] ✅ albany: documents/unknown/unknown
[MetadataExtraction] ✅ albany: documents/unknown/unknown
[MetadataExtraction] ✅ albany: documents/unknown/unknown
[MetadataExtraction] ✅ albany: documents/unknown/unknown
[MetadataExtraction] ✅ albany: documents/unknown/unknown
[MetadataExtraction] ✅ eaton: forms/unknown/2025
[MetadataExtraction] ✅ albany: documents/unknown/unknown
[MetadataExtraction] ✅ albany: documents/unknown/unknown
[MetadataExtraction] ✅ albany: documents/unknown/unknown
[MetadataExtraction] ✅ albany: documents/unknown/unknown
[MetadataExtraction] ✅ albany: documents/unknown/unknown
[MetadataExtraction] ✅ albany: documents/unknown/unknown
[MetadataExtraction] ✅ albany: documents/unknown/unknown
[MetadataExtraction] ✅ albany: documents/unknown/unknown

📊 Progress:
   Batch: 100 extracted, 0 failed
   Total: 1300 extracted, 0 failed
   Remaining: 4426 documents
   Rate: 4107.6 docs/min
   Elapsed: 0.3 minutes
   ETA: 1.1 minutes

======================================================================
📦 Batch 14
======================================================================
[MetadataExtraction] Processing 100 documents...
[MetadataExtraction] ✅ albany: documents/unknown/unknown
[MetadataExtraction] ✅ albany: documents/unknown/unknown
[MetadataExtraction] ✅ albany: documents/unknown/unknown
[MetadataExtraction] ✅ albany: documents/unknown/unknown
[MetadataExtraction] ✅ albany: documents/unknown/unknown
[MetadataExtraction] ✅ albany: documents/unknown/unknown
[MetadataExtraction] ✅ albany: documents/unknown/unknown
[MetadataExtraction] ✅ albany: documents/unknown/unknown
[MetadataExtraction] ✅ albany: documents/unknown/unknown
[MetadataExtraction] ✅ albany: documents/unknown/unknown
[MetadataExtraction] ✅ albany: documents/unknown/unknown
[MetadataExtraction] ✅ albany: documents/unknown/unknown
[MetadataExtraction] ✅ albany: documents/unknown/unknown
[MetadataExtraction] ✅ eaton: documents/unknown/2026
[MetadataExtraction] ✅ albany: documents/unknown/unknown
[MetadataExtraction] ✅ albany: documents/unknown/unknown
[MetadataExtraction] ✅ albany: documents/unknown/unknown
[MetadataExtraction] ✅ albany: documents/unknown/unknown
[MetadataExtraction] ✅ albany: documents/unknown/unknown
[MetadataExtraction] ✅ albany: documents/unknown/unknown
[MetadataExtraction] ✅ albany: documents/unknown/unknown
[MetadataExtraction] ✅ albany: documents/unknown/unknown
[MetadataExtraction] ✅ albany: documents/unknown/unknown
[MetadataExtraction] ✅ albany: documents/unknown/unknown
[MetadataExtraction] ✅ albany: documents/unknown/unknown
[MetadataExtraction] ✅ albany: documents/unknown/unknown
[MetadataExtraction] ✅ albany: documents/unknown/unknown
[MetadataExtraction] ✅ albany: documents/unknown/unknown
[MetadataExtraction] ✅ albany: documents/unknown/unknown
[MetadataExtraction] ✅ albany: documents/unknown/unknown
[MetadataExtraction] ✅ albany: documents/unknown/unknown
[MetadataExtraction] ✅ albany: documents/unknown/unknown
[MetadataExtraction] ✅ albany: documents/unknown/unknown
[MetadataExtraction] ✅ albany: documents/unknown/unknown
[MetadataExtraction] ✅ albany: documents/unknown/unknown
[MetadataExtraction] ✅ albany: documents/unknown/unknown
[MetadataExtraction] ✅ albany: documents/unknown/unknown
[MetadataExtraction] ✅ albany: documents/unknown/unknown
[MetadataExtraction] ✅ albany: documents/unknown/unknown
[MetadataExtraction] ✅ albany: documents/unknown/unknown
[MetadataExtraction] ✅ albany: documents/unknown/unknown
[MetadataExtraction] ✅ albany: documents/unknown/unknown
[MetadataExtraction] ✅ albany: documents/unknown/unknown
[MetadataExtraction] ✅ albany: documents/unknown/unknown
[MetadataExtraction] ✅ albany: documents/unknown/unknown
[MetadataExtraction] ✅ albany: documents/unknown/unknown
[MetadataExtraction] ✅ albany: documents/unknown/unknown
[MetadataExtraction] ✅ albany: documents/unknown/unknown
[MetadataExtraction] ✅ albany: documents/unknown/unknown
[MetadataExtraction] ✅ albany: documents/unknown/unknown
[MetadataExtraction] ✅ albany: documents/unknown/unknown
[MetadataExtraction] ✅ albany: documents/unknown/unknown
[MetadataExtraction] ✅ albany: documents/unknown/unknown
[MetadataExtraction] ✅ albany: documents/unknown/unknown
[MetadataExtraction] ✅ albany: documents/unknown/unknown
[MetadataExtraction] ✅ albany: documents/unknown/unknown
[MetadataExtraction] ✅ albany: documents/unknown/unknown
[MetadataExtraction] ✅ eaton: documents/unknown/2022
[MetadataExtraction] ✅ albany: documents/unknown/unknown
[MetadataExtraction] ✅ albany: documents/unknown/unknown
[MetadataExtraction] ✅ albany: documents/unknown/unknown
[MetadataExtraction] ✅ albany: documents/unknown/unknown
[MetadataExtraction] ✅ albany: documents/unknown/unknown
[MetadataExtraction] ✅ albany: documents/Board_of_Selectmen/unknown
[MetadataExtraction] ✅ albany: documents/Board_of_Selectmen/unknown
[MetadataExtraction] ✅ albany: documents/Board_of_Selectmen/unknown
[MetadataExtraction] ✅ albany: documents/Board_of_Selectmen/unknown
[MetadataExtraction] ✅ albany: documents/Board_of_Selectmen/unknown
[MetadataExtraction] ✅ albany: documents/Board_of_Selectmen/unknown
[MetadataExtraction] ✅ albany: documents/Board_of_Selectmen/unknown
[MetadataExtraction] ✅ albany: documents/Board_of_Selectmen/unknown
[MetadataExtraction] ✅ albany: documents/Board_of_Selectmen/unknown
[MetadataExtraction] ✅ albany: documents/Board_of_Selectmen/unknown
[MetadataExtraction] ✅ albany: documents/Board_of_Selectmen/unknown
[MetadataExtraction] ✅ albany: documents/Board_of_Selectmen/unknown
[MetadataExtraction] ✅ albany: documents/Board_of_Selectmen/unknown
[MetadataExtraction] ✅ albany: documents/Board_of_Selectmen/unknown
[MetadataExtraction] ✅ albany: documents/Board_of_Selectmen/unknown
[MetadataExtraction] ✅ albany: documents/Board_of_Selectmen/unknown
[MetadataExtraction] ✅ albany: documents/Board_of_Selectmen/unknown
[MetadataExtraction] ✅ eaton: documents/unknown/2026
[MetadataExtraction] ✅ albany: documents/Board_of_Selectmen/unknown
[MetadataExtraction] ✅ albany: documents/Board_of_Selectmen/unknown
[MetadataExtraction] ✅ albany: documents/Board_of_Selectmen/unknown
[MetadataExtraction] ✅ albany: documents/Board_of_Selectmen/unknown
[MetadataExtraction] ✅ albany: documents/Board_of_Selectmen/unknown
[MetadataExtraction] ✅ albany: documents/Board_of_Selectmen/unknown
[MetadataExtraction] ✅ albany: documents/Board_of_Selectmen/unknown
[MetadataExtraction] ✅ albany: documents/Board_of_Selectmen/unknown
[MetadataExtraction] ✅ albany: documents/Board_of_Selectmen/unknown
[MetadataExtraction] ✅ albany: documents/Board_of_Selectmen/unknown
[MetadataExtraction] ✅ albany: documents/Board_of_Selectmen/unknown
[MetadataExtraction] ✅ albany: documents/Board_of_Selectmen/unknown
[MetadataExtraction] ✅ albany: documents/Board_of_Selectmen/unknown
[MetadataExtraction] ✅ albany: documents/Board_of_Selectmen/unknown
[MetadataExtraction] ✅ albany: documents/Board_of_Selectmen/unknown
[MetadataExtraction] ✅ albany: documents/Board_of_Selectmen/unknown
[MetadataExtraction] ✅ albany: documents/Board_of_Selectmen/unknown
[MetadataExtraction] ✅ albany: documents/Board_of_Selectmen/unknown
[MetadataExtraction] ✅ albany: documents/Board_of_Selectmen/unknown

📊 Progress:
   Batch: 100 extracted, 0 failed
   Total: 1400 extracted, 0 failed
   Remaining: 4326 documents
   Rate: 4095.4 docs/min
   Elapsed: 0.3 minutes
   ETA: 1.1 minutes

======================================================================
📦 Batch 15
======================================================================
[MetadataExtraction] Processing 100 documents...
[MetadataExtraction] ✅ albany: documents/Board_of_Selectmen/unknown
[MetadataExtraction] ✅ albany: documents/Board_of_Selectmen/unknown
[MetadataExtraction] ✅ albany: documents/Board_of_Selectmen/unknown
[MetadataExtraction] ✅ eaton: documents/unknown/2022
[MetadataExtraction] ✅ albany: documents/Board_of_Selectmen/unknown
[MetadataExtraction] ✅ albany: documents/Board_of_Selectmen/unknown
[MetadataExtraction] ✅ albany: documents/Board_of_Selectmen/unknown
[MetadataExtraction] ✅ albany: documents/Board_of_Selectmen/unknown
[MetadataExtraction] ✅ albany: documents/Board_of_Selectmen/unknown
[MetadataExtraction] ✅ albany: documents/Board_of_Selectmen/unknown
[MetadataExtraction] ✅ albany: documents/Board_of_Selectmen/unknown
[MetadataExtraction] ✅ albany: documents/Board_of_Selectmen/unknown
[MetadataExtraction] ✅ albany: documents/Board_of_Selectmen/unknown
[MetadataExtraction] ✅ albany: documents/Board_of_Selectmen/unknown
[MetadataExtraction] ✅ albany: documents/Board_of_Selectmen/unknown
[MetadataExtraction] ✅ albany: documents/Board_of_Selectmen/unknown
[MetadataExtraction] ✅ albany: documents/Board_of_Selectmen/unknown
[MetadataExtraction] ✅ albany: documents/Board_of_Selectmen/unknown
[MetadataExtraction] ✅ albany: documents/Board_of_Selectmen/unknown
[MetadataExtraction] ✅ albany: documents/Board_of_Selectmen/unknown
[MetadataExtraction] ✅ albany: documents/Board_of_Selectmen/unknown
[MetadataExtraction] ✅ albany: documents/Board_of_Selectmen/unknown
[MetadataExtraction] ✅ albany: documents/Board_of_Selectmen/unknown
[MetadataExtraction] ✅ albany: documents/Board_of_Selectmen/unknown
[MetadataExtraction] ✅ albany: documents/Board_of_Selectmen/unknown
[MetadataExtraction] ✅ albany: documents/Board_of_Selectmen/unknown
[MetadataExtraction] ✅ albany: documents/Board_of_Selectmen/unknown
[MetadataExtraction] ✅ albany: documents/Board_of_Selectmen/unknown
[MetadataExtraction] ✅ albany: documents/Board_of_Selectmen/unknown
[MetadataExtraction] ✅ albany: documents/Board_of_Selectmen/unknown
[MetadataExtraction] ✅ albany: documents/Board_of_Selectmen/unknown
[MetadataExtraction] ✅ albany: documents/Board_of_Selectmen/unknown
[MetadataExtraction] ✅ albany: documents/Board_of_Selectmen/unknown
[MetadataExtraction] ✅ albany: documents/Board_of_Selectmen/unknown
[MetadataExtraction] ✅ albany: documents/Board_of_Selectmen/unknown
[MetadataExtraction] ✅ albany: documents/Board_of_Selectmen/unknown
[MetadataExtraction] ✅ albany: documents/Board_of_Selectmen/unknown
[MetadataExtraction] ✅ albany: documents/Board_of_Selectmen/unknown
[MetadataExtraction] ✅ albany: documents/Board_of_Selectmen/unknown
[MetadataExtraction] ✅ albany: documents/Board_of_Selectmen/unknown
[MetadataExtraction] ✅ albany: documents/Board_of_Selectmen/unknown
[MetadataExtraction] ✅ albany: documents/Board_of_Selectmen/unknown
[MetadataExtraction] ✅ albany: documents/Board_of_Selectmen/unknown
[MetadataExtraction] ✅ albany: documents/Board_of_Selectmen/unknown
[MetadataExtraction] ✅ albany: documents/Board_of_Selectmen/unknown
[MetadataExtraction] ✅ albany: documents/Board_of_Selectmen/unknown
[MetadataExtraction] ✅ albany: documents/Board_of_Selectmen/unknown
[MetadataExtraction] ✅ albany: documents/Board_of_Selectmen/unknown
[MetadataExtraction] ✅ eaton: documents/unknown/unknown
[MetadataExtraction] ✅ albany: documents/Board_of_Selectmen/unknown
[MetadataExtraction] ✅ albany: documents/Board_of_Selectmen/unknown
[MetadataExtraction] ✅ albany: documents/Board_of_Selectmen/unknown
[MetadataExtraction] ✅ albany: documents/Board_of_Selectmen/unknown
[MetadataExtraction] ✅ albany: documents/Board_of_Selectmen/unknown
[MetadataExtraction] ✅ albany: documents/Board_of_Selectmen/unknown
[MetadataExtraction] ✅ albany: documents/Board_of_Selectmen/unknown
[MetadataExtraction] ✅ albany: documents/Board_of_Selectmen/unknown
[MetadataExtraction] ✅ albany: documents/Board_of_Selectmen/unknown
[MetadataExtraction] ✅ albany: documents/Board_of_Selectmen/unknown
[MetadataExtraction] ✅ albany: documents/Board_of_Selectmen/unknown
[MetadataExtraction] ✅ albany: documents/Board_of_Selectmen/unknown
[MetadataExtraction] ✅ albany: documents/Board_of_Selectmen/unknown
[MetadataExtraction] ✅ albany: documents/Board_of_Selectmen/unknown
[MetadataExtraction] ✅ albany: documents/Board_of_Selectmen/unknown
[MetadataExtraction] ✅ albany: documents/Board_of_Selectmen/unknown
[MetadataExtraction] ✅ albany: documents/Board_of_Selectmen/unknown
[MetadataExtraction] ✅ albany: documents/Board_of_Selectmen/unknown
[MetadataExtraction] ✅ albany: documents/Board_of_Selectmen/unknown
[MetadataExtraction] ✅ albany: documents/Board_of_Selectmen/unknown
[MetadataExtraction] ✅ albany: documents/Board_of_Selectmen/unknown
[MetadataExtraction] ✅ albany: documents/Board_of_Selectmen/unknown
[MetadataExtraction] ✅ albany: documents/Board_of_Selectmen/unknown
[MetadataExtraction] ✅ albany: documents/Board_of_Selectmen/unknown
[MetadataExtraction] ✅ albany: documents/Board_of_Selectmen/unknown
[MetadataExtraction] ✅ albany: documents/Board_of_Selectmen/unknown
[MetadataExtraction] ✅ albany: documents/Board_of_Selectmen/unknown
[MetadataExtraction] ✅ albany: documents/Board_of_Selectmen/unknown
[MetadataExtraction] ✅ albany: documents/Board_of_Selectmen/unknown
[MetadataExtraction] ✅ albany: documents/Board_of_Selectmen/unknown
[MetadataExtraction] ✅ albany: documents/Board_of_Selectmen/unknown
[MetadataExtraction] ✅ albany: documents/Board_of_Selectmen/unknown
[MetadataExtraction] ✅ albany: documents/Board_of_Selectmen/unknown
[MetadataExtraction] ✅ albany: documents/Board_of_Selectmen/unknown
[MetadataExtraction] ✅ albany: documents/Board_of_Selectmen/unknown
[MetadataExtraction] ✅ albany: documents/Board_of_Selectmen/unknown
[MetadataExtraction] ✅ albany: documents/Board_of_Selectmen/unknown
[MetadataExtraction] ✅ albany: documents/Board_of_Selectmen/unknown
[MetadataExtraction] ✅ albany: documents/Board_of_Selectmen/unknown
[MetadataExtraction] ✅ albany: documents/Board_of_Selectmen/unknown
[MetadataExtraction] ✅ albany: documents/Board_of_Selectmen/unknown
[MetadataExtraction] ✅ albany: documents/Board_of_Selectmen/unknown
[MetadataExtraction] ✅ albany: documents/Board_of_Selectmen/unknown
[MetadataExtraction] ✅ albany: documents/Board_of_Selectmen/unknown
[MetadataExtraction] ✅ tuftonboro: documents/unknown/unknown
[MetadataExtraction] ✅ albany: documents/Board_of_Selectmen/unknown
[MetadataExtraction] ✅ albany: documents/Board_of_Selectmen/unknown
[MetadataExtraction] ✅ albany: documents/Board_of_Selectmen/unknown
[MetadataExtraction] ✅ albany: documents/Board_of_Selectmen/unknown
[MetadataExtraction] ✅ albany: documents/Board_of_Selectmen/unknown
[MetadataExtraction] ✅ albany: documents/Board_of_Selectmen/unknown

📊 Progress:
   Batch: 100 extracted, 0 failed
   Total: 1500 extracted, 0 failed
   Remaining: 4226 documents
   Rate: 4087.0 docs/min
   Elapsed: 0.4 minutes
   ETA: 1.0 minutes

======================================================================
📦 Batch 16
======================================================================
[MetadataExtraction] Processing 100 documents...
[MetadataExtraction] ✅ albany: documents/Board_of_Selectmen/unknown
[MetadataExtraction] ✅ albany: documents/Board_of_Selectmen/unknown
[MetadataExtraction] ✅ albany: documents/Board_of_Selectmen/unknown
[MetadataExtraction] ✅ albany: documents/Board_of_Selectmen/unknown
[MetadataExtraction] ✅ albany: documents/Board_of_Selectmen/unknown
[MetadataExtraction] ✅ albany: documents/Board_of_Selectmen/unknown
[MetadataExtraction] ✅ albany: documents/Board_of_Selectmen/unknown
[MetadataExtraction] ✅ albany: documents/Board_of_Selectmen/unknown
[MetadataExtraction] ✅ albany: documents/Board_of_Selectmen/unknown
[MetadataExtraction] ✅ albany: documents/Board_of_Selectmen/unknown
[MetadataExtraction] ✅ albany: documents/Board_of_Selectmen/unknown
[MetadataExtraction] ✅ albany: documents/Board_of_Selectmen/unknown
[MetadataExtraction] ✅ albany: documents/Board_of_Selectmen/unknown
[MetadataExtraction] ✅ albany: documents/Board_of_Selectmen/unknown
[MetadataExtraction] ✅ albany: documents/Board_of_Selectmen/unknown
[MetadataExtraction] ✅ albany: documents/Board_of_Selectmen/unknown
[MetadataExtraction] ✅ eaton: documents/unknown/2025
[MetadataExtraction] ✅ albany: documents/Board_of_Selectmen/unknown
[MetadataExtraction] ✅ albany: documents/Board_of_Selectmen/unknown
[MetadataExtraction] ✅ albany: documents/Board_of_Selectmen/unknown
[MetadataExtraction] ✅ albany: documents/Board_of_Selectmen/unknown
[MetadataExtraction] ✅ albany: documents/Board_of_Selectmen/unknown
[MetadataExtraction] ✅ albany: documents/Board_of_Selectmen/unknown
[MetadataExtraction] ✅ albany: documents/Board_of_Selectmen/unknown
[MetadataExtraction] ✅ albany: documents/Board_of_Selectmen/unknown
[MetadataExtraction] ✅ albany: documents/Board_of_Selectmen/unknown
[MetadataExtraction] ✅ albany: documents/Board_of_Selectmen/unknown
[MetadataExtraction] ✅ albany: documents/Board_of_Selectmen/unknown
[MetadataExtraction] ✅ albany: documents/Board_of_Selectmen/unknown
[MetadataExtraction] ✅ albany: documents/Board_of_Selectmen/unknown
[MetadataExtraction] ✅ albany: documents/Board_of_Selectmen/unknown
[MetadataExtraction] ✅ albany: documents/Board_of_Selectmen/unknown
[MetadataExtraction] ✅ albany: documents/Board_of_Selectmen/unknown
[MetadataExtraction] ✅ albany: documents/Board_of_Selectmen/unknown
[MetadataExtraction] ✅ albany: minutes/Board_of_Selectmen/unknown
[MetadataExtraction] ✅ albany: minutes/Board_of_Selectmen/unknown
[MetadataExtraction] ✅ albany: minutes/Board_of_Selectmen/unknown
[MetadataExtraction] ✅ albany: minutes/Board_of_Selectmen/unknown
[MetadataExtraction] ✅ albany: minutes/Board_of_Selectmen/unknown
[MetadataExtraction] ✅ albany: minutes/Board_of_Selectmen/unknown
[MetadataExtraction] ✅ albany: minutes/Board_of_Selectmen/unknown
[MetadataExtraction] ✅ albany: minutes/Board_of_Selectmen/unknown
[MetadataExtraction] ✅ albany: minutes/Board_of_Selectmen/unknown
[MetadataExtraction] ✅ albany: minutes/Board_of_Selectmen/unknown
[MetadataExtraction] ✅ albany: minutes/Board_of_Selectmen/unknown
[MetadataExtraction] ✅ albany: minutes/Board_of_Selectmen/unknown
[MetadataExtraction] ✅ albany: minutes/Board_of_Selectmen/unknown
[MetadataExtraction] ✅ albany: minutes/Board_of_Selectmen/unknown
[MetadataExtraction] ✅ albany: minutes/Board_of_Selectmen/unknown
[MetadataExtraction] ✅ albany: minutes/Board_of_Selectmen/unknown
[MetadataExtraction] ✅ albany: minutes/Board_of_Selectmen/unknown
[MetadataExtraction] ✅ albany: minutes/Board_of_Selectmen/unknown
[MetadataExtraction] ✅ albany: minutes/Board_of_Selectmen/unknown
[MetadataExtraction] ✅ albany: minutes/Board_of_Selectmen/unknown
[MetadataExtraction] ✅ albany: documents/Board_of_Selectmen/unknown
[MetadataExtraction] ✅ albany: reports/unknown/2018
[MetadataExtraction] ✅ albany: reports/unknown/2016
[MetadataExtraction] ✅ albany: reports/unknown/2015
[MetadataExtraction] ✅ albany: reports/unknown/2014
[MetadataExtraction] ✅ albany: reports/unknown/unknown
[MetadataExtraction] ✅ albany: documents/unknown/unknown
[MetadataExtraction] ✅ albany: reports/unknown/unknown
[MetadataExtraction] ✅ albany: documents/unknown/unknown
[MetadataExtraction] ✅ albany: documents/unknown/unknown
[MetadataExtraction] ✅ albany: documents/unknown/unknown
[MetadataExtraction] ✅ albany: documents/unknown/unknown
[MetadataExtraction] ✅ albany: budget/unknown/2011
[MetadataExtraction] ✅ albany: documents/unknown/2011
[MetadataExtraction] ✅ albany: documents/unknown/2011
[MetadataExtraction] ✅ albany: documents/unknown/2009
[MetadataExtraction] ✅ albany: documents/unknown/unknown
[MetadataExtraction] ✅ albany: documents/unknown/unknown
[MetadataExtraction] ✅ albany: reports/unknown/2012
[MetadataExtraction] ✅ albany: documents/unknown/unknown
[MetadataExtraction] ✅ albany: documents/unknown/unknown
[MetadataExtraction] ✅ albany: documents/unknown/unknown
[MetadataExtraction] ✅ albany: documents/unknown/unknown
[MetadataExtraction] ✅ albany: documents/unknown/unknown
[MetadataExtraction] ✅ albany: documents/unknown/unknown
[MetadataExtraction] ✅ albany: documents/unknown/unknown
[MetadataExtraction] ✅ albany: documents/unknown/unknown
[MetadataExtraction] ✅ albany: documents/unknown/unknown
[MetadataExtraction] ✅ albany: documents/unknown/unknown
[MetadataExtraction] ✅ albany: documents/unknown/unknown
[MetadataExtraction] ✅ albany: documents/unknown/unknown
[MetadataExtraction] ✅ albany: documents/unknown/unknown
[MetadataExtraction] ✅ albany: documents/unknown/unknown
[MetadataExtraction] ✅ albany: documents/unknown/unknown
[MetadataExtraction] ✅ albany: documents/unknown/unknown
[MetadataExtraction] ✅ albany: documents/unknown/unknown
[MetadataExtraction] ✅ albany: documents/unknown/unknown
[MetadataExtraction] ✅ albany: documents/unknown/unknown
[MetadataExtraction] ✅ albany: documents/unknown/unknown
[MetadataExtraction] ✅ albany: documents/unknown/unknown
[MetadataExtraction] ✅ albany: documents/unknown/unknown
[MetadataExtraction] ✅ albany: documents/unknown/unknown
[MetadataExtraction] ✅ albany: documents/unknown/unknown
[MetadataExtraction] ✅ albany: documents/unknown/unknown
[MetadataExtraction] ✅ albany: documents/unknown/unknown
[MetadataExtraction] ✅ albany: documents/unknown/unknown

📊 Progress:
   Batch: 100 extracted, 0 failed
   Total: 1600 extracted, 0 failed
   Remaining: 4126 documents
   Rate: 4080.8 docs/min
   Elapsed: 0.4 minutes
   ETA: 1.0 minutes

======================================================================
📦 Batch 17
======================================================================
[MetadataExtraction] Processing 100 documents...
[MetadataExtraction] ✅ albany: documents/unknown/unknown
[MetadataExtraction] ✅ albany: documents/unknown/unknown
[MetadataExtraction] ✅ albany: documents/unknown/unknown
[MetadataExtraction] ✅ albany: documents/unknown/unknown
[MetadataExtraction] ✅ albany: documents/unknown/unknown
[MetadataExtraction] ✅ freedom: documents/unknown/2008
[MetadataExtraction] ✅ albany: documents/unknown/unknown
[MetadataExtraction] ✅ albany: documents/unknown/unknown
[MetadataExtraction] ✅ albany: documents/unknown/unknown
[MetadataExtraction] ✅ albany: documents/unknown/unknown
[MetadataExtraction] ✅ albany: documents/unknown/unknown
[MetadataExtraction] ✅ albany: documents/unknown/unknown
[MetadataExtraction] ✅ albany: documents/unknown/unknown
[MetadataExtraction] ✅ albany: documents/unknown/unknown
[MetadataExtraction] ✅ albany: documents/unknown/2010
[MetadataExtraction] ✅ albany: documents/unknown/unknown
[MetadataExtraction] ✅ albany: documents/unknown/unknown
[MetadataExtraction] ✅ albany: documents/unknown/unknown
[MetadataExtraction] ✅ albany: documents/unknown/unknown
[MetadataExtraction] ✅ albany: documents/unknown/unknown
[MetadataExtraction] ✅ albany: documents/unknown/unknown
[MetadataExtraction] ✅ albany: documents/unknown/unknown
[MetadataExtraction] ✅ albany: documents/unknown/unknown
[MetadataExtraction] ✅ albany: documents/unknown/unknown
[MetadataExtraction] ✅ albany: documents/unknown/unknown
[MetadataExtraction] ✅ albany: documents/unknown/unknown
[MetadataExtraction] ✅ albany: documents/unknown/unknown
[MetadataExtraction] ✅ albany: documents/unknown/unknown
[MetadataExtraction] ✅ freedom: documents/unknown/2020
[MetadataExtraction] ✅ albany: documents/unknown/unknown
[MetadataExtraction] ✅ albany: documents/unknown/unknown
[MetadataExtraction] ✅ albany: documents/unknown/unknown
[MetadataExtraction] ✅ albany: documents/unknown/unknown
[MetadataExtraction] ✅ albany: documents/unknown/unknown
[MetadataExtraction] ✅ albany: documents/unknown/unknown
[MetadataExtraction] ✅ albany: documents/unknown/unknown
[MetadataExtraction] ✅ albany: documents/unknown/unknown
[MetadataExtraction] ✅ albany: documents/unknown/unknown
[MetadataExtraction] ✅ albany: documents/unknown/unknown
[MetadataExtraction] ✅ albany: documents/unknown/unknown
[MetadataExtraction] ✅ albany: documents/unknown/unknown
[MetadataExtraction] ✅ albany: documents/unknown/unknown
[MetadataExtraction] ✅ albany: documents/unknown/unknown
[MetadataExtraction] ✅ albany: documents/unknown/unknown
[MetadataExtraction] ✅ albany: documents/unknown/unknown
[MetadataExtraction] ✅ albany: documents/unknown/unknown
[MetadataExtraction] ✅ albany: documents/unknown/unknown
[MetadataExtraction] ✅ albany: documents/unknown/unknown
[MetadataExtraction] ✅ albany: documents/unknown/unknown
[MetadataExtraction] ✅ albany: documents/unknown/unknown
[MetadataExtraction] ✅ albany: documents/unknown/unknown
[MetadataExtraction] ✅ freedom: documents/unknown/unknown
[MetadataExtraction] ✅ albany: documents/unknown/unknown
[MetadataExtraction] ✅ albany: documents/unknown/unknown
[MetadataExtraction] ✅ albany: documents/unknown/unknown
[MetadataExtraction] ✅ albany: documents/unknown/unknown
[MetadataExtraction] ✅ albany: documents/unknown/unknown
[MetadataExtraction] ✅ albany: documents/unknown/unknown
[MetadataExtraction] ✅ albany: documents/unknown/unknown
[MetadataExtraction] ✅ albany: documents/unknown/unknown
[MetadataExtraction] ✅ albany: documents/unknown/unknown
[MetadataExtraction] ✅ albany: documents/unknown/unknown
[MetadataExtraction] ✅ albany: documents/unknown/unknown
[MetadataExtraction] ✅ albany: documents/unknown/unknown
[MetadataExtraction] ✅ albany: documents/unknown/unknown
[MetadataExtraction] ✅ albany: documents/unknown/unknown
[MetadataExtraction] ✅ albany: documents/unknown/unknown
[MetadataExtraction] ✅ albany: documents/unknown/unknown
[MetadataExtraction] ✅ albany: documents/unknown/unknown
[MetadataExtraction] ✅ albany: documents/unknown/unknown
[MetadataExtraction] ✅ albany: documents/unknown/unknown
[MetadataExtraction] ✅ albany: documents/unknown/unknown
[MetadataExtraction] ✅ albany: documents/unknown/unknown
[MetadataExtraction] ✅ albany: documents/unknown/unknown
[MetadataExtraction] ✅ albany: documents/unknown/unknown
[MetadataExtraction] ✅ albany: documents/unknown/unknown
[MetadataExtraction] ✅ albany: documents/unknown/unknown
[MetadataExtraction] ✅ albany: documents/unknown/unknown
[MetadataExtraction] ✅ albany: documents/unknown/unknown
[MetadataExtraction] ✅ albany: documents/unknown/unknown
[MetadataExtraction] ✅ albany: documents/unknown/unknown
[MetadataExtraction] ✅ albany: documents/unknown/unknown
[MetadataExtraction] ✅ albany: documents/unknown/unknown
[MetadataExtraction] ✅ albany: documents/unknown/unknown
[MetadataExtraction] ✅ albany: documents/unknown/unknown
[MetadataExtraction] ✅ albany: documents/unknown/unknown
[MetadataExtraction] ✅ albany: documents/unknown/unknown
[MetadataExtraction] ✅ albany: documents/unknown/unknown
[MetadataExtraction] ✅ albany: documents/unknown/unknown
[MetadataExtraction] ✅ albany: documents/unknown/unknown
[MetadataExtraction] ✅ albany: documents/unknown/unknown
[MetadataExtraction] ✅ albany: documents/unknown/unknown
[MetadataExtraction] ✅ albany: documents/unknown/unknown
[MetadataExtraction] ✅ albany: documents/unknown/unknown
[MetadataExtraction] ✅ albany: documents/unknown/unknown
[MetadataExtraction] ✅ freedom: documents/unknown/unknown
[MetadataExtraction] ✅ albany: documents/unknown/unknown
[MetadataExtraction] ✅ albany: documents/unknown/unknown
[MetadataExtraction] ✅ albany: documents/unknown/unknown
[MetadataExtraction] ✅ albany: documents/unknown/unknown

📊 Progress:
   Batch: 100 extracted, 0 failed
   Total: 1700 extracted, 0 failed
   Remaining: 4026 documents
   Rate: 4075.4 docs/min
   Elapsed: 0.4 minutes
   ETA: 1.0 minutes

======================================================================
📦 Batch 18
======================================================================
[MetadataExtraction] Processing 100 documents...
[MetadataExtraction] ✅ albany: documents/unknown/unknown
[MetadataExtraction] ✅ albany: documents/unknown/unknown
[MetadataExtraction] ✅ albany: documents/unknown/unknown
[MetadataExtraction] ✅ albany: documents/unknown/unknown
[MetadataExtraction] ✅ albany: documents/unknown/unknown
[MetadataExtraction] ✅ albany: documents/unknown/unknown
[MetadataExtraction] ✅ albany: minutes/unknown/2012
[MetadataExtraction] ✅ albany: minutes/unknown/2013
[MetadataExtraction] ✅ albany: documents/unknown/unknown
[MetadataExtraction] ✅ albany: documents/unknown/unknown
[MetadataExtraction] ✅ albany: documents/unknown/unknown
[MetadataExtraction] ✅ albany: documents/unknown/unknown
[MetadataExtraction] ✅ albany: documents/unknown/unknown
[MetadataExtraction] ✅ albany: documents/unknown/unknown
[MetadataExtraction] ✅ albany: documents/unknown/unknown
[MetadataExtraction] ✅ albany: documents/unknown/unknown
[MetadataExtraction] ✅ albany: documents/unknown/unknown
[MetadataExtraction] ✅ albany: documents/unknown/unknown
[MetadataExtraction] ✅ albany: documents/unknown/unknown
[MetadataExtraction] ✅ albany: documents/unknown/unknown
[MetadataExtraction] ✅ albany: documents/unknown/unknown
[MetadataExtraction] ✅ albany: documents/unknown/unknown
[MetadataExtraction] ✅ albany: documents/unknown/unknown
[MetadataExtraction] ✅ albany: documents/unknown/unknown
[MetadataExtraction] ✅ albany: documents/unknown/unknown
[MetadataExtraction] ✅ albany: documents/unknown/unknown
[MetadataExtraction] ✅ albany: documents/unknown/unknown
[MetadataExtraction] ✅ albany: documents/unknown/unknown
[MetadataExtraction] ✅ albany: documents/unknown/unknown
[MetadataExtraction] ✅ albany: documents/unknown/unknown
[MetadataExtraction] ✅ albany: budget/unknown/2009
[MetadataExtraction] ✅ albany: documents/unknown/unknown
[MetadataExtraction] ✅ albany: documents/unknown/unknown
[MetadataExtraction] ✅ albany: documents/unknown/unknown
[MetadataExtraction] ✅ albany: documents/unknown/unknown
[MetadataExtraction] ✅ albany: documents/unknown/unknown
[MetadataExtraction] ✅ albany: documents/unknown/unknown
[MetadataExtraction] ✅ albany: documents/unknown/unknown
[MetadataExtraction] ✅ albany: documents/unknown/unknown
[MetadataExtraction] ✅ albany: documents/unknown/unknown
[MetadataExtraction] ✅ albany: documents/unknown/unknown
[MetadataExtraction] ✅ albany: documents/unknown/unknown
[MetadataExtraction] ✅ albany: documents/unknown/unknown
[MetadataExtraction] ✅ albany: reports/unknown/unknown
[MetadataExtraction] ✅ albany: reports/unknown/2009
[MetadataExtraction] ✅ albany: documents/unknown/unknown
[MetadataExtraction] ✅ albany: documents/unknown/unknown
[MetadataExtraction] ✅ albany: documents/unknown/unknown
[MetadataExtraction] ✅ albany: documents/unknown/unknown
[MetadataExtraction] ✅ albany: documents/unknown/unknown
[MetadataExtraction] ✅ albany: documents/unknown/unknown
[MetadataExtraction] ✅ albany: documents/unknown/unknown
[MetadataExtraction] ✅ albany: documents/unknown/unknown
[MetadataExtraction] ✅ albany: documents/unknown/unknown
[MetadataExtraction] ✅ albany: documents/unknown/unknown
[MetadataExtraction] ✅ albany: documents/unknown/unknown
[MetadataExtraction] ✅ albany: documents/unknown/unknown
[MetadataExtraction] ✅ albany: documents/unknown/unknown
[MetadataExtraction] ✅ albany: documents/unknown/unknown
[MetadataExtraction] ✅ albany: documents/unknown/unknown
[MetadataExtraction] ✅ albany: documents/unknown/unknown
[MetadataExtraction] ✅ albany: minutes/Zoning_Board/2025
[MetadataExtraction] ✅ albany: minutes/Zoning_Board/2025
[MetadataExtraction] ✅ albany: minutes/Zoning_Board/2024
[MetadataExtraction] ✅ albany: minutes/Zoning_Board/2024
[MetadataExtraction] ✅ albany: documents/unknown/2025
[MetadataExtraction] ✅ albany: documents/unknown/2025
[MetadataExtraction] ✅ albany: documents/unknown/2025
[MetadataExtraction] ✅ albany: minutes/unknown/2025
[MetadataExtraction] ✅ albany: documents/unknown/2025
[MetadataExtraction] ✅ albany: documents/unknown/2025
[MetadataExtraction] ✅ albany: documents/unknown/2025
[MetadataExtraction] ✅ albany: documents/unknown/2025
[MetadataExtraction] ✅ albany: documents/unknown/2024
[MetadataExtraction] ✅ albany: documents/unknown/2024
[MetadataExtraction] ✅ albany: documents/unknown/2024
[MetadataExtraction] ✅ albany: documents/unknown/2024
[MetadataExtraction] ✅ albany: documents/unknown/2024
[MetadataExtraction] ✅ albany: documents/unknown/2024
[MetadataExtraction] ✅ albany: documents/unknown/2023
[MetadataExtraction] ✅ albany: documents/unknown/2023
[MetadataExtraction] ✅ albany: documents/unknown/2023
[MetadataExtraction] ✅ albany: documents/unknown/2023
[MetadataExtraction] ✅ albany: documents/unknown/2023
[MetadataExtraction] ✅ albany: documents/unknown/2023
[MetadataExtraction] ✅ albany: documents/unknown/2023
[MetadataExtraction] ✅ albany: documents/unknown/2023
[MetadataExtraction] ✅ albany: documents/unknown/2023
[MetadataExtraction] ✅ albany: documents/unknown/2022
[MetadataExtraction] ✅ albany: documents/unknown/2022
[MetadataExtraction] ✅ albany: documents/unknown/2022
[MetadataExtraction] ✅ albany: documents/unknown/2022
[MetadataExtraction] ✅ albany: documents/unknown/2022
[MetadataExtraction] ✅ albany: documents/unknown/2022
[MetadataExtraction] ✅ albany: documents/unknown/2022
[MetadataExtraction] ✅ albany: documents/unknown/2021
[MetadataExtraction] ✅ albany: documents/unknown/2021
[MetadataExtraction] ✅ albany: documents/unknown/2021
[MetadataExtraction] ✅ albany: documents/unknown/2021
[MetadataExtraction] ✅ albany: documents/unknown/2021

📊 Progress:
   Batch: 100 extracted, 0 failed
   Total: 1800 extracted, 0 failed
   Remaining: 3926 documents
   Rate: 4069.8 docs/min
   Elapsed: 0.4 minutes
   ETA: 1.0 minutes

======================================================================
📦 Batch 19
======================================================================
[MetadataExtraction] Processing 100 documents...
[MetadataExtraction] ✅ albany: documents/unknown/2021
[MetadataExtraction] ✅ albany: minutes/unknown/2020
[MetadataExtraction] ✅ albany: minutes/unknown/2020
[MetadataExtraction] ✅ albany: minutes/unknown/2020
[MetadataExtraction] ✅ albany: minutes/unknown/2020
[MetadataExtraction] ✅ albany: documents/unknown/2020
[MetadataExtraction] ✅ albany: documents/unknown/unknown
[MetadataExtraction] ✅ albany: documents/unknown/unknown
[MetadataExtraction] ✅ albany: documents/unknown/unknown
[MetadataExtraction] ✅ albany: documents/unknown/unknown
[MetadataExtraction] ✅ albany: documents/unknown/unknown
[MetadataExtraction] ✅ albany: documents/unknown/unknown
[MetadataExtraction] ✅ albany: documents/unknown/unknown
[MetadataExtraction] ✅ albany: documents/unknown/unknown
[MetadataExtraction] ✅ albany: documents/unknown/unknown
[MetadataExtraction] ✅ albany: documents/unknown/unknown
[MetadataExtraction] ✅ albany: documents/unknown/unknown
[MetadataExtraction] ✅ albany: documents/unknown/unknown
[MetadataExtraction] ✅ albany: documents/unknown/unknown
[MetadataExtraction] ✅ albany: documents/unknown/unknown
[MetadataExtraction] ✅ albany: documents/unknown/unknown
[MetadataExtraction] ✅ albany: documents/unknown/unknown
[MetadataExtraction] ✅ albany: documents/unknown/unknown
[MetadataExtraction] ✅ albany: documents/unknown/unknown
[MetadataExtraction] ✅ albany: documents/unknown/unknown
[MetadataExtraction] ✅ albany: documents/unknown/unknown
[MetadataExtraction] ✅ albany: documents/unknown/unknown
[MetadataExtraction] ✅ albany: documents/unknown/unknown
[MetadataExtraction] ✅ albany: documents/unknown/unknown
[MetadataExtraction] ✅ albany: documents/unknown/unknown
[MetadataExtraction] ✅ albany: documents/unknown/unknown
[MetadataExtraction] ✅ albany: documents/unknown/unknown
[MetadataExtraction] ✅ albany: documents/unknown/unknown
[MetadataExtraction] ✅ albany: documents/unknown/unknown
[MetadataExtraction] ✅ albany: documents/unknown/unknown
[MetadataExtraction] ✅ albany: documents/unknown/unknown
[MetadataExtraction] ✅ albany: documents/unknown/unknown
[MetadataExtraction] ✅ albany: documents/unknown/unknown
[MetadataExtraction] ✅ albany: documents/unknown/unknown
[MetadataExtraction] ✅ albany: documents/unknown/unknown
[MetadataExtraction] ✅ albany: documents/unknown/unknown
[MetadataExtraction] ✅ albany: documents/unknown/unknown
[MetadataExtraction] ✅ albany: documents/unknown/unknown
[MetadataExtraction] ✅ albany: documents/unknown/unknown
[MetadataExtraction] ✅ albany: documents/unknown/unknown
[MetadataExtraction] ✅ albany: documents/unknown/unknown
[MetadataExtraction] ✅ albany: documents/unknown/2016
[MetadataExtraction] ✅ albany: documents/unknown/2016
[MetadataExtraction] ✅ albany: documents/unknown/2019
[MetadataExtraction] ✅ albany: documents/unknown/2025
[MetadataExtraction] ✅ albany: documents/unknown/2020
[MetadataExtraction] ✅ albany: documents/unknown/2020
[MetadataExtraction] ✅ albany: documents/unknown/unknown
[MetadataExtraction] ✅ albany: documents/unknown/2021
[MetadataExtraction] ✅ albany: documents/unknown/2020
[MetadataExtraction] ✅ albany: documents/unknown/2020
[MetadataExtraction] ✅ albany: ordinances/unknown/2020
[MetadataExtraction] ✅ albany: documents/unknown/unknown
[MetadataExtraction] ✅ albany: documents/unknown/unknown
[MetadataExtraction] ✅ albany: documents/unknown/2011
[MetadataExtraction] ✅ albany: documents/unknown/unknown
[MetadataExtraction] ✅ albany: ordinances/unknown/2018
[MetadataExtraction] ✅ albany: ordinances/unknown/unknown
[MetadataExtraction] ✅ albany: ordinances/unknown/2016
[MetadataExtraction] ✅ albany: documents/unknown/unknown
[MetadataExtraction] ✅ albany: ordinances/unknown/unknown
[MetadataExtraction] ✅ albany: ordinances/unknown/unknown
[MetadataExtraction] ✅ albany: ordinances/unknown/2018
[MetadataExtraction] ✅ albany: documents/unknown/2025
[MetadataExtraction] ✅ albany: documents/unknown/2022
[MetadataExtraction] ✅ albany: documents/unknown/2022
[MetadataExtraction] ✅ albany: documents/unknown/2022
[MetadataExtraction] ✅ albany: documents/unknown/2022
[MetadataExtraction] ✅ albany: documents/unknown/2022
[MetadataExtraction] ✅ albany: documents/unknown/2022
[MetadataExtraction] ✅ albany: documents/unknown/2022
[MetadataExtraction] ✅ albany: documents/unknown/2022
[MetadataExtraction] ✅ albany: documents/unknown/2022
[MetadataExtraction] ✅ albany: documents/unknown/2022
[MetadataExtraction] ✅ albany: documents/unknown/2022
[MetadataExtraction] ✅ albany: documents/unknown/2022
[MetadataExtraction] ✅ albany: documents/unknown/2022
[MetadataExtraction] ✅ albany: documents/unknown/2022
[MetadataExtraction] ✅ albany: documents/unknown/unknown
[MetadataExtraction] ✅ albany: documents/unknown/2023
[MetadataExtraction] ✅ albany: documents/unknown/2023
[MetadataExtraction] ✅ albany: documents/unknown/2023
[MetadataExtraction] ✅ albany: documents/unknown/2023
[MetadataExtraction] ✅ albany: documents/unknown/2023
[MetadataExtraction] ✅ albany: documents/unknown/2023
[MetadataExtraction] ✅ albany: documents/unknown/2023
[MetadataExtraction] ✅ conway: reports/unknown/2023
[MetadataExtraction] ✅ conway: reports/unknown/2024
[MetadataExtraction] ✅ conway: documents/unknown/unknown
[MetadataExtraction] ✅ conway: documents/unknown/unknown
[MetadataExtraction] ✅ conway: documents/unknown/unknown
[MetadataExtraction] ✅ conway: documents/unknown/2017
[MetadataExtraction] ✅ conway: documents/unknown/unknown
[MetadataExtraction] ✅ conway: documents/unknown/unknown
[MetadataExtraction] ✅ conway: documents/unknown/unknown

📊 Progress:
   Batch: 100 extracted, 0 failed
   Total: 1900 extracted, 0 failed
   Remaining: 3826 documents
   Rate: 4064.5 docs/min
   Elapsed: 0.5 minutes
   ETA: 0.9 minutes

======================================================================
📦 Batch 20
======================================================================
[MetadataExtraction] Processing 100 documents...
[MetadataExtraction] ✅ conway: forms/unknown/unknown
[MetadataExtraction] ✅ conway: documents/unknown/unknown
[MetadataExtraction] ✅ conway: documents/unknown/unknown
[MetadataExtraction] ✅ conway: documents/unknown/unknown
[MetadataExtraction] ✅ conway: agendas/unknown/2026
[MetadataExtraction] ✅ conway: documents/unknown/2026
[MetadataExtraction] ✅ conway: documents/Planning_Board/2026
[MetadataExtraction] ✅ conway: documents/unknown/2026
[MetadataExtraction] ✅ conway: documents/Zoning_Board/2026
[MetadataExtraction] ✅ conway: minutes/unknown/2024
[MetadataExtraction] ✅ conway: documents/unknown/unknown
[MetadataExtraction] ✅ conway: documents/unknown/2026
[MetadataExtraction] ✅ conway: documents/unknown/unknown
[MetadataExtraction] ✅ conway: documents/unknown/unknown
[MetadataExtraction] ✅ conway: documents/unknown/2021
[MetadataExtraction] ✅ conway: documents/unknown/unknown
[MetadataExtraction] ✅ conway: documents/unknown/unknown
[MetadataExtraction] ✅ conway: documents/unknown/unknown
[MetadataExtraction] ✅ conway: documents/unknown/unknown
[MetadataExtraction] ✅ conway: documents/unknown/unknown
[MetadataExtraction] ✅ conway: documents/unknown/unknown
[MetadataExtraction] ✅ conway: documents/unknown/2025
[MetadataExtraction] ✅ conway: documents/unknown/2024
[MetadataExtraction] ✅ conway: documents/unknown/unknown
[MetadataExtraction] ✅ conway: documents/unknown/2025
[MetadataExtraction] ✅ conway: documents/unknown/unknown
[MetadataExtraction] ✅ conway: documents/unknown/unknown
[MetadataExtraction] ✅ conway: documents/unknown/2026
[MetadataExtraction] ✅ conway: documents/unknown/unknown
[MetadataExtraction] ✅ conway: documents/unknown/unknown
[MetadataExtraction] ✅ conway: documents/unknown/unknown
[MetadataExtraction] ✅ conway: documents/unknown/2025
[MetadataExtraction] ✅ conway: documents/unknown/2025
[MetadataExtraction] ✅ conway: documents/unknown/2025
[MetadataExtraction] ✅ effingham: reports/unknown/2020
[MetadataExtraction] ✅ effingham: reports/unknown/2021
[MetadataExtraction] ✅ effingham: reports/unknown/2021
[MetadataExtraction] ✅ effingham: reports/unknown/2021
[MetadataExtraction] ✅ effingham: ordinances/unknown/unknown
[MetadataExtraction] ✅ effingham: documents/unknown/2014
[MetadataExtraction] ✅ effingham: documents/unknown/2015
[MetadataExtraction] ✅ effingham: documents/unknown/2016
[MetadataExtraction] ✅ effingham: documents/unknown/2018
[MetadataExtraction] ✅ effingham: documents/unknown/2019
[MetadataExtraction] ✅ effingham: documents/unknown/2020
[MetadataExtraction] ✅ effingham: documents/unknown/2022
[MetadataExtraction] ✅ effingham: documents/unknown/2023
[MetadataExtraction] ✅ effingham: minutes/unknown/2008
[MetadataExtraction] ✅ effingham: minutes/unknown/2009
[MetadataExtraction] ✅ effingham: minutes/unknown/2011
[MetadataExtraction] ✅ effingham: minutes/unknown/2012
[MetadataExtraction] ✅ freedom: minutes/unknown/2025
[MetadataExtraction] ✅ effingham: minutes/unknown/2017
[MetadataExtraction] ✅ effingham: documents/unknown/2018
[MetadataExtraction] ✅ effingham: minutes/unknown/2019
[MetadataExtraction] ✅ effingham: documents/unknown/2020
[MetadataExtraction] ✅ effingham: documents/unknown/2022
[MetadataExtraction] ✅ effingham: minutes/unknown/2024
[MetadataExtraction] ✅ effingham: reports/unknown/unknown
[MetadataExtraction] ✅ effingham: reports/unknown/unknown
[MetadataExtraction] ✅ effingham: reports/unknown/unknown
[MetadataExtraction] ✅ effingham: reports/unknown/2000
[MetadataExtraction] ✅ effingham: reports/unknown/2001
[MetadataExtraction] ✅ effingham: reports/unknown/2003
[MetadataExtraction] ✅ effingham: reports/unknown/2004
[MetadataExtraction] ✅ effingham: reports/unknown/2005
[MetadataExtraction] ✅ effingham: reports/unknown/2007
[MetadataExtraction] ✅ effingham: reports/unknown/2008
[MetadataExtraction] ✅ effingham: documents/unknown/2024
[MetadataExtraction] ✅ effingham: documents/unknown/2025
[MetadataExtraction] ✅ effingham: documents/unknown/2016
[MetadataExtraction] ✅ effingham: forms/unknown/unknown
[MetadataExtraction] ✅ effingham: documents/unknown/unknown
[MetadataExtraction] ✅ effingham: documents/unknown/2025
[MetadataExtraction] ✅ effingham: reports/unknown/2011
[MetadataExtraction] ✅ effingham: reports/unknown/2012
[MetadataExtraction] ✅ effingham: reports/unknown/2013
[MetadataExtraction] ✅ effingham: reports/unknown/2014
[MetadataExtraction] ✅ effingham: reports/unknown/2016
[MetadataExtraction] ✅ effingham: reports/unknown/2017
[MetadataExtraction] ✅ effingham: reports/unknown/2018
[MetadataExtraction] ✅ effingham: reports/unknown/2019
[MetadataExtraction] ✅ effingham: reports/unknown/2020
[MetadataExtraction] ✅ effingham: reports/unknown/2022
[MetadataExtraction] ✅ effingham: reports/unknown/2023
[MetadataExtraction] ✅ effingham: ordinances/unknown/2004
[MetadataExtraction] ✅ effingham: documents/unknown/2025
[MetadataExtraction] ✅ effingham: documents/unknown/unknown
[MetadataExtraction] ✅ effingham: documents/unknown/unknown
[MetadataExtraction] ✅ effingham: ordinances/unknown/2018
[MetadataExtraction] ✅ effingham: documents/unknown/2025
[MetadataExtraction] ✅ effingham: documents/unknown/unknown
[MetadataExtraction] ✅ effingham: documents/unknown/unknown
[MetadataExtraction] ✅ effingham: documents/unknown/2019
[MetadataExtraction] ✅ effingham: documents/unknown/unknown
[MetadataExtraction] ✅ effingham: documents/unknown/2024
[MetadataExtraction] ✅ effingham: documents/unknown/2024
[MetadataExtraction] ✅ effingham: ordinances/unknown/unknown
[MetadataExtraction] ✅ effingham: documents/unknown/2022
[MetadataExtraction] ✅ effingham: documents/unknown/unknown

📊 Progress:
   Batch: 100 extracted, 0 failed
   Total: 2000 extracted, 0 failed
   Remaining: 3726 documents
   Rate: 4056.5 docs/min
   Elapsed: 0.5 minutes
   ETA: 0.9 minutes

======================================================================
📦 Batch 21
======================================================================
[MetadataExtraction] Processing 100 documents...
[MetadataExtraction] ✅ effingham: documents/unknown/unknown
[MetadataExtraction] ✅ effingham: documents/unknown/2025
[MetadataExtraction] ✅ effingham: documents/unknown/2025
[MetadataExtraction] ✅ effingham: documents/unknown/2025
[MetadataExtraction] ✅ effingham: budget/Budget_Committee/2025
[MetadataExtraction] ✅ effingham: documents/unknown/2024
[MetadataExtraction] ✅ effingham: budget/unknown/2024
[MetadataExtraction] ✅ effingham: documents/unknown/2025
[MetadataExtraction] ✅ effingham: documents/unknown/2025
[MetadataExtraction] ✅ effingham: documents/unknown/unknown
[MetadataExtraction] ✅ effingham: documents/unknown/unknown
[MetadataExtraction] ✅ effingham: documents/unknown/unknown
[MetadataExtraction] ✅ effingham: documents/unknown/unknown
[MetadataExtraction] ✅ effingham: documents/unknown/2025
[MetadataExtraction] ✅ effingham: documents/unknown/unknown
[MetadataExtraction] ✅ effingham: documents/unknown/unknown
[MetadataExtraction] ✅ effingham: documents/unknown/unknown
[MetadataExtraction] ✅ effingham: documents/unknown/unknown
[MetadataExtraction] ✅ effingham: documents/unknown/unknown
[MetadataExtraction] ✅ effingham: documents/unknown/unknown
[MetadataExtraction] ✅ effingham: documents/unknown/unknown
[MetadataExtraction] ✅ effingham: documents/unknown/unknown
[MetadataExtraction] ✅ effingham: documents/unknown/unknown
[MetadataExtraction] ✅ effingham: documents/unknown/2024
[MetadataExtraction] ✅ effingham: documents/unknown/2024
[MetadataExtraction] ✅ effingham: documents/unknown/2024
[MetadataExtraction] ✅ effingham: documents/unknown/unknown
[MetadataExtraction] ✅ effingham: documents/unknown/2025
[MetadataExtraction] ✅ effingham: documents/unknown/2025
[MetadataExtraction] ✅ effingham: documents/unknown/unknown
[MetadataExtraction] ✅ effingham: documents/unknown/unknown
[MetadataExtraction] ✅ effingham: documents/unknown/unknown
[MetadataExtraction] ✅ effingham: documents/unknown/unknown
[MetadataExtraction] ✅ effingham: documents/unknown/2022
[MetadataExtraction] ✅ effingham: documents/unknown/2024
[MetadataExtraction] ✅ effingham: documents/unknown/unknown
[MetadataExtraction] ✅ effingham: documents/unknown/unknown
[MetadataExtraction] ✅ effingham: documents/unknown/2025
[MetadataExtraction] ✅ effingham: documents/unknown/2025
[MetadataExtraction] ✅ effingham: documents/unknown/unknown
[MetadataExtraction] ✅ effingham: documents/unknown/unknown
[MetadataExtraction] ✅ effingham: ordinances/unknown/unknown
[MetadataExtraction] ✅ effingham: agendas/unknown/2024
[MetadataExtraction] ✅ effingham: agendas/unknown/2025
[MetadataExtraction] ✅ effingham: documents/unknown/2017
[MetadataExtraction] ✅ effingham: documents/unknown/2018
[MetadataExtraction] ✅ effingham: documents/unknown/2019
[MetadataExtraction] ✅ effingham: documents/unknown/2021
[MetadataExtraction] ✅ effingham: documents/unknown/2023
[MetadataExtraction] ✅ effingham: documents/unknown/unknown
[MetadataExtraction] ✅ effingham: documents/unknown/unknown
[MetadataExtraction] ✅ effingham: documents/unknown/unknown
[MetadataExtraction] ✅ effingham: documents/unknown/unknown
[MetadataExtraction] ✅ effingham: documents/unknown/unknown
[MetadataExtraction] ✅ effingham: documents/unknown/unknown
[MetadataExtraction] ✅ effingham: documents/unknown/unknown
[MetadataExtraction] ✅ effingham: documents/unknown/unknown
[MetadataExtraction] ✅ effingham: documents/unknown/unknown
[MetadataExtraction] ✅ effingham: documents/unknown/unknown
[MetadataExtraction] ✅ effingham: documents/unknown/2022
[MetadataExtraction] ✅ effingham: documents/unknown/unknown
[MetadataExtraction] ✅ effingham: documents/unknown/unknown
[MetadataExtraction] ✅ effingham: documents/unknown/2022
[MetadataExtraction] ✅ effingham: documents/unknown/2018
[MetadataExtraction] ✅ effingham: documents/unknown/2022
[MetadataExtraction] ✅ effingham: documents/unknown/2025
[MetadataExtraction] ✅ effingham: documents/unknown/2022
[MetadataExtraction] ✅ effingham: documents/unknown/2022
[MetadataExtraction] ✅ effingham: documents/unknown/unknown
[MetadataExtraction] ✅ effingham: ordinances/unknown/2025
[MetadataExtraction] ✅ effingham: documents/unknown/unknown
[MetadataExtraction] ✅ effingham: agendas/Planning_Board/2024
[MetadataExtraction] ✅ effingham: documents/unknown/2022
[MetadataExtraction] ✅ effingham: documents/unknown/unknown
[MetadataExtraction] ✅ effingham: documents/unknown/unknown
[MetadataExtraction] ✅ effingham: documents/unknown/2025
[MetadataExtraction] ✅ effingham: documents/unknown/unknown
[MetadataExtraction] ✅ effingham: documents/unknown/2025
[MetadataExtraction] ✅ effingham: documents/unknown/unknown
[MetadataExtraction] ✅ effingham: documents/unknown/2024
[MetadataExtraction] ✅ effingham: documents/unknown/2025
[MetadataExtraction] ✅ effingham: documents/unknown/2025
[MetadataExtraction] ✅ effingham: documents/unknown/2026
[MetadataExtraction] ✅ effingham: documents/unknown/2020
[MetadataExtraction] ✅ effingham: documents/unknown/unknown
[MetadataExtraction] ✅ effingham: documents/unknown/unknown
[MetadataExtraction] ✅ effingham: documents/unknown/unknown
[MetadataExtraction] ✅ effingham: documents/unknown/unknown
[MetadataExtraction] ✅ effingham: documents/unknown/unknown
[MetadataExtraction] ✅ effingham: documents/unknown/unknown
[MetadataExtraction] ✅ effingham: documents/unknown/unknown
[MetadataExtraction] ✅ effingham: documents/unknown/2018
[MetadataExtraction] ✅ effingham: documents/unknown/2019
[MetadataExtraction] ✅ effingham: documents/unknown/2021
[MetadataExtraction] ✅ effingham: documents/unknown/2022
[MetadataExtraction] ✅ effingham: documents/unknown/2023
[MetadataExtraction] ✅ effingham: documents/unknown/unknown
[MetadataExtraction] ✅ effingham: documents/Zoning_Board/unknown
[MetadataExtraction] ✅ effingham: documents/Zoning_Board/unknown
[MetadataExtraction] ✅ effingham: agendas/Zoning_Board/2024

📊 Progress:
   Batch: 100 extracted, 0 failed
   Total: 2100 extracted, 0 failed
   Remaining: 3626 documents
   Rate: 4054.1 docs/min
   Elapsed: 0.5 minutes
   ETA: 0.9 minutes

======================================================================
📦 Batch 22
======================================================================
[MetadataExtraction] Processing 100 documents...
[MetadataExtraction] ✅ effingham: documents/unknown/2023
[MetadataExtraction] ✅ effingham: forms/unknown/unknown
[MetadataExtraction] ✅ effingham: documents/unknown/unknown
[MetadataExtraction] ✅ effingham: documents/unknown/unknown
[MetadataExtraction] ✅ effingham: documents/unknown/unknown
[MetadataExtraction] ✅ effingham: documents/unknown/2017
[MetadataExtraction] ✅ effingham: documents/unknown/unknown
[MetadataExtraction] ✅ effingham: documents/unknown/unknown
[MetadataExtraction] ✅ effingham: documents/unknown/unknown
[MetadataExtraction] ✅ effingham: documents/unknown/unknown
[MetadataExtraction] ✅ effingham: documents/unknown/unknown
[MetadataExtraction] ✅ effingham: ordinances/unknown/unknown
[MetadataExtraction] ✅ effingham: documents/unknown/2019
[MetadataExtraction] ✅ effingham: documents/unknown/2019
[MetadataExtraction] ✅ effingham: documents/unknown/unknown
[MetadataExtraction] ✅ effingham: documents/unknown/unknown
[MetadataExtraction] ✅ effingham: budget/unknown/unknown
[MetadataExtraction] ✅ effingham: documents/unknown/2020
[MetadataExtraction] ✅ brookfield: documents/unknown/2025
[MetadataExtraction] ✅ effingham: documents/unknown/2024
[MetadataExtraction] ✅ effingham: documents/unknown/unknown
[MetadataExtraction] ✅ effingham: documents/unknown/unknown
[MetadataExtraction] ✅ effingham: reports/Conservation_Commission/2013
[MetadataExtraction] ✅ effingham: documents/unknown/2013
[MetadataExtraction] ✅ effingham: reports/unknown/unknown
[MetadataExtraction] ✅ effingham: documents/unknown/unknown
[MetadataExtraction] ✅ effingham: ordinances/unknown/unknown
[MetadataExtraction] ✅ effingham: documents/unknown/2013
[MetadataExtraction] ✅ effingham: documents/unknown/unknown
[MetadataExtraction] ✅ effingham: documents/unknown/2016
[MetadataExtraction] ✅ effingham: documents/unknown/2016
[MetadataExtraction] ✅ effingham: documents/unknown/unknown
[MetadataExtraction] ✅ effingham: documents/unknown/2018
[MetadataExtraction] ✅ effingham: documents/unknown/2022
[MetadataExtraction] ✅ effingham: documents/unknown/2021
[MetadataExtraction] ✅ effingham: documents/unknown/2021
[MetadataExtraction] ✅ effingham: documents/unknown/unknown
[MetadataExtraction] ✅ effingham: ordinances/unknown/unknown
[MetadataExtraction] ✅ effingham: reports/unknown/2016
[MetadataExtraction] ✅ effingham: reports/unknown/2014
[MetadataExtraction] ✅ effingham: documents/unknown/unknown
[MetadataExtraction] ✅ effingham: documents/unknown/unknown
[MetadataExtraction] ✅ effingham: documents/unknown/2025
[MetadataExtraction] ✅ effingham: documents/unknown/unknown
[MetadataExtraction] ✅ effingham: documents/unknown/unknown
[MetadataExtraction] ✅ eaton: minutes/Zoning_Board/2025
[MetadataExtraction] ✅ eaton: minutes/Zoning_Board/2025
[MetadataExtraction] ✅ eaton: minutes/Zoning_Board/2025
[MetadataExtraction] ✅ eaton: minutes/Zoning_Board/2025
[MetadataExtraction] ✅ eaton: documents/Zoning_Board/unknown
[MetadataExtraction] ✅ eaton: documents/unknown/2026
[MetadataExtraction] ✅ eaton: documents/unknown/2026
[MetadataExtraction] ✅ eaton: documents/unknown/unknown
[MetadataExtraction] ✅ eaton: documents/unknown/unknown
[MetadataExtraction] ✅ eaton: documents/unknown/unknown
[MetadataExtraction] ✅ eaton: documents/unknown/unknown
[MetadataExtraction] ✅ eaton: documents/unknown/unknown
[MetadataExtraction] ✅ eaton: documents/unknown/unknown
[MetadataExtraction] ✅ eaton: documents/unknown/unknown
[MetadataExtraction] ✅ eaton: minutes/unknown/2024
[MetadataExtraction] ✅ eaton: minutes/unknown/2023
[MetadataExtraction] ✅ eaton: minutes/unknown/2022
[MetadataExtraction] ✅ eaton: minutes/unknown/2020
[MetadataExtraction] ✅ eaton: documents/unknown/2026
[MetadataExtraction] ✅ eaton: documents/unknown/2026
[MetadataExtraction] ✅ eaton: documents/unknown/2025
[MetadataExtraction] ✅ eaton: documents/unknown/unknown
[MetadataExtraction] ✅ eaton: documents/unknown/unknown
[MetadataExtraction] ✅ eaton: documents/unknown/unknown
[MetadataExtraction] ✅ eaton: documents/unknown/unknown
[MetadataExtraction] ✅ eaton: documents/unknown/unknown
[MetadataExtraction] ✅ eaton: documents/unknown/unknown
[MetadataExtraction] ✅ eaton: documents/unknown/2025
[MetadataExtraction] ✅ eaton: documents/unknown/2024
[MetadataExtraction] ✅ eaton: documents/unknown/2023
[MetadataExtraction] ✅ eaton: documents/unknown/unknown
[MetadataExtraction] ✅ eaton: documents/unknown/2021
[MetadataExtraction] ✅ eaton: documents/unknown/unknown
[MetadataExtraction] ✅ eaton: documents/unknown/2022
[MetadataExtraction] ✅ eaton: documents/unknown/2023
[MetadataExtraction] ✅ eaton: documents/unknown/unknown
[MetadataExtraction] ✅ eaton: documents/unknown/unknown
[MetadataExtraction] ✅ eaton: documents/unknown/2021
[MetadataExtraction] ✅ eaton: documents/unknown/2022
[MetadataExtraction] ✅ eaton: documents/unknown/unknown
[MetadataExtraction] ✅ eaton: documents/unknown/unknown
[MetadataExtraction] ✅ eaton: documents/unknown/2026
[MetadataExtraction] ✅ eaton: documents/unknown/2026
[MetadataExtraction] ✅ eaton: documents/unknown/unknown
[MetadataExtraction] ✅ eaton: forms/unknown/unknown
[MetadataExtraction] ✅ eaton: documents/Zoning_Board/2026
[MetadataExtraction] ✅ eaton: documents/unknown/unknown
[MetadataExtraction] ✅ eaton: documents/unknown/unknown
[MetadataExtraction] ✅ eaton: documents/unknown/2024
[MetadataExtraction] ✅ eaton: documents/unknown/2025
[MetadataExtraction] ✅ eaton: ordinances/unknown/2014
[MetadataExtraction] ✅ eaton: documents/unknown/2018
[MetadataExtraction] ✅ eaton: documents/unknown/2022
[MetadataExtraction] ✅ eaton: documents/unknown/2022
[MetadataExtraction] ✅ eaton: documents/unknown/2017

📊 Progress:
   Batch: 100 extracted, 0 failed
   Total: 2200 extracted, 0 failed
   Remaining: 3526 documents
   Rate: 4044.7 docs/min
   Elapsed: 0.5 minutes
   ETA: 0.9 minutes

======================================================================
📦 Batch 23
======================================================================
[MetadataExtraction] Processing 100 documents...
[MetadataExtraction] ✅ eaton: documents/unknown/2017
[MetadataExtraction] ✅ eaton: documents/unknown/2022
[MetadataExtraction] ✅ eaton: ordinances/unknown/2025
[MetadataExtraction] ✅ eaton: documents/unknown/2015
[MetadataExtraction] ✅ eaton: documents/unknown/2020
[MetadataExtraction] ✅ eaton: minutes/unknown/2021
[MetadataExtraction] ✅ freedom: documents/unknown/2022
[MetadataExtraction] ✅ freedom: documents/unknown/unknown
[MetadataExtraction] ✅ freedom: documents/unknown/unknown
[MetadataExtraction] ✅ freedom: documents/unknown/2020
[MetadataExtraction] ✅ freedom: documents/unknown/unknown
[MetadataExtraction] ✅ freedom: documents/unknown/unknown
[MetadataExtraction] ✅ freedom: documents/unknown/unknown
[MetadataExtraction] ✅ freedom: documents/unknown/unknown
[MetadataExtraction] ✅ freedom: documents/unknown/unknown
[MetadataExtraction] ✅ freedom: documents/unknown/unknown
[MetadataExtraction] ✅ freedom: documents/unknown/unknown
[MetadataExtraction] ✅ freedom: documents/unknown/unknown
[MetadataExtraction] ✅ freedom: documents/unknown/2057
[MetadataExtraction] ✅ freedom: documents/unknown/unknown
[MetadataExtraction] ✅ freedom: documents/unknown/unknown
[MetadataExtraction] ✅ freedom: documents/unknown/unknown
[MetadataExtraction] ✅ freedom: documents/unknown/unknown
[MetadataExtraction] ✅ freedom: documents/unknown/unknown
[MetadataExtraction] ✅ freedom: documents/unknown/2020
[MetadataExtraction] ✅ freedom: minutes/unknown/2024
[MetadataExtraction] ✅ moultonborough: documents/unknown/unknown
[MetadataExtraction] ✅ freedom: documents/unknown/2024
[MetadataExtraction] ✅ freedom: documents/Zoning_Board/2021
[MetadataExtraction] ✅ freedom: documents/unknown/2020
[MetadataExtraction] ✅ freedom: documents/unknown/2023
[MetadataExtraction] ✅ freedom: documents/unknown/unknown
[MetadataExtraction] ✅ freedom: minutes/unknown/2025
[MetadataExtraction] ✅ freedom: documents/unknown/2025
[MetadataExtraction] ✅ freedom: minutes/unknown/2025
[MetadataExtraction] ✅ freedom: documents/unknown/unknown
[MetadataExtraction] ✅ freedom: documents/unknown/2025
[MetadataExtraction] ✅ freedom: forms/unknown/unknown
[MetadataExtraction] ✅ freedom: documents/unknown/2023
[MetadataExtraction] ✅ freedom: documents/unknown/2024
[MetadataExtraction] ✅ freedom: documents/unknown/2023
[MetadataExtraction] ✅ conway: documents/unknown/unknown
[MetadataExtraction] ✅ freedom: documents/unknown/2021
[MetadataExtraction] ✅ freedom: forms/unknown/2021
[MetadataExtraction] ✅ freedom: documents/unknown/2022
[MetadataExtraction] ✅ freedom: documents/unknown/2022
[MetadataExtraction] ✅ freedom: documents/unknown/2022
[MetadataExtraction] ✅ freedom: documents/unknown/2023
[MetadataExtraction] ✅ freedom: documents/unknown/2021
[MetadataExtraction] ✅ freedom: documents/unknown/2022
[MetadataExtraction] ✅ freedom: documents/unknown/2025
[MetadataExtraction] ✅ freedom: documents/Zoning_Board/2022
[MetadataExtraction] ✅ freedom: documents/unknown/unknown
[MetadataExtraction] ✅ freedom: documents/unknown/2025
[MetadataExtraction] ✅ freedom: documents/unknown/2025
[MetadataExtraction] ✅ freedom: documents/unknown/2025
[MetadataExtraction] ✅ freedom: documents/unknown/2023
[MetadataExtraction] ✅ freedom: forms/unknown/2016
[MetadataExtraction] ✅ freedom: documents/unknown/2025
[MetadataExtraction] ✅ freedom: documents/unknown/2022
[MetadataExtraction] ✅ freedom: documents/unknown/2025
[MetadataExtraction] ✅ freedom: documents/unknown/unknown
[MetadataExtraction] ✅ freedom: documents/unknown/unknown
[MetadataExtraction] ✅ freedom: documents/unknown/2024
[MetadataExtraction] ✅ freedom: documents/unknown/2021
[MetadataExtraction] ✅ freedom: forms/unknown/2021
[MetadataExtraction] ✅ freedom: documents/unknown/unknown
[MetadataExtraction] ✅ freedom: documents/unknown/unknown
[MetadataExtraction] ✅ freedom: ordinances/unknown/2020
[MetadataExtraction] ✅ freedom: documents/unknown/2022
[MetadataExtraction] ✅ freedom: documents/unknown/2021
[MetadataExtraction] ✅ freedom: documents/unknown/2024
[MetadataExtraction] ✅ freedom: forms/unknown/2016
[MetadataExtraction] ✅ freedom: ordinances/unknown/2025
[MetadataExtraction] ✅ freedom: ordinances/unknown/unknown
[MetadataExtraction] ✅ freedom: documents/unknown/unknown
[MetadataExtraction] ✅ freedom: documents/unknown/2019
[MetadataExtraction] ✅ freedom: forms/unknown/unknown
[MetadataExtraction] ✅ freedom: documents/unknown/2021
[MetadataExtraction] ✅ freedom: documents/unknown/unknown
[MetadataExtraction] ✅ freedom: ordinances/unknown/2018
[MetadataExtraction] ✅ freedom: documents/unknown/2022
[MetadataExtraction] ✅ freedom: documents/unknown/2022
[MetadataExtraction] ✅ freedom: documents/unknown/2022
[MetadataExtraction] ✅ freedom: documents/unknown/2022
[MetadataExtraction] ✅ freedom: documents/unknown/2022
[MetadataExtraction] ✅ freedom: documents/unknown/2022
[MetadataExtraction] ✅ freedom: documents/unknown/2022
[MetadataExtraction] ✅ freedom: documents/unknown/2022
[MetadataExtraction] ✅ freedom: documents/unknown/2022
[MetadataExtraction] ✅ freedom: documents/unknown/2022
[MetadataExtraction] ✅ freedom: documents/unknown/2022
[MetadataExtraction] ✅ freedom: documents/unknown/2022
[MetadataExtraction] ✅ freedom: documents/unknown/2022
[MetadataExtraction] ✅ freedom: documents/unknown/2022
[MetadataExtraction] ✅ freedom: documents/unknown/2022
[MetadataExtraction] ✅ freedom: documents/unknown/2025
[MetadataExtraction] ✅ freedom: documents/unknown/2025
[MetadataExtraction] ✅ harts-location: documents/unknown/2025
[MetadataExtraction] ✅ harts-location: documents/unknown/unknown

📊 Progress:
   Batch: 100 extracted, 0 failed
   Total: 2300 extracted, 0 failed
   Remaining: 3426 documents
   Rate: 4041.8 docs/min
   Elapsed: 0.6 minutes
   ETA: 0.8 minutes

======================================================================
📦 Batch 24
======================================================================
[MetadataExtraction] Processing 100 documents...
[MetadataExtraction] ✅ harts-location: documents/unknown/unknown
[MetadataExtraction] ✅ harts-location: documents/unknown/2020
[MetadataExtraction] ✅ harts-location: documents/unknown/2020
[MetadataExtraction] ✅ harts-location: documents/unknown/2025
[MetadataExtraction] ✅ moultonborough: documents/unknown/2022
[MetadataExtraction] ✅ moultonborough: documents/unknown/2016
[MetadataExtraction] ✅ moultonborough: documents/unknown/2024
[MetadataExtraction] ✅ moultonborough: documents/unknown/2016
[MetadataExtraction] ✅ moultonborough: documents/unknown/unknown
[MetadataExtraction] ✅ moultonborough: documents/unknown/unknown
[MetadataExtraction] ✅ moultonborough: documents/unknown/unknown
[MetadataExtraction] ✅ moultonborough: documents/unknown/unknown
[MetadataExtraction] ✅ moultonborough: documents/unknown/unknown
[MetadataExtraction] ✅ moultonborough: documents/unknown/unknown
[MetadataExtraction] ✅ moultonborough: documents/unknown/unknown
[MetadataExtraction] ✅ moultonborough: documents/unknown/unknown
[MetadataExtraction] ✅ moultonborough: minutes/unknown/2025
[MetadataExtraction] ✅ moultonborough: minutes/unknown/2024
[MetadataExtraction] ✅ moultonborough: minutes/unknown/2022
[MetadataExtraction] ✅ moultonborough: minutes/unknown/2021
[MetadataExtraction] ✅ moultonborough: minutes/unknown/2020
[MetadataExtraction] ✅ moultonborough: minutes/unknown/2019
[MetadataExtraction] ✅ moultonborough: minutes/unknown/2017
[MetadataExtraction] ✅ moultonborough: minutes/unknown/2016
[MetadataExtraction] ✅ moultonborough: minutes/unknown/2014
[MetadataExtraction] ✅ moultonborough: minutes/unknown/2013
[MetadataExtraction] ✅ moultonborough: minutes/unknown/2012
[MetadataExtraction] ✅ moultonborough: minutes/unknown/2011
[MetadataExtraction] ✅ moultonborough: minutes/unknown/2009
[MetadataExtraction] ✅ moultonborough: minutes/unknown/2008
[MetadataExtraction] ✅ moultonborough: minutes/unknown/2007
[MetadataExtraction] ✅ moultonborough: minutes/unknown/2006
[MetadataExtraction] ✅ moultonborough: minutes/unknown/2004
[MetadataExtraction] ✅ moultonborough: documents/unknown/unknown
[MetadataExtraction] ✅ moultonborough: documents/unknown/unknown
[MetadataExtraction] ✅ moultonborough: documents/unknown/unknown
[MetadataExtraction] ✅ moultonborough: documents/unknown/unknown
[MetadataExtraction] ✅ moultonborough: documents/unknown/2021
[MetadataExtraction] ✅ moultonborough: documents/unknown/unknown
[MetadataExtraction] ✅ moultonborough: documents/unknown/2024
[MetadataExtraction] ✅ moultonborough: documents/Zoning_Board/2023
[MetadataExtraction] ✅ moultonborough: documents/unknown/2024
[MetadataExtraction] ✅ moultonborough: documents/unknown/unknown
[MetadataExtraction] ✅ moultonborough: forms/unknown/unknown
[MetadataExtraction] ✅ moultonborough: documents/unknown/unknown
[MetadataExtraction] ✅ moultonborough: forms/unknown/unknown
[MetadataExtraction] ✅ moultonborough: documents/unknown/unknown
[MetadataExtraction] ✅ moultonborough: documents/unknown/unknown
[MetadataExtraction] ✅ moultonborough: agendas/Board_of_Selectmen/2032
[MetadataExtraction] ✅ moultonborough: agendas/Board_of_Selectmen/2026
[MetadataExtraction] ✅ moultonborough: agendas/Board_of_Selectmen/unknown
[MetadataExtraction] ✅ moultonborough: agendas/Board_of_Selectmen/2022
[MetadataExtraction] ✅ moultonborough: agendas/Board_of_Selectmen/unknown
[MetadataExtraction] ✅ moultonborough: agendas/Board_of_Selectmen/unknown
[MetadataExtraction] ✅ moultonborough: agendas/Board_of_Selectmen/unknown
[MetadataExtraction] ✅ moultonborough: agendas/Board_of_Selectmen/unknown
[MetadataExtraction] ✅ moultonborough: agendas/Board_of_Selectmen/unknown
[MetadataExtraction] ✅ moultonborough: agendas/Board_of_Selectmen/unknown
[MetadataExtraction] ✅ moultonborough: agendas/Board_of_Selectmen/unknown
[MetadataExtraction] ✅ moultonborough: agendas/Board_of_Selectmen/unknown
[MetadataExtraction] ✅ moultonborough: agendas/Board_of_Selectmen/unknown
[MetadataExtraction] ✅ moultonborough: agendas/Board_of_Selectmen/unknown
[MetadataExtraction] ✅ moultonborough: agendas/Board_of_Selectmen/unknown
[MetadataExtraction] ✅ moultonborough: agendas/Board_of_Selectmen/unknown
[MetadataExtraction] ✅ moultonborough: agendas/Board_of_Selectmen/2025
[MetadataExtraction] ✅ moultonborough: agendas/Board_of_Selectmen/unknown
[MetadataExtraction] ✅ moultonborough: agendas/Board_of_Selectmen/2025
[MetadataExtraction] ✅ moultonborough: agendas/Board_of_Selectmen/unknown
[MetadataExtraction] ✅ moultonborough: agendas/Board_of_Selectmen/unknown
[MetadataExtraction] ✅ moultonborough: agendas/Board_of_Selectmen/unknown
[MetadataExtraction] ✅ moultonborough: agendas/Board_of_Selectmen/unknown
[MetadataExtraction] ✅ moultonborough: agendas/unknown/2052
[MetadataExtraction] ✅ moultonborough: agendas/unknown/unknown
[MetadataExtraction] ✅ moultonborough: agendas/unknown/unknown
[MetadataExtraction] ✅ moultonborough: agendas/unknown/unknown
[MetadataExtraction] ✅ moultonborough: agendas/unknown/unknown
[MetadataExtraction] ✅ moultonborough: agendas/unknown/unknown
[MetadataExtraction] ✅ moultonborough: agendas/unknown/unknown
[MetadataExtraction] ✅ moultonborough: agendas/unknown/unknown
[MetadataExtraction] ✅ moultonborough: agendas/unknown/2024
[MetadataExtraction] ✅ moultonborough: agendas/unknown/unknown
[MetadataExtraction] ✅ moultonborough: agendas/unknown/unknown
[MetadataExtraction] ✅ moultonborough: agendas/unknown/unknown
[MetadataExtraction] ✅ moultonborough: agendas/unknown/unknown
[MetadataExtraction] ✅ moultonborough: documents/unknown/unknown
[MetadataExtraction] ✅ moultonborough: agendas/unknown/unknown
[MetadataExtraction] ✅ moultonborough: agendas/unknown/unknown
[MetadataExtraction] ✅ moultonborough: agendas/unknown/2012
[MetadataExtraction] ✅ moultonborough: documents/unknown/unknown
[MetadataExtraction] ✅ moultonborough: documents/unknown/unknown
[MetadataExtraction] ✅ moultonborough: documents/unknown/unknown
[MetadataExtraction] ✅ moultonborough: documents/unknown/2008
[MetadataExtraction] ✅ moultonborough: documents/unknown/unknown
[MetadataExtraction] ✅ moultonborough: documents/unknown/unknown
[MetadataExtraction] ✅ moultonborough: documents/unknown/unknown
[MetadataExtraction] ✅ moultonborough: documents/unknown/unknown
[MetadataExtraction] ✅ moultonborough: documents/unknown/unknown
[MetadataExtraction] ✅ moultonborough: minutes/unknown/unknown
[MetadataExtraction] ✅ moultonborough: documents/unknown/unknown
[MetadataExtraction] ✅ moultonborough: ordinances/unknown/unknown

📊 Progress:
   Batch: 100 extracted, 0 failed
   Total: 2400 extracted, 0 failed
   Remaining: 3326 documents
   Rate: 4039.0 docs/min
   Elapsed: 0.6 minutes
   ETA: 0.8 minutes

======================================================================
📦 Batch 25
======================================================================
[MetadataExtraction] Processing 100 documents...
[MetadataExtraction] ✅ moultonborough: documents/unknown/unknown
[MetadataExtraction] ✅ moultonborough: documents/unknown/unknown
[MetadataExtraction] ✅ moultonborough: documents/unknown/unknown
[MetadataExtraction] ✅ moultonborough: documents/unknown/unknown
[MetadataExtraction] ✅ moultonborough: documents/unknown/unknown
[MetadataExtraction] ✅ moultonborough: documents/unknown/unknown
[MetadataExtraction] ✅ moultonborough: documents/unknown/unknown
[MetadataExtraction] ✅ moultonborough: documents/unknown/unknown
[MetadataExtraction] ✅ moultonborough: documents/unknown/unknown
[MetadataExtraction] ✅ moultonborough: documents/unknown/2019
[MetadataExtraction] ✅ moultonborough: documents/unknown/unknown
[MetadataExtraction] ✅ moultonborough: documents/unknown/unknown
[MetadataExtraction] ✅ moultonborough: documents/unknown/unknown
[MetadataExtraction] ✅ moultonborough: documents/unknown/unknown
[MetadataExtraction] ✅ moultonborough: documents/unknown/unknown
[MetadataExtraction] ✅ moultonborough: documents/unknown/unknown
[MetadataExtraction] ✅ moultonborough: documents/unknown/unknown
[MetadataExtraction] ✅ moultonborough: documents/unknown/unknown
[MetadataExtraction] ✅ moultonborough: documents/unknown/unknown
[MetadataExtraction] ✅ moultonborough: documents/Planning_Board/2025
[MetadataExtraction] ✅ moultonborough: documents/Planning_Board/2026
[MetadataExtraction] ✅ moultonborough: documents/unknown/unknown
[MetadataExtraction] ✅ moultonborough: documents/unknown/unknown
[MetadataExtraction] ✅ moultonborough: documents/unknown/unknown
[MetadataExtraction] ✅ moultonborough: documents/unknown/unknown
[MetadataExtraction] ✅ moultonborough: documents/unknown/unknown
[MetadataExtraction] ✅ moultonborough: documents/unknown/2025
[MetadataExtraction] ✅ moultonborough: documents/unknown/2025
[MetadataExtraction] ✅ moultonborough: documents/unknown/2025
[MetadataExtraction] ✅ moultonborough: documents/unknown/2025
[MetadataExtraction] ✅ moultonborough: documents/unknown/unknown
[MetadataExtraction] ✅ moultonborough: documents/unknown/2025
[MetadataExtraction] ✅ moultonborough: documents/unknown/2025
[MetadataExtraction] ✅ moultonborough: documents/unknown/2025
[MetadataExtraction] ✅ moultonborough: documents/unknown/2025
[MetadataExtraction] ✅ moultonborough: documents/unknown/2025
[MetadataExtraction] ✅ moultonborough: documents/unknown/2025
[MetadataExtraction] ✅ moultonborough: documents/unknown/2025
[MetadataExtraction] ✅ moultonborough: documents/unknown/2025
[MetadataExtraction] ✅ moultonborough: documents/unknown/2024
[MetadataExtraction] ✅ moultonborough: documents/unknown/2024
[MetadataExtraction] ✅ moultonborough: documents/unknown/2024
[MetadataExtraction] ✅ moultonborough: documents/unknown/unknown
[MetadataExtraction] ✅ moultonborough: documents/unknown/2024
[MetadataExtraction] ✅ moultonborough: documents/unknown/2024
[MetadataExtraction] ✅ moultonborough: documents/unknown/2024
[MetadataExtraction] ✅ moultonborough: documents/unknown/2024
[MetadataExtraction] ✅ moultonborough: documents/unknown/2024
[MetadataExtraction] ✅ moultonborough: documents/unknown/2024
[MetadataExtraction] ✅ moultonborough: documents/unknown/2024
[MetadataExtraction] ✅ moultonborough: documents/unknown/2024
[MetadataExtraction] ✅ moultonborough: documents/unknown/2024
[MetadataExtraction] ✅ moultonborough: documents/unknown/2024
[MetadataExtraction] ✅ moultonborough: documents/unknown/2024
[MetadataExtraction] ✅ moultonborough: documents/unknown/2024
[MetadataExtraction] ✅ moultonborough: documents/unknown/2024
[MetadataExtraction] ✅ moultonborough: documents/unknown/2024
[MetadataExtraction] ✅ moultonborough: documents/unknown/2024
[MetadataExtraction] ✅ moultonborough: documents/unknown/2024
[MetadataExtraction] ✅ moultonborough: documents/unknown/2024
[MetadataExtraction] ✅ moultonborough: documents/unknown/2024
[MetadataExtraction] ✅ moultonborough: documents/unknown/2024
[MetadataExtraction] ✅ moultonborough: documents/unknown/2024
[MetadataExtraction] ✅ moultonborough: documents/unknown/2024
[MetadataExtraction] ✅ moultonborough: documents/unknown/2023
[MetadataExtraction] ✅ moultonborough: documents/unknown/2023
[MetadataExtraction] ✅ moultonborough: documents/unknown/2023
[MetadataExtraction] ✅ moultonborough: documents/unknown/2023
[MetadataExtraction] ✅ moultonborough: documents/unknown/2023
[MetadataExtraction] ✅ moultonborough: documents/unknown/2023
[MetadataExtraction] ✅ moultonborough: documents/unknown/2023
[MetadataExtraction] ✅ moultonborough: documents/unknown/2023
[MetadataExtraction] ✅ moultonborough: documents/unknown/2023
[MetadataExtraction] ✅ moultonborough: documents/unknown/2023
[MetadataExtraction] ✅ moultonborough: documents/unknown/2023
[MetadataExtraction] ✅ moultonborough: documents/unknown/2023
[MetadataExtraction] ✅ moultonborough: documents/unknown/2023
[MetadataExtraction] ✅ moultonborough: documents/unknown/2023
[MetadataExtraction] ✅ moultonborough: documents/unknown/2023
[MetadataExtraction] ✅ moultonborough: documents/unknown/2023
[MetadataExtraction] ✅ moultonborough: documents/unknown/unknown
[MetadataExtraction] ✅ moultonborough: documents/unknown/2023
[MetadataExtraction] ✅ moultonborough: documents/unknown/2023
[MetadataExtraction] ✅ moultonborough: documents/unknown/2023
[MetadataExtraction] ✅ moultonborough: documents/unknown/2023
[MetadataExtraction] ✅ moultonborough: documents/unknown/2023
[MetadataExtraction] ✅ moultonborough: documents/unknown/2023
[MetadataExtraction] ✅ moultonborough: documents/unknown/2023
[MetadataExtraction] ✅ moultonborough: documents/unknown/2023
[MetadataExtraction] ✅ moultonborough: documents/unknown/2023
[MetadataExtraction] ✅ moultonborough: documents/unknown/2022
[MetadataExtraction] ✅ moultonborough: documents/unknown/2022
[MetadataExtraction] ✅ moultonborough: documents/unknown/unknown
[MetadataExtraction] ✅ moultonborough: documents/unknown/2022
[MetadataExtraction] ✅ moultonborough: documents/unknown/unknown
[MetadataExtraction] ✅ moultonborough: documents/unknown/2022
[MetadataExtraction] ✅ moultonborough: documents/unknown/unknown
[MetadataExtraction] ✅ moultonborough: documents/unknown/2022
[MetadataExtraction] ✅ moultonborough: documents/unknown/2022
[MetadataExtraction] ✅ moultonborough: documents/unknown/unknown

📊 Progress:
   Batch: 100 extracted, 0 failed
   Total: 2500 extracted, 0 failed
   Remaining: 3226 documents
   Rate: 4035.8 docs/min
   Elapsed: 0.6 minutes
   ETA: 0.8 minutes

======================================================================
📦 Batch 26
======================================================================
[MetadataExtraction] Processing 100 documents...
[MetadataExtraction] ✅ moultonborough: documents/unknown/2022
[MetadataExtraction] ✅ moultonborough: documents/unknown/2022
[MetadataExtraction] ✅ moultonborough: documents/unknown/2022
[MetadataExtraction] ✅ moultonborough: documents/unknown/2022
[MetadataExtraction] ✅ moultonborough: documents/unknown/2022
[MetadataExtraction] ✅ moultonborough: documents/unknown/2022
[MetadataExtraction] ✅ moultonborough: documents/unknown/2022
[MetadataExtraction] ✅ moultonborough: documents/unknown/2022
[MetadataExtraction] ✅ moultonborough: documents/unknown/unknown
[MetadataExtraction] ✅ moultonborough: documents/unknown/unknown
[MetadataExtraction] ✅ moultonborough: documents/unknown/2022
[MetadataExtraction] ✅ moultonborough: documents/unknown/2022
[MetadataExtraction] ✅ moultonborough: documents/unknown/2022
[MetadataExtraction] ✅ moultonborough: documents/unknown/unknown
[MetadataExtraction] ✅ moultonborough: documents/unknown/2022
[MetadataExtraction] ✅ moultonborough: documents/unknown/2021
[MetadataExtraction] ✅ moultonborough: documents/unknown/2021
[MetadataExtraction] ✅ moultonborough: documents/unknown/unknown
[MetadataExtraction] ✅ moultonborough: documents/unknown/2021
[MetadataExtraction] ✅ moultonborough: documents/unknown/2021
[MetadataExtraction] ✅ moultonborough: documents/unknown/unknown
[MetadataExtraction] ✅ moultonborough: documents/unknown/2021
[MetadataExtraction] ✅ moultonborough: documents/unknown/2021
[MetadataExtraction] ✅ moultonborough: documents/unknown/2021
[MetadataExtraction] ✅ moultonborough: documents/unknown/2021
[MetadataExtraction] ✅ moultonborough: documents/unknown/2021
[MetadataExtraction] ✅ moultonborough: documents/unknown/2021
[MetadataExtraction] ✅ moultonborough: documents/unknown/unknown
[MetadataExtraction] ✅ moultonborough: documents/unknown/2021
[MetadataExtraction] ✅ moultonborough: documents/unknown/2021
[MetadataExtraction] ✅ moultonborough: documents/unknown/2021
[MetadataExtraction] ✅ moultonborough: documents/unknown/2021
[MetadataExtraction] ✅ moultonborough: documents/unknown/2021
[MetadataExtraction] ✅ moultonborough: documents/unknown/2021
[MetadataExtraction] ✅ moultonborough: documents/unknown/2021
[MetadataExtraction] ✅ moultonborough: documents/unknown/2021
[MetadataExtraction] ✅ moultonborough: documents/unknown/unknown
[MetadataExtraction] ✅ moultonborough: documents/unknown/unknown
[MetadataExtraction] ✅ moultonborough: documents/unknown/2021
[MetadataExtraction] ✅ moultonborough: documents/unknown/2021
[MetadataExtraction] ✅ moultonborough: documents/unknown/2021
[MetadataExtraction] ✅ moultonborough: documents/unknown/unknown
[MetadataExtraction] ✅ moultonborough: documents/unknown/unknown
[MetadataExtraction] ✅ moultonborough: documents/unknown/2021
[MetadataExtraction] ✅ moultonborough: documents/unknown/2021
[MetadataExtraction] ✅ moultonborough: documents/unknown/2021
[MetadataExtraction] ✅ moultonborough: documents/unknown/2020
[MetadataExtraction] ✅ moultonborough: documents/unknown/2020
[MetadataExtraction] ✅ moultonborough: documents/unknown/2020
[MetadataExtraction] ✅ moultonborough: documents/unknown/2020
[MetadataExtraction] ✅ moultonborough: documents/unknown/2020
[MetadataExtraction] ✅ moultonborough: documents/unknown/unknown
[MetadataExtraction] ✅ moultonborough: documents/unknown/2020
[MetadataExtraction] ✅ moultonborough: documents/unknown/2020
[MetadataExtraction] ✅ moultonborough: documents/unknown/unknown
[MetadataExtraction] ✅ moultonborough: documents/unknown/2020
[MetadataExtraction] ✅ moultonborough: documents/unknown/2020
[MetadataExtraction] ✅ moultonborough: documents/unknown/2020
[MetadataExtraction] ✅ moultonborough: documents/unknown/2020
[MetadataExtraction] ✅ moultonborough: documents/unknown/2020
[MetadataExtraction] ✅ moultonborough: documents/unknown/2020
[MetadataExtraction] ✅ moultonborough: documents/unknown/unknown
[MetadataExtraction] ✅ moultonborough: documents/unknown/unknown
[MetadataExtraction] ✅ moultonborough: documents/unknown/unknown
[MetadataExtraction] ✅ moultonborough: documents/unknown/2020
[MetadataExtraction] ✅ moultonborough: documents/unknown/2020
[MetadataExtraction] ✅ moultonborough: documents/unknown/2020
[MetadataExtraction] ✅ moultonborough: documents/unknown/2020
[MetadataExtraction] ✅ moultonborough: documents/unknown/unknown
[MetadataExtraction] ✅ moultonborough: documents/unknown/unknown
[MetadataExtraction] ✅ moultonborough: documents/unknown/2020
[MetadataExtraction] ✅ moultonborough: documents/unknown/2020
[MetadataExtraction] ✅ moultonborough: documents/unknown/2020
[MetadataExtraction] ✅ moultonborough: documents/unknown/unknown
[MetadataExtraction] ✅ moultonborough: documents/unknown/unknown
[MetadataExtraction] ✅ moultonborough: documents/unknown/2020
[MetadataExtraction] ✅ moultonborough: documents/unknown/2020
[MetadataExtraction] ✅ moultonborough: documents/unknown/unknown
[MetadataExtraction] ✅ moultonborough: documents/unknown/2020
[MetadataExtraction] ✅ moultonborough: documents/unknown/unknown
[MetadataExtraction] ✅ moultonborough: documents/unknown/unknown
[MetadataExtraction] ✅ moultonborough: documents/unknown/unknown
[MetadataExtraction] ✅ moultonborough: documents/unknown/unknown
[MetadataExtraction] ✅ moultonborough: documents/unknown/unknown
[MetadataExtraction] ✅ moultonborough: documents/unknown/unknown
[MetadataExtraction] ✅ moultonborough: documents/unknown/unknown
[MetadataExtraction] ✅ moultonborough: documents/unknown/unknown
[MetadataExtraction] ✅ moultonborough: documents/unknown/unknown
[MetadataExtraction] ✅ moultonborough: documents/unknown/unknown
[MetadataExtraction] ✅ moultonborough: documents/unknown/unknown
[MetadataExtraction] ✅ moultonborough: documents/unknown/unknown
[MetadataExtraction] ✅ moultonborough: documents/unknown/unknown
[MetadataExtraction] ✅ moultonborough: documents/unknown/unknown
[MetadataExtraction] ✅ moultonborough: documents/unknown/unknown
[MetadataExtraction] ✅ moultonborough: documents/unknown/unknown
[MetadataExtraction] ✅ moultonborough: documents/unknown/unknown
[MetadataExtraction] ✅ moultonborough: documents/unknown/unknown
[MetadataExtraction] ✅ moultonborough: documents/unknown/unknown
[MetadataExtraction] ✅ moultonborough: documents/unknown/unknown
[MetadataExtraction] ✅ moultonborough: documents/unknown/unknown

📊 Progress:
   Batch: 100 extracted, 0 failed
   Total: 2600 extracted, 0 failed
   Remaining: 3126 documents
   Rate: 4033.2 docs/min
   Elapsed: 0.6 minutes
   ETA: 0.8 minutes

======================================================================
📦 Batch 27
======================================================================
[MetadataExtraction] Processing 100 documents...
[MetadataExtraction] ✅ moultonborough: documents/unknown/unknown
[MetadataExtraction] ✅ moultonborough: documents/unknown/unknown
[MetadataExtraction] ✅ moultonborough: documents/unknown/unknown
[MetadataExtraction] ✅ moultonborough: documents/unknown/unknown
[MetadataExtraction] ✅ moultonborough: documents/unknown/unknown
[MetadataExtraction] ✅ moultonborough: documents/unknown/unknown
[MetadataExtraction] ✅ moultonborough: documents/unknown/unknown
[MetadataExtraction] ✅ moultonborough: documents/unknown/unknown
[MetadataExtraction] ✅ moultonborough: documents/unknown/unknown
[MetadataExtraction] ✅ moultonborough: documents/unknown/unknown
[MetadataExtraction] ✅ moultonborough: documents/unknown/unknown
[MetadataExtraction] ✅ moultonborough: documents/unknown/unknown
[MetadataExtraction] ✅ moultonborough: documents/unknown/unknown
[MetadataExtraction] ✅ moultonborough: documents/unknown/unknown
[MetadataExtraction] ✅ moultonborough: documents/unknown/unknown
[MetadataExtraction] ✅ moultonborough: documents/unknown/unknown
[MetadataExtraction] ✅ moultonborough: documents/unknown/unknown
[MetadataExtraction] ✅ moultonborough: documents/unknown/unknown
[MetadataExtraction] ✅ moultonborough: documents/unknown/unknown
[MetadataExtraction] ✅ moultonborough: documents/unknown/unknown
[MetadataExtraction] ✅ moultonborough: documents/unknown/unknown
[MetadataExtraction] ✅ moultonborough: documents/unknown/unknown
[MetadataExtraction] ✅ moultonborough: documents/unknown/unknown
[MetadataExtraction] ✅ moultonborough: documents/unknown/unknown
[MetadataExtraction] ✅ moultonborough: documents/unknown/unknown
[MetadataExtraction] ✅ moultonborough: documents/unknown/unknown
[MetadataExtraction] ✅ moultonborough: documents/unknown/unknown
[MetadataExtraction] ✅ moultonborough: documents/unknown/unknown
[MetadataExtraction] ✅ moultonborough: documents/unknown/unknown
[MetadataExtraction] ✅ moultonborough: documents/unknown/unknown
[MetadataExtraction] ✅ moultonborough: documents/unknown/unknown
[MetadataExtraction] ✅ moultonborough: documents/unknown/unknown
[MetadataExtraction] ✅ moultonborough: documents/unknown/unknown
[MetadataExtraction] ✅ moultonborough: documents/unknown/unknown
[MetadataExtraction] ✅ moultonborough: documents/unknown/unknown
[MetadataExtraction] ✅ moultonborough: documents/unknown/unknown
[MetadataExtraction] ✅ moultonborough: documents/unknown/unknown
[MetadataExtraction] ✅ moultonborough: documents/unknown/unknown
[MetadataExtraction] ✅ moultonborough: documents/unknown/unknown
[MetadataExtraction] ✅ moultonborough: documents/unknown/unknown
[MetadataExtraction] ✅ moultonborough: documents/unknown/unknown
[MetadataExtraction] ✅ moultonborough: documents/unknown/unknown
[MetadataExtraction] ✅ moultonborough: documents/unknown/unknown
[MetadataExtraction] ✅ moultonborough: documents/unknown/unknown
[MetadataExtraction] ✅ moultonborough: documents/unknown/unknown
[MetadataExtraction] ✅ moultonborough: documents/unknown/unknown
[MetadataExtraction] ✅ moultonborough: documents/unknown/unknown
[MetadataExtraction] ✅ moultonborough: documents/unknown/unknown
[MetadataExtraction] ✅ moultonborough: documents/unknown/unknown
[MetadataExtraction] ✅ moultonborough: documents/unknown/unknown
[MetadataExtraction] ✅ moultonborough: documents/unknown/unknown
[MetadataExtraction] ✅ moultonborough: documents/unknown/unknown
[MetadataExtraction] ✅ moultonborough: documents/unknown/unknown
[MetadataExtraction] ✅ moultonborough: documents/unknown/unknown
[MetadataExtraction] ✅ moultonborough: documents/unknown/unknown
[MetadataExtraction] ✅ moultonborough: documents/unknown/unknown
[MetadataExtraction] ✅ moultonborough: documents/unknown/unknown
[MetadataExtraction] ✅ moultonborough: documents/unknown/unknown
[MetadataExtraction] ✅ moultonborough: documents/unknown/unknown
[MetadataExtraction] ✅ moultonborough: documents/unknown/unknown
[MetadataExtraction] ✅ moultonborough: documents/unknown/unknown
[MetadataExtraction] ✅ moultonborough: documents/unknown/unknown
[MetadataExtraction] ✅ moultonborough: documents/unknown/unknown
[MetadataExtraction] ✅ moultonborough: documents/unknown/unknown
[MetadataExtraction] ✅ moultonborough: documents/unknown/unknown
[MetadataExtraction] ✅ moultonborough: documents/unknown/unknown
[MetadataExtraction] ✅ moultonborough: documents/unknown/unknown
[MetadataExtraction] ✅ moultonborough: documents/unknown/unknown
[MetadataExtraction] ✅ moultonborough: documents/unknown/unknown
[MetadataExtraction] ✅ moultonborough: documents/unknown/unknown
[MetadataExtraction] ✅ moultonborough: documents/unknown/unknown
[MetadataExtraction] ✅ moultonborough: documents/unknown/unknown
[MetadataExtraction] ✅ moultonborough: documents/unknown/unknown
[MetadataExtraction] ✅ moultonborough: documents/unknown/unknown
[MetadataExtraction] ✅ moultonborough: documents/unknown/unknown
[MetadataExtraction] ✅ moultonborough: documents/unknown/unknown
[MetadataExtraction] ✅ moultonborough: documents/unknown/unknown
[MetadataExtraction] ✅ moultonborough: documents/unknown/unknown
[MetadataExtraction] ✅ moultonborough: documents/unknown/unknown
[MetadataExtraction] ✅ moultonborough: documents/unknown/unknown
[MetadataExtraction] ✅ moultonborough: documents/unknown/unknown
[MetadataExtraction] ✅ moultonborough: documents/unknown/unknown
[MetadataExtraction] ✅ moultonborough: documents/unknown/unknown
[MetadataExtraction] ✅ moultonborough: documents/unknown/unknown
[MetadataExtraction] ✅ moultonborough: documents/unknown/unknown
[MetadataExtraction] ✅ moultonborough: documents/unknown/unknown
[MetadataExtraction] ✅ moultonborough: documents/unknown/unknown
[MetadataExtraction] ✅ moultonborough: documents/unknown/unknown
[MetadataExtraction] ✅ moultonborough: documents/unknown/unknown
[MetadataExtraction] ✅ moultonborough: documents/unknown/unknown
[MetadataExtraction] ✅ moultonborough: documents/unknown/unknown
[MetadataExtraction] ✅ moultonborough: documents/unknown/unknown
[MetadataExtraction] ✅ moultonborough: documents/unknown/unknown
[MetadataExtraction] ✅ moultonborough: documents/unknown/unknown
[MetadataExtraction] ✅ moultonborough: documents/unknown/unknown
[MetadataExtraction] ✅ moultonborough: documents/unknown/unknown
[MetadataExtraction] ✅ moultonborough: documents/unknown/unknown
[MetadataExtraction] ✅ moultonborough: documents/unknown/unknown
[MetadataExtraction] ✅ moultonborough: documents/unknown/unknown
[MetadataExtraction] ✅ moultonborough: documents/unknown/unknown

📊 Progress:
   Batch: 100 extracted, 0 failed
   Total: 2700 extracted, 0 failed
   Remaining: 3026 documents
   Rate: 4031.3 docs/min
   Elapsed: 0.7 minutes
   ETA: 0.8 minutes

======================================================================
📦 Batch 28
======================================================================
[MetadataExtraction] Processing 100 documents...
[MetadataExtraction] ✅ moultonborough: documents/unknown/unknown
[MetadataExtraction] ✅ moultonborough: documents/unknown/unknown
[MetadataExtraction] ✅ moultonborough: documents/unknown/unknown
[MetadataExtraction] ✅ moultonborough: documents/unknown/unknown
[MetadataExtraction] ✅ moultonborough: documents/unknown/unknown
[MetadataExtraction] ✅ moultonborough: documents/unknown/unknown
[MetadataExtraction] ✅ moultonborough: documents/unknown/unknown
[MetadataExtraction] ✅ moultonborough: documents/unknown/unknown
[MetadataExtraction] ✅ moultonborough: documents/unknown/unknown
[MetadataExtraction] ✅ moultonborough: documents/unknown/unknown
[MetadataExtraction] ✅ moultonborough: documents/unknown/unknown
[MetadataExtraction] ✅ moultonborough: documents/unknown/unknown
[MetadataExtraction] ✅ moultonborough: documents/unknown/unknown
[MetadataExtraction] ✅ moultonborough: documents/unknown/unknown
[MetadataExtraction] ✅ moultonborough: documents/unknown/unknown
[MetadataExtraction] ✅ moultonborough: documents/unknown/unknown
[MetadataExtraction] ✅ moultonborough: documents/unknown/unknown
[MetadataExtraction] ✅ moultonborough: documents/unknown/unknown
[MetadataExtraction] ✅ moultonborough: documents/unknown/unknown
[MetadataExtraction] ✅ moultonborough: documents/unknown/unknown
[MetadataExtraction] ✅ moultonborough: documents/unknown/unknown
[MetadataExtraction] ✅ moultonborough: documents/unknown/unknown
[MetadataExtraction] ✅ moultonborough: documents/unknown/unknown
[MetadataExtraction] ✅ moultonborough: documents/unknown/unknown
[MetadataExtraction] ✅ moultonborough: documents/unknown/unknown
[MetadataExtraction] ✅ moultonborough: documents/unknown/unknown
[MetadataExtraction] ✅ moultonborough: documents/unknown/unknown
[MetadataExtraction] ✅ moultonborough: documents/unknown/unknown
[MetadataExtraction] ✅ moultonborough: documents/unknown/unknown
[MetadataExtraction] ✅ moultonborough: documents/unknown/unknown
[MetadataExtraction] ✅ moultonborough: documents/unknown/unknown
[MetadataExtraction] ✅ moultonborough: documents/unknown/unknown
[MetadataExtraction] ✅ moultonborough: documents/unknown/unknown
[MetadataExtraction] ✅ moultonborough: documents/unknown/unknown
[MetadataExtraction] ✅ moultonborough: documents/unknown/unknown
[MetadataExtraction] ✅ moultonborough: documents/unknown/unknown
[MetadataExtraction] ✅ moultonborough: documents/unknown/unknown
[MetadataExtraction] ✅ moultonborough: documents/unknown/unknown
[MetadataExtraction] ✅ moultonborough: documents/unknown/unknown
[MetadataExtraction] ✅ moultonborough: documents/unknown/unknown
[MetadataExtraction] ✅ moultonborough: documents/unknown/unknown
[MetadataExtraction] ✅ moultonborough: documents/unknown/unknown
[MetadataExtraction] ✅ moultonborough: documents/unknown/unknown
[MetadataExtraction] ✅ moultonborough: documents/unknown/unknown
[MetadataExtraction] ✅ moultonborough: documents/unknown/unknown
[MetadataExtraction] ✅ moultonborough: documents/unknown/unknown
[MetadataExtraction] ✅ moultonborough: documents/unknown/unknown
[MetadataExtraction] ✅ moultonborough: documents/unknown/unknown
[MetadataExtraction] ✅ moultonborough: documents/unknown/unknown
[MetadataExtraction] ✅ moultonborough: documents/unknown/unknown
[MetadataExtraction] ✅ moultonborough: documents/unknown/unknown
[MetadataExtraction] ✅ moultonborough: documents/unknown/unknown
[MetadataExtraction] ✅ moultonborough: documents/unknown/unknown
[MetadataExtraction] ✅ moultonborough: documents/unknown/unknown
[MetadataExtraction] ✅ moultonborough: documents/unknown/unknown
[MetadataExtraction] ✅ moultonborough: documents/unknown/unknown
[MetadataExtraction] ✅ moultonborough: documents/unknown/unknown
[MetadataExtraction] ✅ moultonborough: documents/unknown/2020
[MetadataExtraction] ✅ moultonborough: documents/unknown/unknown
[MetadataExtraction] ✅ moultonborough: documents/unknown/unknown
[MetadataExtraction] ✅ moultonborough: documents/unknown/unknown
[MetadataExtraction] ✅ moultonborough: documents/unknown/2031
[MetadataExtraction] ✅ moultonborough: documents/unknown/2030
[MetadataExtraction] ✅ moultonborough: documents/unknown/2029
[MetadataExtraction] ✅ moultonborough: documents/unknown/2027
[MetadataExtraction] ✅ moultonborough: documents/unknown/2026
[MetadataExtraction] ✅ moultonborough: documents/unknown/2025
[MetadataExtraction] ✅ moultonborough: documents/unknown/2024
[MetadataExtraction] ✅ moultonborough: documents/unknown/2022
[MetadataExtraction] ✅ moultonborough: documents/unknown/2021
[MetadataExtraction] ✅ moultonborough: documents/unknown/2038
[MetadataExtraction] ✅ moultonborough: documents/unknown/2043
[MetadataExtraction] ✅ moultonborough: documents/unknown/2036
[MetadataExtraction] ✅ moultonborough: documents/unknown/2044
[MetadataExtraction] ✅ moultonborough: documents/unknown/2039
[MetadataExtraction] ✅ moultonborough: documents/unknown/2040
[MetadataExtraction] ✅ moultonborough: documents/unknown/2045
[MetadataExtraction] ✅ moultonborough: documents/unknown/2052
[MetadataExtraction] ✅ moultonborough: documents/unknown/2042
[MetadataExtraction] ✅ moultonborough: documents/unknown/2047
[MetadataExtraction] ✅ moultonborough: documents/unknown/unknown
[MetadataExtraction] ✅ moultonborough: documents/unknown/2053
[MetadataExtraction] ✅ moultonborough: documents/unknown/2054
[MetadataExtraction] ✅ moultonborough: documents/unknown/2048
[MetadataExtraction] ✅ moultonborough: documents/unknown/2034
[MetadataExtraction] ✅ moultonborough: documents/unknown/2046
[MetadataExtraction] ✅ moultonborough: documents/unknown/2041
[MetadataExtraction] ✅ moultonborough: documents/unknown/2035
[MetadataExtraction] ✅ moultonborough: documents/unknown/2033
[MetadataExtraction] ✅ moultonborough: documents/unknown/2078
[MetadataExtraction] ✅ moultonborough: documents/unknown/2071
[MetadataExtraction] ✅ moultonborough: documents/unknown/2070
[MetadataExtraction] ✅ moultonborough: documents/unknown/2095
[MetadataExtraction] ✅ moultonborough: documents/unknown/2097
[MetadataExtraction] ✅ moultonborough: documents/unknown/2068
[MetadataExtraction] ✅ moultonborough: documents/unknown/2074
[MetadataExtraction] ✅ moultonborough: documents/unknown/2066
[MetadataExtraction] ✅ moultonborough: documents/unknown/2072
[MetadataExtraction] ✅ moultonborough: documents/unknown/2069
[MetadataExtraction] ✅ moultonborough: documents/unknown/2062

📊 Progress:
   Batch: 100 extracted, 0 failed
   Total: 2800 extracted, 0 failed
   Remaining: 2926 documents
   Rate: 4027.9 docs/min
   Elapsed: 0.7 minutes
   ETA: 0.7 minutes

======================================================================
📦 Batch 29
======================================================================
[MetadataExtraction] Processing 100 documents...
[MetadataExtraction] ✅ moultonborough: documents/unknown/2067
[MetadataExtraction] ✅ moultonborough: documents/unknown/2061
[MetadataExtraction] ✅ moultonborough: documents/unknown/2060
[MetadataExtraction] ✅ moultonborough: documents/unknown/2058
[MetadataExtraction] ✅ moultonborough: documents/unknown/2063
[MetadataExtraction] ✅ moultonborough: documents/unknown/2086
[MetadataExtraction] ✅ moultonborough: documents/unknown/2057
[MetadataExtraction] ✅ moultonborough: documents/unknown/2093
[MetadataExtraction] ✅ moultonborough: documents/unknown/2090
[MetadataExtraction] ✅ moultonborough: documents/unknown/2096
[MetadataExtraction] ✅ moultonborough: documents/unknown/2076
[MetadataExtraction] ✅ moultonborough: documents/unknown/2092
[MetadataExtraction] ✅ moultonborough: documents/unknown/2087
[MetadataExtraction] ✅ moultonborough: documents/unknown/2089
[MetadataExtraction] ✅ moultonborough: documents/unknown/2091
[MetadataExtraction] ✅ moultonborough: documents/unknown/2075
[MetadataExtraction] ✅ moultonborough: documents/unknown/2084
[MetadataExtraction] ✅ moultonborough: documents/unknown/2073
[MetadataExtraction] ✅ moultonborough: documents/unknown/2085
[MetadataExtraction] ✅ moultonborough: documents/unknown/2088
[MetadataExtraction] ✅ moultonborough: documents/unknown/2080
[MetadataExtraction] ✅ moultonborough: documents/unknown/unknown
[MetadataExtraction] ✅ moultonborough: documents/unknown/unknown
[MetadataExtraction] ✅ moultonborough: documents/unknown/unknown
[MetadataExtraction] ✅ moultonborough: documents/unknown/unknown
[MetadataExtraction] ✅ moultonborough: documents/unknown/unknown
[MetadataExtraction] ✅ moultonborough: documents/unknown/unknown
[MetadataExtraction] ✅ moultonborough: documents/unknown/unknown
[MetadataExtraction] ✅ moultonborough: documents/unknown/unknown
[MetadataExtraction] ✅ moultonborough: documents/unknown/unknown
[MetadataExtraction] ✅ moultonborough: documents/unknown/unknown
[MetadataExtraction] ✅ moultonborough: documents/unknown/unknown
[MetadataExtraction] ✅ moultonborough: documents/unknown/unknown
[MetadataExtraction] ✅ moultonborough: documents/unknown/unknown
[MetadataExtraction] ✅ moultonborough: documents/unknown/unknown
[MetadataExtraction] ✅ moultonborough: documents/unknown/2099
[MetadataExtraction] ✅ moultonborough: documents/unknown/2098
[MetadataExtraction] ✅ moultonborough: documents/unknown/unknown
[MetadataExtraction] ✅ moultonborough: documents/unknown/unknown
[MetadataExtraction] ✅ moultonborough: documents/unknown/unknown
[MetadataExtraction] ✅ moultonborough: documents/unknown/unknown
[MetadataExtraction] ✅ moultonborough: documents/unknown/unknown
[MetadataExtraction] ✅ moultonborough: forms/unknown/unknown
[MetadataExtraction] ✅ moultonborough: documents/unknown/unknown
[MetadataExtraction] ✅ moultonborough: documents/unknown/unknown
[MetadataExtraction] ✅ moultonborough: documents/unknown/unknown
[MetadataExtraction] ✅ moultonborough: documents/unknown/unknown
[MetadataExtraction] ✅ moultonborough: documents/unknown/unknown
[MetadataExtraction] ✅ moultonborough: documents/unknown/unknown
[MetadataExtraction] ✅ moultonborough: documents/unknown/unknown
[MetadataExtraction] ✅ moultonborough: documents/unknown/unknown
[MetadataExtraction] ✅ moultonborough: documents/unknown/unknown
[MetadataExtraction] ✅ moultonborough: documents/unknown/unknown
[MetadataExtraction] ✅ moultonborough: documents/unknown/unknown
[MetadataExtraction] ✅ moultonborough: documents/unknown/unknown
[MetadataExtraction] ✅ moultonborough: documents/unknown/unknown
[MetadataExtraction] ✅ moultonborough: documents/unknown/unknown
[MetadataExtraction] ✅ moultonborough: documents/unknown/unknown
[MetadataExtraction] ✅ moultonborough: documents/unknown/unknown
[MetadataExtraction] ✅ moultonborough: documents/Zoning_Board/2025
[MetadataExtraction] ✅ moultonborough: documents/Zoning_Board/2025
[MetadataExtraction] ✅ moultonborough: documents/unknown/2022
[MetadataExtraction] ✅ moultonborough: documents/unknown/unknown
[MetadataExtraction] ✅ moultonborough: documents/unknown/2021
[MetadataExtraction] ✅ moultonborough: documents/unknown/unknown
[MetadataExtraction] ✅ moultonborough: documents/unknown/unknown
[MetadataExtraction] ✅ moultonborough: documents/unknown/unknown
[MetadataExtraction] ✅ moultonborough: documents/unknown/2006
[MetadataExtraction] ✅ moultonborough: documents/unknown/2002
[MetadataExtraction] ✅ moultonborough: documents/unknown/2025
[MetadataExtraction] ✅ moultonborough: documents/unknown/2002
[MetadataExtraction] ✅ moultonborough: documents/unknown/2022
[MetadataExtraction] ✅ moultonborough: documents/unknown/2021
[MetadataExtraction] ✅ moultonborough: documents/unknown/unknown
[MetadataExtraction] ✅ moultonborough: documents/unknown/unknown
[MetadataExtraction] ✅ moultonborough: forms/unknown/2007
[MetadataExtraction] ✅ moultonborough: documents/unknown/2007
[MetadataExtraction] ✅ moultonborough: documents/unknown/2007
[MetadataExtraction] ✅ moultonborough: documents/unknown/2010
[MetadataExtraction] ✅ moultonborough: documents/unknown/2014
[MetadataExtraction] ✅ moultonborough: documents/unknown/2008
[MetadataExtraction] ✅ moultonborough: documents/unknown/2016
[MetadataExtraction] ✅ moultonborough: documents/unknown/unknown
[MetadataExtraction] ✅ moultonborough: documents/unknown/2017
[MetadataExtraction] ✅ moultonborough: documents/unknown/2018
[MetadataExtraction] ✅ moultonborough: documents/unknown/2024
[MetadataExtraction] ✅ moultonborough: documents/unknown/2025
[MetadataExtraction] ✅ moultonborough: documents/unknown/2025
[MetadataExtraction] ✅ moultonborough: documents/unknown/2025
[MetadataExtraction] ✅ moultonborough: documents/unknown/2019
[MetadataExtraction] ✅ moultonborough: documents/unknown/2023
[MetadataExtraction] ✅ moultonborough: documents/unknown/2007
[MetadataExtraction] ✅ moultonborough: documents/unknown/2016
[MetadataExtraction] ✅ moultonborough: documents/unknown/2025
[MetadataExtraction] ✅ moultonborough: documents/unknown/2018
[MetadataExtraction] ✅ moultonborough: documents/unknown/2022
[MetadataExtraction] ✅ moultonborough: documents/unknown/2012
[MetadataExtraction] ✅ moultonborough: agendas/unknown/2032
[MetadataExtraction] ✅ moultonborough: agendas/unknown/2026
[MetadataExtraction] ✅ moultonborough: agendas/unknown/2026

📊 Progress:
   Batch: 100 extracted, 0 failed
   Total: 2900 extracted, 0 failed
   Remaining: 2826 documents
   Rate: 4022.7 docs/min
   Elapsed: 0.7 minutes
   ETA: 0.7 minutes

======================================================================
📦 Batch 30
======================================================================
[MetadataExtraction] Processing 100 documents...
[MetadataExtraction] ✅ moultonborough: agendas/unknown/2026
[MetadataExtraction] ✅ moultonborough: agendas/unknown/2032
[MetadataExtraction] ✅ moultonborough: minutes/unknown/2032
[MetadataExtraction] ✅ moultonborough: agendas/unknown/2032
[MetadataExtraction] ✅ moultonborough: minutes/unknown/2026
[MetadataExtraction] ✅ moultonborough: agendas/unknown/2020
[MetadataExtraction] ✅ moultonborough: minutes/unknown/2020
[MetadataExtraction] ✅ moultonborough: agendas/unknown/2026
[MetadataExtraction] ✅ moultonborough: minutes/unknown/2026
[MetadataExtraction] ✅ moultonborough: minutes/unknown/2026
[MetadataExtraction] ✅ moultonborough: agendas/unknown/2026
[MetadataExtraction] ✅ moultonborough: minutes/unknown/2026
[MetadataExtraction] ✅ moultonborough: agendas/unknown/2025
[MetadataExtraction] ✅ moultonborough: agendas/unknown/2025
[MetadataExtraction] ✅ moultonborough: agendas/unknown/2025
[MetadataExtraction] ✅ moultonborough: minutes/unknown/2025
[MetadataExtraction] ✅ moultonborough: agendas/unknown/2025
[MetadataExtraction] ✅ moultonborough: minutes/unknown/2025
[MetadataExtraction] ✅ moultonborough: agendas/unknown/2025
[MetadataExtraction] ✅ moultonborough: agendas/unknown/2025
[MetadataExtraction] ✅ moultonborough: minutes/unknown/2025
[MetadataExtraction] ✅ moultonborough: agendas/unknown/2020
[MetadataExtraction] ✅ moultonborough: minutes/unknown/2020
[MetadataExtraction] ✅ moultonborough: agendas/unknown/2025
[MetadataExtraction] ✅ moultonborough: agendas/unknown/2025
[MetadataExtraction] ✅ moultonborough: agendas/unknown/2025
[MetadataExtraction] ✅ moultonborough: agendas/unknown/2025
[MetadataExtraction] ✅ moultonborough: agendas/unknown/2025
[MetadataExtraction] ✅ moultonborough: agendas/unknown/2020
[MetadataExtraction] ✅ moultonborough: agendas/unknown/2020
[MetadataExtraction] ✅ moultonborough: agendas/unknown/2020
[MetadataExtraction] ✅ moultonborough: agendas/unknown/2020
[MetadataExtraction] ✅ moultonborough: agendas/unknown/2022
[MetadataExtraction] ✅ moultonborough: agendas/unknown/2026
[MetadataExtraction] ✅ moultonborough: agendas/unknown/2025
[MetadataExtraction] ✅ moultonborough: minutes/unknown/2025
[MetadataExtraction] ✅ moultonborough: agendas/unknown/2025
[MetadataExtraction] ✅ moultonborough: minutes/unknown/2025
[MetadataExtraction] ✅ moultonborough: agendas/unknown/2025
[MetadataExtraction] ✅ moultonborough: minutes/unknown/2025
[MetadataExtraction] ✅ moultonborough: minutes/unknown/2025
[MetadataExtraction] ✅ moultonborough: agendas/unknown/2025
[MetadataExtraction] ✅ moultonborough: agendas/unknown/2025
[MetadataExtraction] ✅ moultonborough: minutes/unknown/2025
[MetadataExtraction] ✅ moultonborough: agendas/unknown/2022
[MetadataExtraction] ✅ moultonborough: agendas/unknown/2022
[MetadataExtraction] ✅ moultonborough: agendas/unknown/2020
[MetadataExtraction] ✅ moultonborough: minutes/unknown/2020
[MetadataExtraction] ✅ moultonborough: agendas/unknown/2020
[MetadataExtraction] ✅ moultonborough: agendas/unknown/2020
[MetadataExtraction] ✅ moultonborough: agendas/unknown/2022
[MetadataExtraction] ✅ moultonborough: minutes/unknown/2022
[MetadataExtraction] ✅ moultonborough: agendas/unknown/2022
[MetadataExtraction] ✅ moultonborough: agendas/unknown/2022
[MetadataExtraction] ✅ moultonborough: agendas/unknown/2020
[MetadataExtraction] ✅ moultonborough: agendas/unknown/2020
[MetadataExtraction] ✅ moultonborough: agendas/unknown/2020
[MetadataExtraction] ✅ moultonborough: agendas/unknown/2022
[MetadataExtraction] ✅ moultonborough: minutes/unknown/2022
[MetadataExtraction] ✅ moultonborough: agendas/unknown/2022
[MetadataExtraction] ✅ moultonborough: agendas/unknown/2022
[MetadataExtraction] ✅ moultonborough: minutes/unknown/2092
[MetadataExtraction] ✅ moultonborough: agendas/unknown/2092
[MetadataExtraction] ✅ moultonborough: agendas/unknown/2092
[MetadataExtraction] ✅ moultonborough: agendas/unknown/2022
[MetadataExtraction] ✅ moultonborough: agendas/unknown/2022
[MetadataExtraction] ✅ moultonborough: agendas/unknown/2022
[MetadataExtraction] ✅ moultonborough: agendas/unknown/2022
[MetadataExtraction] ✅ moultonborough: agendas/unknown/2021
[MetadataExtraction] ✅ moultonborough: agendas/unknown/2021
[MetadataExtraction] ✅ moultonborough: minutes/unknown/2021
[MetadataExtraction] ✅ moultonborough: agendas/unknown/2021
[MetadataExtraction] ✅ moultonborough: minutes/unknown/2021
[MetadataExtraction] ✅ moultonborough: agendas/unknown/2025
[MetadataExtraction] ✅ moultonborough: minutes/unknown/2025
[MetadataExtraction] ✅ moultonborough: minutes/unknown/2025
[MetadataExtraction] ✅ moultonborough: agendas/unknown/2025
[MetadataExtraction] ✅ moultonborough: agendas/unknown/2025
[MetadataExtraction] ✅ moultonborough: agendas/unknown/2025
[MetadataExtraction] ✅ moultonborough: agendas/unknown/2025
[MetadataExtraction] ✅ moultonborough: agendas/unknown/2025
[MetadataExtraction] ✅ moultonborough: minutes/unknown/2025
[MetadataExtraction] ✅ moultonborough: agendas/unknown/2025
[MetadataExtraction] ✅ moultonborough: agendas/unknown/2026
[MetadataExtraction] ✅ moultonborough: agendas/unknown/2026
[MetadataExtraction] ✅ moultonborough: minutes/unknown/2026
[MetadataExtraction] ✅ moultonborough: agendas/unknown/2026
[MetadataExtraction] ✅ moultonborough: minutes/unknown/2026
[MetadataExtraction] ✅ moultonborough: documents/unknown/unknown
[MetadataExtraction] ✅ moultonborough: agendas/unknown/2042
[MetadataExtraction] ✅ moultonborough: agendas/unknown/2026
[MetadataExtraction] ✅ moultonborough: documents/unknown/2022
[MetadataExtraction] ✅ moultonborough: documents/unknown/unknown
[MetadataExtraction] ✅ moultonborough: documents/unknown/unknown
[MetadataExtraction] ✅ moultonborough: documents/unknown/2013
[MetadataExtraction] ✅ moultonborough: documents/unknown/unknown
[MetadataExtraction] ✅ moultonborough: reports/unknown/unknown
[MetadataExtraction] ✅ moultonborough: reports/unknown/unknown
[MetadataExtraction] ✅ moultonborough: documents/unknown/unknown
[MetadataExtraction] ✅ moultonborough: documents/unknown/unknown

📊 Progress:
   Batch: 100 extracted, 0 failed
   Total: 3000 extracted, 0 failed
   Remaining: 2726 documents
   Rate: 4020.5 docs/min
   Elapsed: 0.7 minutes
   ETA: 0.7 minutes

======================================================================
📦 Batch 31
======================================================================
[MetadataExtraction] Processing 100 documents...
[MetadataExtraction] ✅ moultonborough: documents/unknown/unknown
[MetadataExtraction] ✅ moultonborough: reports/unknown/unknown
[MetadataExtraction] ✅ moultonborough: documents/unknown/unknown
[MetadataExtraction] ✅ moultonborough: documents/unknown/2016
[MetadataExtraction] ✅ moultonborough: documents/unknown/2015
[MetadataExtraction] ✅ moultonborough: documents/unknown/unknown
[MetadataExtraction] ✅ moultonborough: documents/unknown/2013
[MetadataExtraction] ✅ moultonborough: documents/unknown/unknown
[MetadataExtraction] ✅ moultonborough: documents/unknown/unknown
[MetadataExtraction] ✅ moultonborough: reports/unknown/2023
[MetadataExtraction] ✅ moultonborough: documents/unknown/2026
[MetadataExtraction] ✅ moultonborough: documents/unknown/unknown
[MetadataExtraction] ✅ moultonborough: documents/unknown/unknown
[MetadataExtraction] ✅ moultonborough: documents/unknown/unknown
[MetadataExtraction] ✅ moultonborough: documents/unknown/2025
[MetadataExtraction] ✅ moultonborough: documents/unknown/unknown
[MetadataExtraction] ✅ moultonborough: documents/unknown/unknown
[MetadataExtraction] ✅ moultonborough: documents/unknown/unknown
[MetadataExtraction] ✅ moultonborough: documents/unknown/unknown
[MetadataExtraction] ✅ moultonborough: documents/unknown/2025
[MetadataExtraction] ✅ moultonborough: documents/unknown/unknown
[MetadataExtraction] ✅ moultonborough: documents/unknown/unknown
[MetadataExtraction] ✅ moultonborough: forms/unknown/unknown
[MetadataExtraction] ✅ moultonborough: forms/unknown/unknown
[MetadataExtraction] ✅ moultonborough: forms/unknown/unknown
[MetadataExtraction] ✅ moultonborough: forms/unknown/unknown
[MetadataExtraction] ✅ moultonborough: documents/unknown/2023
[MetadataExtraction] ✅ moultonborough: forms/unknown/2025
[MetadataExtraction] ✅ moultonborough: forms/unknown/unknown
[MetadataExtraction] ✅ moultonborough: documents/unknown/unknown
[MetadataExtraction] ✅ moultonborough: ordinances/unknown/unknown
[MetadataExtraction] ✅ moultonborough: documents/unknown/unknown
[MetadataExtraction] ✅ moultonborough: documents/unknown/unknown
[MetadataExtraction] ✅ moultonborough: documents/unknown/2025
[MetadataExtraction] ✅ moultonborough: documents/unknown/unknown
[MetadataExtraction] ✅ moultonborough: documents/unknown/unknown
[MetadataExtraction] ✅ moultonborough: documents/unknown/unknown
[MetadataExtraction] ✅ moultonborough: documents/unknown/2025
[MetadataExtraction] ✅ moultonborough: documents/unknown/unknown
[MetadataExtraction] ✅ moultonborough: documents/unknown/unknown
[MetadataExtraction] ✅ moultonborough: documents/unknown/unknown
[MetadataExtraction] ✅ moultonborough: documents/unknown/unknown
[MetadataExtraction] ✅ moultonborough: documents/unknown/unknown
[MetadataExtraction] ✅ moultonborough: documents/unknown/unknown
[MetadataExtraction] ✅ moultonborough: documents/unknown/unknown
[MetadataExtraction] ✅ moultonborough: documents/unknown/unknown
[MetadataExtraction] ✅ moultonborough: forms/unknown/unknown
[MetadataExtraction] ✅ moultonborough: forms/unknown/2025
[MetadataExtraction] ✅ moultonborough: documents/unknown/2025
[MetadataExtraction] ✅ moultonborough: documents/unknown/unknown
[MetadataExtraction] ✅ moultonborough: documents/unknown/unknown
[MetadataExtraction] ✅ moultonborough: documents/unknown/unknown
[MetadataExtraction] ✅ moultonborough: documents/unknown/unknown
[MetadataExtraction] ✅ moultonborough: documents/unknown/unknown
[MetadataExtraction] ✅ moultonborough: documents/unknown/unknown
[MetadataExtraction] ✅ moultonborough: documents/unknown/2024
[MetadataExtraction] ✅ moultonborough: documents/unknown/unknown
[MetadataExtraction] ✅ moultonborough: budget/unknown/2017
[MetadataExtraction] ✅ moultonborough: budget/unknown/2018
[MetadataExtraction] ✅ moultonborough: documents/unknown/unknown
[MetadataExtraction] ✅ moultonborough: documents/unknown/unknown
[MetadataExtraction] ✅ moultonborough: documents/unknown/unknown
[MetadataExtraction] ✅ moultonborough: documents/unknown/unknown
[MetadataExtraction] ✅ moultonborough: documents/unknown/2011
[MetadataExtraction] ✅ moultonborough: documents/unknown/unknown
[MetadataExtraction] ✅ moultonborough: documents/unknown/2018
[MetadataExtraction] ✅ moultonborough: documents/unknown/unknown
[MetadataExtraction] ✅ moultonborough: documents/unknown/unknown
[MetadataExtraction] ✅ moultonborough: reports/unknown/unknown
[MetadataExtraction] ✅ moultonborough: documents/unknown/unknown
[MetadataExtraction] ✅ moultonborough: forms/unknown/unknown
[MetadataExtraction] ✅ moultonborough: documents/unknown/unknown
[MetadataExtraction] ✅ moultonborough: documents/unknown/unknown
[MetadataExtraction] ✅ moultonborough: documents/unknown/2024
[MetadataExtraction] ✅ moultonborough: documents/unknown/2024
[MetadataExtraction] ✅ moultonborough: documents/unknown/2024
[MetadataExtraction] ✅ moultonborough: documents/unknown/2024
[MetadataExtraction] ✅ moultonborough: documents/unknown/2023
[MetadataExtraction] ✅ moultonborough: documents/unknown/2022
[MetadataExtraction] ✅ moultonborough: documents/unknown/2022
[MetadataExtraction] ✅ moultonborough: documents/unknown/2022
[MetadataExtraction] ✅ moultonborough: documents/unknown/2021
[MetadataExtraction] ✅ moultonborough: documents/unknown/2020
[MetadataExtraction] ✅ moultonborough: documents/unknown/unknown
[MetadataExtraction] ✅ moultonborough: documents/unknown/2020
[MetadataExtraction] ✅ moultonborough: documents/unknown/2020
[MetadataExtraction] ✅ moultonborough: documents/unknown/2018
[MetadataExtraction] ✅ moultonborough: documents/unknown/2018
[MetadataExtraction] ✅ moultonborough: documents/unknown/2018
[MetadataExtraction] ✅ moultonborough: documents/unknown/2017
[MetadataExtraction] ✅ moultonborough: documents/unknown/2016
[MetadataExtraction] ✅ moultonborough: documents/unknown/2016
[MetadataExtraction] ✅ moultonborough: documents/unknown/2013
[MetadataExtraction] ✅ moultonborough: documents/unknown/2012
[MetadataExtraction] ✅ moultonborough: documents/unknown/2012
[MetadataExtraction] ✅ moultonborough: documents/unknown/2012
[MetadataExtraction] ✅ moultonborough: documents/unknown/2010
[MetadataExtraction] ✅ moultonborough: documents/unknown/unknown
[MetadataExtraction] ✅ moultonborough: documents/unknown/2010
[MetadataExtraction] ✅ moultonborough: documents/unknown/unknown

📊 Progress:
   Batch: 100 extracted, 0 failed
   Total: 3100 extracted, 0 failed
   Remaining: 2626 documents
   Rate: 4018.9 docs/min
   Elapsed: 0.8 minutes
   ETA: 0.7 minutes

======================================================================
📦 Batch 32
======================================================================
[MetadataExtraction] Processing 100 documents...
[MetadataExtraction] ✅ moultonborough: documents/unknown/unknown
[MetadataExtraction] ✅ moultonborough: documents/unknown/2025
[MetadataExtraction] ✅ moultonborough: documents/unknown/2026
[MetadataExtraction] ✅ moultonborough: documents/unknown/unknown
[MetadataExtraction] ✅ moultonborough: documents/unknown/unknown
[MetadataExtraction] ✅ moultonborough: documents/unknown/unknown
[MetadataExtraction] ✅ moultonborough: documents/unknown/2025
[MetadataExtraction] ✅ moultonborough: documents/unknown/unknown
[MetadataExtraction] ✅ moultonborough: documents/unknown/2024
[MetadataExtraction] ✅ moultonborough: documents/unknown/unknown
[MetadataExtraction] ✅ moultonborough: reports/unknown/2022
[MetadataExtraction] ✅ moultonborough: documents/unknown/2024
[MetadataExtraction] ✅ moultonborough: documents/unknown/unknown
[MetadataExtraction] ✅ moultonborough: budget/unknown/2026
[MetadataExtraction] ✅ moultonborough: budget/Board_of_Selectmen/unknown
[MetadataExtraction] ✅ moultonborough: budget/Board_of_Selectmen/unknown
[MetadataExtraction] ✅ moultonborough: budget/unknown/2025
[MetadataExtraction] ✅ moultonborough: budget/unknown/2024
[MetadataExtraction] ✅ moultonborough: budget/unknown/2024
[MetadataExtraction] ✅ moultonborough: budget/unknown/2024
[MetadataExtraction] ✅ moultonborough: documents/unknown/unknown
[MetadataExtraction] ✅ moultonborough: documents/unknown/2022
[MetadataExtraction] ✅ moultonborough: documents/unknown/unknown
[MetadataExtraction] ✅ moultonborough: documents/unknown/unknown
[MetadataExtraction] ✅ moultonborough: budget/unknown/2022
[MetadataExtraction] ✅ moultonborough: budget/unknown/2021
[MetadataExtraction] ✅ moultonborough: documents/unknown/unknown
[MetadataExtraction] ✅ moultonborough: documents/unknown/2020
[MetadataExtraction] ✅ moultonborough: documents/unknown/2019
[MetadataExtraction] ✅ moultonborough: documents/unknown/2020
[MetadataExtraction] ✅ moultonborough: budget/unknown/2020
[MetadataExtraction] ✅ moultonborough: budget/unknown/2020
[MetadataExtraction] ✅ moultonborough: budget/unknown/2020
[MetadataExtraction] ✅ moultonborough: documents/unknown/2019
[MetadataExtraction] ✅ moultonborough: budget/unknown/2019
[MetadataExtraction] ✅ moultonborough: budget/unknown/2019
[MetadataExtraction] ✅ moultonborough: documents/unknown/2018
[MetadataExtraction] ✅ moultonborough: budget/unknown/2018
[MetadataExtraction] ✅ moultonborough: documents/unknown/2017
[MetadataExtraction] ✅ moultonborough: documents/unknown/unknown
[MetadataExtraction] ✅ moultonborough: documents/unknown/2017
[MetadataExtraction] ✅ moultonborough: documents/unknown/unknown
[MetadataExtraction] ✅ moultonborough: documents/unknown/unknown
[MetadataExtraction] ✅ moultonborough: documents/unknown/unknown
[MetadataExtraction] ✅ moultonborough: documents/unknown/unknown
[MetadataExtraction] ✅ moultonborough: documents/unknown/unknown
[MetadataExtraction] ✅ moultonborough: documents/unknown/unknown
[MetadataExtraction] ✅ moultonborough: documents/unknown/unknown
[MetadataExtraction] ✅ moultonborough: documents/unknown/unknown
[MetadataExtraction] ✅ moultonborough: documents/unknown/unknown
[MetadataExtraction] ✅ moultonborough: documents/unknown/unknown
[MetadataExtraction] ✅ moultonborough: documents/unknown/unknown
[MetadataExtraction] ✅ moultonborough: documents/unknown/unknown
[MetadataExtraction] ✅ moultonborough: documents/unknown/unknown
[MetadataExtraction] ✅ moultonborough: documents/unknown/unknown
[MetadataExtraction] ✅ moultonborough: documents/unknown/unknown
[MetadataExtraction] ✅ moultonborough: documents/unknown/unknown
[MetadataExtraction] ✅ moultonborough: documents/unknown/unknown
[MetadataExtraction] ✅ moultonborough: documents/unknown/unknown
[MetadataExtraction] ✅ moultonborough: documents/unknown/2025
[MetadataExtraction] ✅ moultonborough: documents/unknown/unknown
[MetadataExtraction] ✅ moultonborough: documents/unknown/unknown
[MetadataExtraction] ✅ moultonborough: documents/unknown/unknown
[MetadataExtraction] ✅ moultonborough: documents/unknown/unknown
[MetadataExtraction] ✅ moultonborough: documents/unknown/unknown
[MetadataExtraction] ✅ moultonborough: documents/unknown/unknown
[MetadataExtraction] ✅ moultonborough: documents/unknown/unknown
[MetadataExtraction] ✅ moultonborough: documents/unknown/unknown
[MetadataExtraction] ✅ moultonborough: documents/unknown/unknown
[MetadataExtraction] ✅ moultonborough: documents/unknown/unknown
[MetadataExtraction] ✅ moultonborough: documents/unknown/unknown
[MetadataExtraction] ✅ moultonborough: documents/unknown/unknown
[MetadataExtraction] ✅ moultonborough: documents/unknown/unknown
[MetadataExtraction] ✅ moultonborough: documents/unknown/unknown
[MetadataExtraction] ✅ moultonborough: documents/unknown/unknown
[MetadataExtraction] ✅ moultonborough: documents/unknown/unknown
[MetadataExtraction] ✅ moultonborough: documents/unknown/unknown
[MetadataExtraction] ✅ moultonborough: documents/unknown/unknown
[MetadataExtraction] ✅ moultonborough: documents/unknown/unknown
[MetadataExtraction] ✅ moultonborough: documents/unknown/unknown
[MetadataExtraction] ✅ moultonborough: documents/unknown/unknown
[MetadataExtraction] ✅ moultonborough: documents/unknown/unknown
[MetadataExtraction] ✅ moultonborough: documents/unknown/unknown
[MetadataExtraction] ✅ moultonborough: documents/unknown/unknown
[MetadataExtraction] ✅ moultonborough: documents/unknown/2025
[MetadataExtraction] ✅ moultonborough: documents/unknown/2024
[MetadataExtraction] ✅ moultonborough: documents/unknown/2023
[MetadataExtraction] ✅ moultonborough: documents/unknown/2023
[MetadataExtraction] ✅ moultonborough: documents/unknown/2021
[MetadataExtraction] ✅ moultonborough: documents/unknown/2021
[MetadataExtraction] ✅ moultonborough: documents/unknown/2020
[MetadataExtraction] ✅ moultonborough: documents/unknown/2020
[MetadataExtraction] ✅ moultonborough: documents/unknown/2019
[MetadataExtraction] ✅ moultonborough: documents/unknown/2018
[MetadataExtraction] ✅ moultonborough: documents/unknown/2018
[MetadataExtraction] ✅ moultonborough: documents/unknown/2017
[MetadataExtraction] ✅ moultonborough: documents/unknown/2017
[MetadataExtraction] ✅ moultonborough: documents/unknown/2016
[MetadataExtraction] ✅ moultonborough: documents/unknown/2015
[MetadataExtraction] ✅ moultonborough: documents/unknown/2015

📊 Progress:
   Batch: 100 extracted, 0 failed
   Total: 3200 extracted, 0 failed
   Remaining: 2526 documents
   Rate: 4016.8 docs/min
   Elapsed: 0.8 minutes
   ETA: 0.6 minutes

======================================================================
📦 Batch 33
======================================================================
[MetadataExtraction] Processing 100 documents...
[MetadataExtraction] ✅ moultonborough: documents/unknown/2014
[MetadataExtraction] ✅ moultonborough: documents/unknown/unknown
[MetadataExtraction] ✅ moultonborough: documents/unknown/unknown
[MetadataExtraction] ✅ moultonborough: documents/unknown/unknown
[MetadataExtraction] ✅ moultonborough: documents/unknown/unknown
[MetadataExtraction] ✅ moultonborough: documents/unknown/unknown
[MetadataExtraction] ✅ moultonborough: documents/unknown/unknown
[MetadataExtraction] ✅ moultonborough: documents/unknown/unknown
[MetadataExtraction] ✅ moultonborough: documents/unknown/unknown
[MetadataExtraction] ✅ moultonborough: documents/unknown/unknown
[MetadataExtraction] ✅ moultonborough: documents/unknown/unknown
[MetadataExtraction] ✅ moultonborough: documents/unknown/unknown
[MetadataExtraction] ✅ moultonborough: documents/unknown/unknown
[MetadataExtraction] ✅ moultonborough: documents/unknown/unknown
[MetadataExtraction] ✅ moultonborough: documents/unknown/unknown
[MetadataExtraction] ✅ moultonborough: documents/unknown/unknown
[MetadataExtraction] ✅ moultonborough: documents/unknown/unknown
[MetadataExtraction] ✅ moultonborough: documents/unknown/unknown
[MetadataExtraction] ✅ moultonborough: documents/unknown/unknown
[MetadataExtraction] ✅ moultonborough: documents/unknown/unknown
[MetadataExtraction] ✅ moultonborough: documents/unknown/unknown
[MetadataExtraction] ✅ moultonborough: documents/unknown/2013
[MetadataExtraction] ✅ moultonborough: documents/unknown/2017
[MetadataExtraction] ✅ moultonborough: documents/unknown/2013
[MetadataExtraction] ✅ moultonborough: documents/unknown/2018
[MetadataExtraction] ✅ moultonborough: documents/unknown/2016
[MetadataExtraction] ✅ moultonborough: documents/unknown/2018
[MetadataExtraction] ✅ moultonborough: documents/unknown/2017
[MetadataExtraction] ✅ moultonborough: documents/unknown/2016
[MetadataExtraction] ✅ moultonborough: documents/unknown/2014
[MetadataExtraction] ✅ moultonborough: documents/unknown/unknown
[MetadataExtraction] ✅ moultonborough: forms/unknown/unknown
[MetadataExtraction] ✅ moultonborough: documents/unknown/unknown
[MetadataExtraction] ✅ moultonborough: documents/unknown/unknown
[MetadataExtraction] ✅ moultonborough: documents/unknown/2008
[MetadataExtraction] ✅ moultonborough: documents/unknown/unknown
[MetadataExtraction] ✅ moultonborough: forms/unknown/unknown
[MetadataExtraction] ✅ moultonborough: documents/unknown/unknown
[MetadataExtraction] ✅ moultonborough: documents/unknown/2006
[MetadataExtraction] ✅ moultonborough: documents/unknown/unknown
[MetadataExtraction] ✅ moultonborough: documents/unknown/unknown
[MetadataExtraction] ✅ moultonborough: documents/unknown/unknown
[MetadataExtraction] ✅ moultonborough: documents/unknown/unknown
[MetadataExtraction] ✅ moultonborough: documents/unknown/unknown
[MetadataExtraction] ✅ moultonborough: documents/unknown/unknown
[MetadataExtraction] ✅ moultonborough: documents/unknown/unknown
[MetadataExtraction] ✅ moultonborough: documents/unknown/unknown
[MetadataExtraction] ✅ moultonborough: documents/unknown/unknown
[MetadataExtraction] ✅ moultonborough: documents/unknown/unknown
[MetadataExtraction] ✅ moultonborough: documents/unknown/unknown
[MetadataExtraction] ✅ moultonborough: documents/unknown/unknown
[MetadataExtraction] ✅ moultonborough: documents/unknown/unknown
[MetadataExtraction] ✅ moultonborough: documents/unknown/unknown
[MetadataExtraction] ✅ moultonborough: documents/unknown/unknown
[MetadataExtraction] ✅ moultonborough: documents/unknown/unknown
[MetadataExtraction] ✅ moultonborough: documents/unknown/unknown
[MetadataExtraction] ✅ moultonborough: documents/unknown/unknown
[MetadataExtraction] ✅ moultonborough: documents/unknown/unknown
[MetadataExtraction] ✅ moultonborough: documents/unknown/2013
[MetadataExtraction] ✅ moultonborough: documents/unknown/2013
[MetadataExtraction] ✅ moultonborough: documents/unknown/2013
[MetadataExtraction] ✅ moultonborough: documents/unknown/unknown
[MetadataExtraction] ✅ moultonborough: documents/unknown/unknown
[MetadataExtraction] ✅ moultonborough: documents/unknown/unknown
[MetadataExtraction] ✅ moultonborough: documents/unknown/2013
[MetadataExtraction] ✅ moultonborough: documents/unknown/2013
[MetadataExtraction] ✅ moultonborough: documents/unknown/unknown
[MetadataExtraction] ✅ moultonborough: documents/unknown/unknown
[MetadataExtraction] ✅ moultonborough: reports/unknown/unknown
[MetadataExtraction] ✅ moultonborough: documents/unknown/unknown
[MetadataExtraction] ✅ moultonborough: documents/unknown/2015
[MetadataExtraction] ✅ moultonborough: documents/unknown/2015
[MetadataExtraction] ✅ moultonborough: documents/unknown/unknown
[MetadataExtraction] ✅ moultonborough: documents/unknown/2026
[MetadataExtraction] ✅ moultonborough: documents/unknown/2026
[MetadataExtraction] ✅ moultonborough: ordinances/unknown/2026
[MetadataExtraction] ✅ moultonborough: documents/unknown/2026
[MetadataExtraction] ✅ moultonborough: documents/unknown/2025
[MetadataExtraction] ✅ moultonborough: documents/unknown/unknown
[MetadataExtraction] ✅ moultonborough: documents/unknown/2016
[MetadataExtraction] ✅ moultonborough: documents/unknown/unknown
[MetadataExtraction] ✅ moultonborough: documents/Conservation_Commission/unknown
[MetadataExtraction] ✅ moultonborough: documents/unknown/unknown
[MetadataExtraction] ✅ moultonborough: documents/unknown/2022
[MetadataExtraction] ✅ moultonborough: documents/unknown/unknown
[MetadataExtraction] ✅ moultonborough: documents/unknown/2025
[MetadataExtraction] ✅ moultonborough: minutes/unknown/2015
[MetadataExtraction] ✅ moultonborough: minutes/unknown/2015
[MetadataExtraction] ✅ moultonborough: documents/unknown/2024
[MetadataExtraction] ✅ moultonborough: documents/unknown/2024
[MetadataExtraction] ✅ moultonborough: documents/unknown/unknown
[MetadataExtraction] ✅ moultonborough: documents/unknown/unknown
[MetadataExtraction] ✅ moultonborough: documents/unknown/unknown
[MetadataExtraction] ✅ moultonborough: reports/unknown/2018
[MetadataExtraction] ✅ moultonborough: documents/unknown/2019
[MetadataExtraction] ✅ moultonborough: reports/unknown/2018
[MetadataExtraction] ✅ moultonborough: documents/unknown/2019
[MetadataExtraction] ✅ moultonborough: documents/unknown/2017
[MetadataExtraction] ✅ moultonborough: reports/unknown/2017
[MetadataExtraction] ✅ moultonborough: documents/unknown/2018

📊 Progress:
   Batch: 100 extracted, 0 failed
   Total: 3300 extracted, 0 failed
   Remaining: 2426 documents
   Rate: 4014.9 docs/min
   Elapsed: 0.8 minutes
   ETA: 0.6 minutes

======================================================================
📦 Batch 34
======================================================================
[MetadataExtraction] Processing 100 documents...
[MetadataExtraction] ✅ moultonborough: documents/unknown/unknown
[MetadataExtraction] ✅ moultonborough: documents/unknown/2019
[MetadataExtraction] ✅ moultonborough: reports/unknown/2012
[MetadataExtraction] ✅ moultonborough: reports/unknown/2012
[MetadataExtraction] ✅ moultonborough: documents/unknown/2024
[MetadataExtraction] ✅ moultonborough: documents/unknown/2023
[MetadataExtraction] ✅ moultonborough: documents/unknown/2022
[MetadataExtraction] ✅ moultonborough: documents/unknown/2022
[MetadataExtraction] ✅ moultonborough: documents/unknown/2021
[MetadataExtraction] ✅ moultonborough: documents/unknown/2020
[MetadataExtraction] ✅ moultonborough: documents/unknown/2020
[MetadataExtraction] ✅ moultonborough: documents/unknown/2020
[MetadataExtraction] ✅ moultonborough: documents/unknown/2019
[MetadataExtraction] ✅ moultonborough: documents/unknown/unknown
[MetadataExtraction] ✅ moultonborough: documents/unknown/2019
[MetadataExtraction] ✅ moultonborough: documents/unknown/2019
[MetadataExtraction] ✅ moultonborough: documents/unknown/2019
[MetadataExtraction] ✅ moultonborough: documents/unknown/2019
[MetadataExtraction] ✅ moultonborough: documents/unknown/2019
[MetadataExtraction] ✅ moultonborough: documents/unknown/2018
[MetadataExtraction] ✅ moultonborough: documents/unknown/2018
[MetadataExtraction] ✅ moultonborough: documents/unknown/2018
[MetadataExtraction] ✅ moultonborough: documents/unknown/2019
[MetadataExtraction] ✅ moultonborough: documents/unknown/2017
[MetadataExtraction] ✅ moultonborough: documents/unknown/2017
[MetadataExtraction] ✅ moultonborough: documents/unknown/2017
[MetadataExtraction] ✅ moultonborough: documents/unknown/2017
[MetadataExtraction] ✅ moultonborough: documents/unknown/2017
[MetadataExtraction] ✅ moultonborough: documents/unknown/2016
[MetadataExtraction] ✅ moultonborough: documents/unknown/2014
[MetadataExtraction] ✅ moultonborough: documents/unknown/unknown
[MetadataExtraction] ✅ moultonborough: documents/unknown/unknown
[MetadataExtraction] ✅ moultonborough: documents/unknown/2013
[MetadataExtraction] ✅ moultonborough: reports/unknown/unknown
[MetadataExtraction] ✅ moultonborough: documents/unknown/unknown
[MetadataExtraction] ✅ moultonborough: documents/unknown/unknown
[MetadataExtraction] ✅ moultonborough: documents/unknown/unknown
[MetadataExtraction] ✅ moultonborough: documents/unknown/unknown
[MetadataExtraction] ✅ moultonborough: documents/unknown/unknown
[MetadataExtraction] ✅ moultonborough: documents/unknown/unknown
[MetadataExtraction] ✅ moultonborough: documents/unknown/2011
[MetadataExtraction] ✅ moultonborough: documents/unknown/unknown
[MetadataExtraction] ✅ moultonborough: documents/unknown/unknown
[MetadataExtraction] ✅ moultonborough: documents/unknown/unknown
[MetadataExtraction] ✅ moultonborough: documents/unknown/unknown
[MetadataExtraction] ✅ moultonborough: documents/unknown/2010
[MetadataExtraction] ✅ moultonborough: documents/unknown/unknown
[MetadataExtraction] ✅ moultonborough: documents/unknown/unknown
[MetadataExtraction] ✅ moultonborough: documents/unknown/unknown
[MetadataExtraction] ✅ moultonborough: documents/unknown/unknown
[MetadataExtraction] ✅ moultonborough: reports/unknown/2015
[MetadataExtraction] ✅ moultonborough: documents/unknown/2014
[MetadataExtraction] ✅ moultonborough: documents/unknown/2014
[MetadataExtraction] ✅ moultonborough: documents/unknown/unknown
[MetadataExtraction] ✅ moultonborough: documents/unknown/unknown
[MetadataExtraction] ✅ moultonborough: documents/unknown/unknown
[MetadataExtraction] ✅ moultonborough: documents/unknown/unknown
[MetadataExtraction] ✅ moultonborough: documents/unknown/2019
[MetadataExtraction] ✅ moultonborough: documents/unknown/unknown
[MetadataExtraction] ✅ moultonborough: documents/unknown/unknown
[MetadataExtraction] ✅ moultonborough: documents/unknown/unknown
[MetadataExtraction] ✅ moultonborough: documents/unknown/unknown
[MetadataExtraction] ✅ moultonborough: documents/unknown/unknown
[MetadataExtraction] ✅ moultonborough: documents/unknown/unknown
[MetadataExtraction] ✅ moultonborough: documents/unknown/2015
[MetadataExtraction] ✅ moultonborough: documents/unknown/2014
[MetadataExtraction] ✅ moultonborough: documents/unknown/unknown
[MetadataExtraction] ✅ moultonborough: documents/unknown/unknown
[MetadataExtraction] ✅ moultonborough: documents/unknown/unknown
[MetadataExtraction] ✅ moultonborough: documents/unknown/2015
[MetadataExtraction] ✅ moultonborough: documents/unknown/unknown
[MetadataExtraction] ✅ moultonborough: documents/unknown/unknown
[MetadataExtraction] ✅ moultonborough: documents/unknown/unknown
[MetadataExtraction] ✅ moultonborough: documents/unknown/2020
[MetadataExtraction] ✅ moultonborough: documents/unknown/unknown
[MetadataExtraction] ✅ moultonborough: documents/unknown/unknown
[MetadataExtraction] ✅ moultonborough: documents/unknown/unknown
[MetadataExtraction] ✅ moultonborough: documents/unknown/2026
[MetadataExtraction] ✅ moultonborough: documents/unknown/2026
[MetadataExtraction] ✅ moultonborough: documents/unknown/2025
[MetadataExtraction] ✅ moultonborough: documents/unknown/unknown
[MetadataExtraction] ✅ moultonborough: documents/unknown/2026
[MetadataExtraction] ✅ moultonborough: documents/unknown/unknown
[MetadataExtraction] ✅ moultonborough: documents/unknown/unknown
[MetadataExtraction] ✅ moultonborough: documents/unknown/unknown
[MetadataExtraction] ✅ moultonborough: documents/unknown/unknown
[MetadataExtraction] ✅ moultonborough: documents/unknown/unknown
[MetadataExtraction] ✅ moultonborough: forms/unknown/unknown
[MetadataExtraction] ✅ moultonborough: documents/unknown/unknown
[MetadataExtraction] ✅ moultonborough: documents/unknown/unknown
[MetadataExtraction] ✅ moultonborough: documents/unknown/unknown
[MetadataExtraction] ✅ conway: documents/unknown/unknown
[MetadataExtraction] ✅ conway: documents/unknown/unknown
[MetadataExtraction] ✅ conway: documents/unknown/unknown
[MetadataExtraction] ✅ jackson: documents/unknown/2025
[MetadataExtraction] ✅ jackson: documents/unknown/2025
[MetadataExtraction] ✅ jackson: documents/unknown/2025
[MetadataExtraction] ✅ jackson: documents/unknown/2025
[MetadataExtraction] ✅ jackson: documents/unknown/2025
[MetadataExtraction] ✅ jackson: documents/unknown/2025

📊 Progress:
   Batch: 100 extracted, 0 failed
   Total: 3400 extracted, 0 failed
   Remaining: 2326 documents
   Rate: 4014.1 docs/min
   Elapsed: 0.8 minutes
   ETA: 0.6 minutes

======================================================================
📦 Batch 35
======================================================================
[MetadataExtraction] Processing 100 documents...
[MetadataExtraction] ✅ jackson: documents/unknown/2025
[MetadataExtraction] ✅ jackson: documents/unknown/2025
[MetadataExtraction] ✅ jackson: documents/unknown/2025
[MetadataExtraction] ✅ jackson: documents/unknown/2025
[MetadataExtraction] ✅ jackson: documents/unknown/2025
[MetadataExtraction] ✅ jackson: documents/unknown/2025
[MetadataExtraction] ✅ jackson: documents/unknown/2025
[MetadataExtraction] ✅ jackson: documents/unknown/2025
[MetadataExtraction] ✅ jackson: documents/unknown/2025
[MetadataExtraction] ✅ jackson: documents/unknown/2025
[MetadataExtraction] ✅ jackson: documents/unknown/2025
[MetadataExtraction] ✅ jackson: documents/unknown/2025
[MetadataExtraction] ✅ jackson: documents/unknown/2025
[MetadataExtraction] ✅ jackson: documents/unknown/2025
[MetadataExtraction] ✅ jackson: documents/unknown/2025
[MetadataExtraction] ✅ jackson: documents/unknown/2025
[MetadataExtraction] ✅ jackson: documents/unknown/2025
[MetadataExtraction] ✅ jackson: documents/unknown/2025
[MetadataExtraction] ✅ jackson: documents/unknown/2025
[MetadataExtraction] ✅ jackson: documents/unknown/2025
[MetadataExtraction] ✅ jackson: documents/unknown/2025
[MetadataExtraction] ✅ jackson: documents/unknown/2025
[MetadataExtraction] ✅ jackson: documents/unknown/2025
[MetadataExtraction] ✅ jackson: documents/unknown/2025
[MetadataExtraction] ✅ jackson: documents/unknown/2025
[MetadataExtraction] ✅ jackson: documents/unknown/2025
[MetadataExtraction] ✅ jackson: documents/unknown/2025
[MetadataExtraction] ✅ jackson: documents/unknown/2025
[MetadataExtraction] ✅ jackson: documents/unknown/2025
[MetadataExtraction] ✅ jackson: documents/unknown/2025
[MetadataExtraction] ✅ jackson: documents/unknown/2025
[MetadataExtraction] ✅ jackson: documents/unknown/2025
[MetadataExtraction] ✅ jackson: documents/unknown/2025
[MetadataExtraction] ✅ jackson: documents/unknown/2025
[MetadataExtraction] ✅ jackson: documents/unknown/2025
[MetadataExtraction] ✅ jackson: documents/unknown/2025
[MetadataExtraction] ✅ jackson: documents/unknown/2025
[MetadataExtraction] ✅ jackson: documents/unknown/2025
[MetadataExtraction] ✅ jackson: documents/unknown/2025
[MetadataExtraction] ✅ jackson: documents/unknown/2025
[MetadataExtraction] ✅ jackson: documents/unknown/2025
[MetadataExtraction] ✅ jackson: documents/unknown/2025
[MetadataExtraction] ✅ jackson: documents/unknown/2025
[MetadataExtraction] ✅ jackson: documents/unknown/2025
[MetadataExtraction] ✅ jackson: documents/unknown/2025
[MetadataExtraction] ✅ jackson: documents/unknown/2025
[MetadataExtraction] ✅ jackson: documents/unknown/2025
[MetadataExtraction] ✅ jackson: documents/unknown/2025
[MetadataExtraction] ✅ jackson: documents/unknown/2025
[MetadataExtraction] ✅ jackson: documents/unknown/2025
[MetadataExtraction] ✅ jackson: documents/unknown/2025
[MetadataExtraction] ✅ jackson: documents/unknown/2025
[MetadataExtraction] ✅ jackson: documents/unknown/2025
[MetadataExtraction] ✅ jackson: documents/unknown/2025
[MetadataExtraction] ✅ jackson: documents/unknown/2025
[MetadataExtraction] ✅ jackson: documents/unknown/2025
[MetadataExtraction] ✅ jackson: documents/unknown/2025
[MetadataExtraction] ✅ jackson: documents/unknown/2025
[MetadataExtraction] ✅ jackson: documents/unknown/2025
[MetadataExtraction] ✅ jackson: documents/unknown/2025
[MetadataExtraction] ✅ jackson: documents/unknown/2025
[MetadataExtraction] ✅ jackson: documents/unknown/2026
[MetadataExtraction] ✅ jackson: documents/unknown/2026
[MetadataExtraction] ✅ jackson: documents/unknown/2026
[MetadataExtraction] ✅ jackson: documents/unknown/2026
[MetadataExtraction] ✅ jackson: documents/unknown/2025
[MetadataExtraction] ✅ jackson: documents/unknown/2025
[MetadataExtraction] ✅ jackson: documents/unknown/2025
[MetadataExtraction] ✅ jackson: documents/unknown/2025
[MetadataExtraction] ✅ jackson: documents/unknown/2025
[MetadataExtraction] ✅ jackson: documents/unknown/2025
[MetadataExtraction] ✅ jackson: documents/unknown/2025
[MetadataExtraction] ✅ jackson: documents/unknown/2025
[MetadataExtraction] ✅ jackson: documents/unknown/2025
[MetadataExtraction] ✅ jackson: documents/unknown/2025
[MetadataExtraction] ✅ jackson: documents/unknown/2025
[MetadataExtraction] ✅ jackson: documents/unknown/2025
[MetadataExtraction] ✅ jackson: minutes/unknown/2025
[MetadataExtraction] ✅ jackson: minutes/unknown/2026
[MetadataExtraction] ✅ jackson: minutes/unknown/2025
[MetadataExtraction] ✅ jackson: minutes/unknown/2025
[MetadataExtraction] ✅ jackson: minutes/unknown/2025
[MetadataExtraction] ✅ jackson: minutes/unknown/2025
[MetadataExtraction] ✅ jackson: minutes/unknown/2025
[MetadataExtraction] ✅ jackson: minutes/unknown/2025
[MetadataExtraction] ✅ jackson: minutes/unknown/2025
[MetadataExtraction] ✅ conway: documents/unknown/unknown
[MetadataExtraction] ✅ tuftonboro: forms/unknown/2016
[MetadataExtraction] ✅ tuftonboro: documents/unknown/unknown
[MetadataExtraction] ✅ tuftonboro: minutes/unknown/2025
[MetadataExtraction] ✅ tuftonboro: documents/unknown/unknown
[MetadataExtraction] ✅ tuftonboro: budget/unknown/unknown
[MetadataExtraction] ✅ tuftonboro: documents/unknown/unknown
[MetadataExtraction] ✅ tuftonboro: forms/unknown/unknown
[MetadataExtraction] ✅ tuftonboro: forms/unknown/unknown
[MetadataExtraction] ✅ tuftonboro: documents/unknown/2025
[MetadataExtraction] ✅ tuftonboro: documents/unknown/2023
[MetadataExtraction] ✅ tuftonboro: documents/unknown/2021
[MetadataExtraction] ✅ tuftonboro: documents/unknown/2020
[MetadataExtraction] ✅ tuftonboro: documents/unknown/2019

📊 Progress:
   Batch: 100 extracted, 0 failed
   Total: 3500 extracted, 0 failed
   Remaining: 2226 documents
   Rate: 4013.7 docs/min
   Elapsed: 0.9 minutes
   ETA: 0.6 minutes

======================================================================
📦 Batch 36
======================================================================
[MetadataExtraction] Processing 100 documents...
[MetadataExtraction] ✅ tuftonboro: documents/unknown/2018
[MetadataExtraction] ✅ tuftonboro: documents/unknown/2017
[MetadataExtraction] ✅ tuftonboro: documents/unknown/2015
[MetadataExtraction] ✅ tuftonboro: documents/unknown/2014
[MetadataExtraction] ✅ tuftonboro: reports/unknown/2024
[MetadataExtraction] ✅ tuftonboro: documents/Board_of_Selectmen/2015
[MetadataExtraction] ✅ tuftonboro: reports/Board_of_Selectmen/2019
[MetadataExtraction] ✅ tuftonboro: reports/Board_of_Selectmen/2019
[MetadataExtraction] ✅ tuftonboro: documents/unknown/2026
[MetadataExtraction] ✅ tuftonboro: documents/unknown/2026
[MetadataExtraction] ✅ tuftonboro: documents/unknown/2026
[MetadataExtraction] ✅ tuftonboro: documents/unknown/2026
[MetadataExtraction] ✅ tuftonboro: documents/unknown/unknown
[MetadataExtraction] ✅ tuftonboro: reports/unknown/unknown
[MetadataExtraction] ✅ tuftonboro: documents/unknown/2025
[MetadataExtraction] ✅ tuftonboro: documents/unknown/2026
[MetadataExtraction] ✅ tuftonboro: documents/unknown/2026
[MetadataExtraction] ✅ tuftonboro: documents/unknown/2021
[MetadataExtraction] ✅ tuftonboro: forms/unknown/unknown
[MetadataExtraction] ✅ ossipee: documents/unknown/unknown
[MetadataExtraction] ✅ ossipee: documents/unknown/2018
[MetadataExtraction] ✅ ossipee: documents/unknown/2017
[MetadataExtraction] ✅ ossipee: documents/unknown/2016
[MetadataExtraction] ✅ ossipee: documents/unknown/unknown
[MetadataExtraction] ✅ ossipee: documents/unknown/unknown
[MetadataExtraction] ✅ ossipee: documents/unknown/unknown
[MetadataExtraction] ✅ ossipee: documents/unknown/2025
[MetadataExtraction] ✅ ossipee: documents/unknown/2025
[MetadataExtraction] ✅ ossipee: documents/unknown/2024
[MetadataExtraction] ✅ ossipee: budget/unknown/2024
[MetadataExtraction] ✅ ossipee: documents/unknown/2024
[MetadataExtraction] ✅ ossipee: forms/unknown/unknown
[MetadataExtraction] ✅ ossipee: forms/unknown/unknown
[MetadataExtraction] ✅ ossipee: documents/unknown/unknown
[MetadataExtraction] ✅ ossipee: reports/unknown/unknown
[MetadataExtraction] ✅ ossipee: documents/unknown/2021
[MetadataExtraction] ✅ ossipee: documents/unknown/2025
[MetadataExtraction] ✅ ossipee: agendas/Board_of_Selectmen/2026
[MetadataExtraction] ✅ ossipee: agendas/unknown/2026
[MetadataExtraction] ✅ ossipee: agendas/unknown/2026
[MetadataExtraction] ✅ ossipee: agendas/Board_of_Selectmen/unknown
[MetadataExtraction] ✅ ossipee: agendas/unknown/2026
[MetadataExtraction] ✅ ossipee: agendas/Zoning_Board/2026
[MetadataExtraction] ✅ ossipee: agendas/unknown/2026
[MetadataExtraction] ✅ ossipee: agendas/unknown/2026
[MetadataExtraction] ✅ ossipee: agendas/unknown/unknown
[MetadataExtraction] ✅ tamworth: documents/unknown/2023
[MetadataExtraction] ✅ tamworth: reports/unknown/unknown
[MetadataExtraction] ✅ tamworth: forms/unknown/unknown
[MetadataExtraction] ✅ tamworth: reports/unknown/2025
[MetadataExtraction] ✅ tamworth: forms/unknown/unknown
[MetadataExtraction] ✅ tamworth: documents/Planning_Board/2025
[MetadataExtraction] ✅ tamworth: reports/unknown/unknown
[MetadataExtraction] ✅ tamworth: documents/unknown/2026
[MetadataExtraction] ✅ tamworth: documents/Board_of_Selectmen/2025
[MetadataExtraction] ✅ tamworth: reports/unknown/2024
[MetadataExtraction] ✅ tamworth: documents/unknown/2016
[MetadataExtraction] ✅ tamworth: documents/unknown/unknown
[MetadataExtraction] ✅ tamworth: documents/unknown/2024
[MetadataExtraction] ✅ tamworth: reports/unknown/unknown
[MetadataExtraction] ✅ tamworth: documents/unknown/unknown
[MetadataExtraction] ✅ tamworth: documents/unknown/2021
[MetadataExtraction] ✅ tamworth: documents/unknown/unknown
[MetadataExtraction] ✅ tamworth: documents/unknown/unknown
[MetadataExtraction] ✅ tamworth: documents/unknown/2022
[MetadataExtraction] ✅ tamworth: documents/unknown/unknown
[MetadataExtraction] ✅ tamworth: ordinances/Planning_Board/unknown
[MetadataExtraction] ✅ tamworth: documents/unknown/unknown
[MetadataExtraction] ✅ tamworth: documents/unknown/unknown
[MetadataExtraction] ✅ tamworth: forms/unknown/unknown
[MetadataExtraction] ✅ tamworth: documents/unknown/unknown
[MetadataExtraction] ✅ tamworth: documents/unknown/unknown
[MetadataExtraction] ✅ tamworth: documents/unknown/unknown
[MetadataExtraction] ✅ tamworth: reports/unknown/2008
[MetadataExtraction] ✅ tamworth: reports/unknown/2009
[MetadataExtraction] ✅ tamworth: reports/unknown/2010
[MetadataExtraction] ✅ tamworth: documents/unknown/2010
[MetadataExtraction] ✅ tamworth: reports/unknown/2011
[MetadataExtraction] ✅ tamworth: reports/unknown/2012
[MetadataExtraction] ✅ tamworth: documents/unknown/2012
[MetadataExtraction] ✅ tamworth: documents/unknown/2012
[MetadataExtraction] ✅ tamworth: reports/unknown/2013
[MetadataExtraction] ✅ tamworth: documents/unknown/2013
[MetadataExtraction] ✅ tamworth: minutes/unknown/2013
[MetadataExtraction] ✅ tamworth: reports/unknown/2014
[MetadataExtraction] ✅ tamworth: documents/unknown/2014
[MetadataExtraction] ✅ tamworth: documents/unknown/2014
[MetadataExtraction] ✅ tamworth: documents/unknown/2014
[MetadataExtraction] ✅ tamworth: reports/unknown/2015
[MetadataExtraction] ✅ tamworth: documents/unknown/2015
[MetadataExtraction] ✅ tamworth: documents/unknown/2015
[MetadataExtraction] ✅ tamworth: documents/unknown/2015
[MetadataExtraction] ✅ tamworth: documents/unknown/2016
[MetadataExtraction] ✅ tamworth: documents/unknown/2016
[MetadataExtraction] ✅ tamworth: minutes/unknown/2016
[MetadataExtraction] ✅ tamworth: reports/unknown/2017
[MetadataExtraction] ✅ tamworth: documents/unknown/2017
[MetadataExtraction] ✅ tamworth: documents/unknown/2017
[MetadataExtraction] ✅ tamworth: minutes/unknown/2017
[MetadataExtraction] ✅ tamworth: documents/unknown/2017

📊 Progress:
   Batch: 100 extracted, 0 failed
   Total: 3600 extracted, 0 failed
   Remaining: 2126 documents
   Rate: 4012.8 docs/min
   Elapsed: 0.9 minutes
   ETA: 0.5 minutes

======================================================================
📦 Batch 37
======================================================================
[MetadataExtraction] Processing 100 documents...
[MetadataExtraction] ✅ tamworth: documents/unknown/2018
[MetadataExtraction] ✅ tamworth: minutes/unknown/2018
[MetadataExtraction] ✅ tamworth: documents/unknown/2018
[MetadataExtraction] ✅ tamworth: minutes/unknown/2019
[MetadataExtraction] ✅ tamworth: reports/unknown/2019
[MetadataExtraction] ✅ tamworth: minutes/unknown/2020
[MetadataExtraction] ✅ tamworth: reports/unknown/2020
[MetadataExtraction] ✅ tamworth: minutes/unknown/2021
[MetadataExtraction] ✅ tamworth: minutes/unknown/2022
[MetadataExtraction] ✅ tamworth: documents/unknown/unknown
[MetadataExtraction] ✅ tamworth: forms/unknown/unknown
[MetadataExtraction] ✅ tamworth: documents/unknown/unknown
[MetadataExtraction] ✅ tamworth: documents/unknown/unknown
[MetadataExtraction] ✅ tamworth: documents/unknown/unknown
[MetadataExtraction] ✅ tamworth: documents/unknown/unknown
[MetadataExtraction] ✅ tamworth: documents/unknown/unknown
[MetadataExtraction] ✅ tamworth: documents/unknown/unknown
[MetadataExtraction] ✅ tamworth: documents/unknown/unknown
[MetadataExtraction] ✅ tamworth: documents/unknown/unknown
[MetadataExtraction] ✅ tamworth: documents/unknown/unknown
[MetadataExtraction] ✅ tamworth: documents/unknown/unknown
[MetadataExtraction] ✅ tamworth: documents/unknown/unknown
[MetadataExtraction] ✅ tamworth: documents/unknown/unknown
[MetadataExtraction] ✅ tamworth: documents/unknown/unknown
[MetadataExtraction] ✅ tamworth: documents/unknown/unknown
[MetadataExtraction] ✅ tamworth: documents/unknown/2020
[MetadataExtraction] ✅ tamworth: documents/unknown/unknown
[MetadataExtraction] ✅ tamworth: documents/unknown/unknown
[MetadataExtraction] ✅ tamworth: documents/unknown/unknown
[MetadataExtraction] ✅ tamworth: documents/unknown/unknown
[MetadataExtraction] ✅ tamworth: documents/unknown/unknown
[MetadataExtraction] ✅ tamworth: documents/unknown/unknown
[MetadataExtraction] ✅ tamworth: documents/unknown/unknown
[MetadataExtraction] ✅ tamworth: documents/unknown/unknown
[MetadataExtraction] ✅ tamworth: documents/unknown/unknown
[MetadataExtraction] ✅ tamworth: documents/unknown/unknown
[MetadataExtraction] ✅ tamworth: documents/unknown/unknown
[MetadataExtraction] ✅ tamworth: documents/unknown/unknown
[MetadataExtraction] ✅ tamworth: documents/unknown/unknown
[MetadataExtraction] ✅ tamworth: documents/unknown/unknown
[MetadataExtraction] ✅ tamworth: documents/unknown/unknown
[MetadataExtraction] ✅ tamworth: documents/unknown/unknown
[MetadataExtraction] ✅ tamworth: documents/unknown/unknown
[MetadataExtraction] ✅ tamworth: documents/unknown/unknown
[MetadataExtraction] ✅ tamworth: documents/unknown/unknown
[MetadataExtraction] ✅ tamworth: documents/unknown/unknown
[MetadataExtraction] ✅ tamworth: documents/unknown/unknown
[MetadataExtraction] ✅ tamworth: documents/unknown/unknown
[MetadataExtraction] ✅ tamworth: documents/unknown/unknown
[MetadataExtraction] ✅ tamworth: documents/unknown/unknown
[MetadataExtraction] ✅ tamworth: documents/unknown/unknown
[MetadataExtraction] ✅ tamworth: documents/unknown/unknown
[MetadataExtraction] ✅ tamworth: documents/unknown/unknown
[MetadataExtraction] ✅ tamworth: documents/unknown/unknown
[MetadataExtraction] ✅ tamworth: documents/unknown/unknown
[MetadataExtraction] ✅ tamworth: documents/unknown/unknown
[MetadataExtraction] ✅ tamworth: documents/unknown/unknown
[MetadataExtraction] ✅ tamworth: documents/unknown/unknown
[MetadataExtraction] ✅ tamworth: documents/unknown/unknown
[MetadataExtraction] ✅ tamworth: reports/unknown/unknown
[MetadataExtraction] ✅ tamworth: reports/unknown/unknown
[MetadataExtraction] ✅ tamworth: documents/unknown/unknown
[MetadataExtraction] ✅ tamworth: documents/unknown/unknown
[MetadataExtraction] ✅ tamworth: documents/unknown/unknown
[MetadataExtraction] ✅ tamworth: documents/unknown/2026
[MetadataExtraction] ✅ tamworth: documents/unknown/2026
[MetadataExtraction] ✅ tamworth: reports/unknown/unknown
[MetadataExtraction] ✅ tamworth: agendas/unknown/2025
[MetadataExtraction] ✅ tamworth: minutes/unknown/2025
[MetadataExtraction] ✅ tamworth: agendas/unknown/2025
[MetadataExtraction] ✅ tamworth: agendas/unknown/2025
[MetadataExtraction] ✅ tamworth: minutes/unknown/2025
[MetadataExtraction] ✅ tamworth: agendas/unknown/2025
[MetadataExtraction] ✅ tamworth: agendas/unknown/2025
[MetadataExtraction] ✅ tamworth: agendas/unknown/2025
[MetadataExtraction] ✅ tamworth: minutes/unknown/2025
[MetadataExtraction] ✅ tamworth: agendas/unknown/2025
[MetadataExtraction] ✅ tamworth: agendas/unknown/2025
[MetadataExtraction] ✅ tamworth: minutes/unknown/2025
[MetadataExtraction] ✅ tamworth: agendas/unknown/2025
[MetadataExtraction] ✅ tamworth: agendas/unknown/2025
[MetadataExtraction] ✅ tamworth: agendas/unknown/2025
[MetadataExtraction] ✅ tamworth: agendas/unknown/2025
[MetadataExtraction] ✅ tamworth: agendas/unknown/2025
[MetadataExtraction] ✅ tamworth: agendas/unknown/2042
[MetadataExtraction] ✅ tamworth: agendas/unknown/2042
[MetadataExtraction] ✅ tamworth: agendas/unknown/2082
[MetadataExtraction] ✅ tamworth: minutes/unknown/2082
[MetadataExtraction] ✅ tamworth: agendas/unknown/2082
[MetadataExtraction] ✅ tamworth: agendas/unknown/2082
[MetadataExtraction] ✅ tamworth: agendas/unknown/2025
[MetadataExtraction] ✅ tamworth: minutes/unknown/2025
[MetadataExtraction] ✅ tamworth: agendas/unknown/2025
[MetadataExtraction] ✅ tamworth: agendas/unknown/2025
[MetadataExtraction] ✅ tamworth: minutes/unknown/2025
[MetadataExtraction] ✅ tamworth: agendas/unknown/2025
[MetadataExtraction] ✅ tamworth: minutes/unknown/2025
[MetadataExtraction] ✅ tamworth: agendas/unknown/2025
[MetadataExtraction] ✅ tamworth: agendas/unknown/2025
[MetadataExtraction] ✅ tamworth: minutes/unknown/2025

📊 Progress:
   Batch: 100 extracted, 0 failed
   Total: 3700 extracted, 0 failed
   Remaining: 2026 documents
   Rate: 4011.3 docs/min
   Elapsed: 0.9 minutes
   ETA: 0.5 minutes

======================================================================
📦 Batch 38
======================================================================
[MetadataExtraction] Processing 100 documents...
[MetadataExtraction] ✅ tamworth: agendas/unknown/2025
[MetadataExtraction] ✅ tamworth: minutes/unknown/2025
[MetadataExtraction] ✅ tamworth: agendas/unknown/2025
[MetadataExtraction] ✅ tamworth: agendas/unknown/2025
[MetadataExtraction] ✅ tamworth: minutes/unknown/2025
[MetadataExtraction] ✅ tamworth: agendas/unknown/2020
[MetadataExtraction] ✅ tamworth: minutes/unknown/2020
[MetadataExtraction] ✅ tamworth: agendas/unknown/2020
[MetadataExtraction] ✅ tamworth: agendas/unknown/2025
[MetadataExtraction] ✅ tamworth: minutes/unknown/2025
[MetadataExtraction] ✅ tamworth: agendas/unknown/2025
[MetadataExtraction] ✅ tamworth: minutes/unknown/2025
[MetadataExtraction] ✅ tamworth: minutes/unknown/2025
[MetadataExtraction] ✅ tamworth: agendas/unknown/2025
[MetadataExtraction] ✅ tamworth: agendas/unknown/2025
[MetadataExtraction] ✅ tamworth: agendas/unknown/2025
[MetadataExtraction] ✅ tamworth: minutes/unknown/2025
[MetadataExtraction] ✅ tamworth: agendas/unknown/2025
[MetadataExtraction] ✅ tamworth: agendas/unknown/2025
[MetadataExtraction] ✅ tamworth: minutes/unknown/2025
[MetadataExtraction] ✅ tamworth: agendas/unknown/2025
[MetadataExtraction] ✅ tamworth: minutes/unknown/2025
[MetadataExtraction] ✅ tamworth: agendas/unknown/2025
[MetadataExtraction] ✅ tamworth: agendas/unknown/2025
[MetadataExtraction] ✅ tamworth: agendas/unknown/2025
[MetadataExtraction] ✅ tamworth: minutes/unknown/2025
[MetadataExtraction] ✅ tamworth: minutes/unknown/2025
[MetadataExtraction] ✅ tamworth: agendas/unknown/2025
[MetadataExtraction] ✅ tamworth: agendas/unknown/2025
[MetadataExtraction] ✅ tamworth: agendas/unknown/2025
[MetadataExtraction] ✅ tamworth: minutes/unknown/2025
[MetadataExtraction] ✅ tamworth: agendas/unknown/2025
[MetadataExtraction] ✅ tamworth: agendas/unknown/2025
[MetadataExtraction] ✅ tamworth: minutes/unknown/2025
[MetadataExtraction] ✅ tamworth: agendas/unknown/2025
[MetadataExtraction] ✅ tamworth: agendas/unknown/2025
[MetadataExtraction] ✅ tamworth: agendas/unknown/2025
[MetadataExtraction] ✅ tamworth: minutes/unknown/2025
[MetadataExtraction] ✅ tamworth: agendas/unknown/2025
[MetadataExtraction] ✅ tamworth: agendas/unknown/2025
[MetadataExtraction] ✅ tamworth: minutes/unknown/2025
[MetadataExtraction] ✅ tamworth: agendas/unknown/2025
[MetadataExtraction] ✅ tamworth: agendas/unknown/2025
[MetadataExtraction] ✅ tamworth: minutes/unknown/2025
[MetadataExtraction] ✅ tamworth: agendas/unknown/2025
[MetadataExtraction] ✅ tamworth: agendas/unknown/2025
[MetadataExtraction] ✅ tamworth: minutes/unknown/2025
[MetadataExtraction] ✅ tamworth: agendas/unknown/2025
[MetadataExtraction] ✅ tamworth: agendas/unknown/2025
[MetadataExtraction] ✅ tamworth: agendas/unknown/2025
[MetadataExtraction] ✅ tamworth: minutes/unknown/2025
[MetadataExtraction] ✅ tamworth: agendas/unknown/2025
[MetadataExtraction] ✅ tamworth: agendas/unknown/2025
[MetadataExtraction] ✅ tamworth: minutes/unknown/2025
[MetadataExtraction] ✅ tamworth: agendas/unknown/2025
[MetadataExtraction] ✅ tamworth: agendas/unknown/2025
[MetadataExtraction] ✅ tamworth: agendas/unknown/2025
[MetadataExtraction] ✅ tamworth: minutes/unknown/2025
[MetadataExtraction] ✅ tamworth: agendas/unknown/2025
[MetadataExtraction] ✅ tamworth: agendas/unknown/2025
[MetadataExtraction] ✅ tamworth: minutes/unknown/2025
[MetadataExtraction] ✅ tamworth: agendas/unknown/2025
[MetadataExtraction] ✅ tamworth: agendas/unknown/2025
[MetadataExtraction] ✅ tamworth: minutes/unknown/2025
[MetadataExtraction] ✅ tamworth: agendas/unknown/2025
[MetadataExtraction] ✅ tamworth: agendas/unknown/2025
[MetadataExtraction] ✅ tamworth: minutes/unknown/2025
[MetadataExtraction] ✅ tamworth: agendas/unknown/2025
[MetadataExtraction] ✅ tamworth: agendas/unknown/2025
[MetadataExtraction] ✅ tamworth: agendas/unknown/2025
[MetadataExtraction] ✅ tamworth: minutes/unknown/2025
[MetadataExtraction] ✅ tamworth: agendas/unknown/2025
[MetadataExtraction] ✅ tamworth: agendas/unknown/2025
[MetadataExtraction] ✅ tamworth: minutes/unknown/2025
[MetadataExtraction] ✅ tamworth: agendas/unknown/2025
[MetadataExtraction] ✅ tamworth: agendas/unknown/2025
[MetadataExtraction] ✅ tamworth: agendas/unknown/2025
[MetadataExtraction] ✅ tamworth: agendas/unknown/2025
[MetadataExtraction] ✅ tamworth: agendas/unknown/2025
[MetadataExtraction] ✅ tamworth: agendas/unknown/2025
[MetadataExtraction] ✅ tamworth: minutes/unknown/2025
[MetadataExtraction] ✅ tamworth: agendas/unknown/2025
[MetadataExtraction] ✅ tamworth: agendas/unknown/2025
[MetadataExtraction] ✅ tamworth: minutes/unknown/2025
[MetadataExtraction] ✅ tamworth: agendas/unknown/2025
[MetadataExtraction] ✅ tamworth: agendas/unknown/2025
[MetadataExtraction] ✅ tamworth: minutes/unknown/2025
[MetadataExtraction] ✅ tamworth: agendas/unknown/2025
[MetadataExtraction] ✅ tamworth: agendas/unknown/2025
[MetadataExtraction] ✅ tamworth: agendas/unknown/2025
[MetadataExtraction] ✅ tamworth: minutes/unknown/2025
[MetadataExtraction] ✅ tamworth: agendas/unknown/2025
[MetadataExtraction] ✅ tamworth: agendas/unknown/2025
[MetadataExtraction] ✅ tamworth: minutes/unknown/2025
[MetadataExtraction] ✅ tamworth: agendas/unknown/2025
[MetadataExtraction] ✅ tamworth: agendas/unknown/2025
[MetadataExtraction] ✅ tamworth: minutes/unknown/2025
[MetadataExtraction] ✅ tamworth: agendas/unknown/2025
[MetadataExtraction] ✅ tamworth: agendas/unknown/2025
[MetadataExtraction] ✅ tamworth: agendas/unknown/2062

📊 Progress:
   Batch: 100 extracted, 0 failed
   Total: 3800 extracted, 0 failed
   Remaining: 1926 documents
   Rate: 4010.5 docs/min
   Elapsed: 0.9 minutes
   ETA: 0.5 minutes

======================================================================
📦 Batch 39
======================================================================
[MetadataExtraction] Processing 100 documents...
[MetadataExtraction] ✅ tamworth: minutes/unknown/2062
[MetadataExtraction] ✅ tamworth: agendas/unknown/2062
[MetadataExtraction] ✅ tamworth: agendas/unknown/2025
[MetadataExtraction] ✅ tamworth: minutes/unknown/2025
[MetadataExtraction] ✅ tamworth: agendas/unknown/2025
[MetadataExtraction] ✅ tamworth: agendas/unknown/2082
[MetadataExtraction] ✅ tamworth: minutes/unknown/2082
[MetadataExtraction] ✅ tamworth: agendas/unknown/2082
[MetadataExtraction] ✅ tamworth: agendas/unknown/2082
[MetadataExtraction] ✅ tamworth: agendas/unknown/2025
[MetadataExtraction] ✅ tamworth: minutes/unknown/2025
[MetadataExtraction] ✅ tamworth: agendas/unknown/2025
[MetadataExtraction] ✅ tamworth: agendas/unknown/2025
[MetadataExtraction] ✅ tamworth: minutes/unknown/2025
[MetadataExtraction] ✅ tamworth: agendas/unknown/2025
[MetadataExtraction] ✅ tamworth: agendas/unknown/2025
[MetadataExtraction] ✅ tamworth: minutes/unknown/2025
[MetadataExtraction] ✅ tamworth: agendas/unknown/2025
[MetadataExtraction] ✅ tamworth: agendas/unknown/2025
[MetadataExtraction] ✅ tamworth: agendas/unknown/2025
[MetadataExtraction] ✅ tamworth: minutes/unknown/2025
[MetadataExtraction] ✅ tamworth: agendas/unknown/2025
[MetadataExtraction] ✅ tamworth: agendas/unknown/2025
[MetadataExtraction] ✅ tamworth: minutes/unknown/2025
[MetadataExtraction] ✅ tamworth: agendas/unknown/2025
[MetadataExtraction] ✅ tamworth: agendas/unknown/2025
[MetadataExtraction] ✅ tamworth: minutes/unknown/2025
[MetadataExtraction] ✅ tamworth: agendas/unknown/2025
[MetadataExtraction] ✅ tamworth: agendas/unknown/2025
[MetadataExtraction] ✅ tamworth: agendas/unknown/2025
[MetadataExtraction] ✅ tamworth: minutes/unknown/2025
[MetadataExtraction] ✅ tamworth: agendas/unknown/2025
[MetadataExtraction] ✅ tamworth: agendas/unknown/2025
[MetadataExtraction] ✅ tamworth: minutes/unknown/2025
[MetadataExtraction] ✅ tamworth: agendas/unknown/2025
[MetadataExtraction] ✅ tamworth: agendas/unknown/2025
[MetadataExtraction] ✅ tamworth: minutes/unknown/2025
[MetadataExtraction] ✅ tamworth: agendas/unknown/2025
[MetadataExtraction] ✅ tamworth: agendas/unknown/2025
[MetadataExtraction] ✅ tamworth: agendas/unknown/2025
[MetadataExtraction] ✅ tamworth: minutes/unknown/2025
[MetadataExtraction] ✅ tamworth: agendas/unknown/2025
[MetadataExtraction] ✅ tamworth: agendas/unknown/2025
[MetadataExtraction] ✅ tamworth: minutes/unknown/2025
[MetadataExtraction] ✅ tamworth: agendas/unknown/2025
[MetadataExtraction] ✅ tamworth: agendas/unknown/2025
[MetadataExtraction] ✅ tamworth: minutes/unknown/2025
[MetadataExtraction] ✅ tamworth: agendas/unknown/2025
[MetadataExtraction] ✅ tamworth: agendas/unknown/2025
[MetadataExtraction] ✅ tamworth: agendas/unknown/2025
[MetadataExtraction] ✅ tamworth: minutes/unknown/2025
[MetadataExtraction] ✅ tamworth: agendas/unknown/2025
[MetadataExtraction] ✅ tamworth: agendas/unknown/2025
[MetadataExtraction] ✅ tamworth: minutes/unknown/2025
[MetadataExtraction] ✅ tamworth: agendas/unknown/2025
[MetadataExtraction] ✅ tamworth: agendas/unknown/2025
[MetadataExtraction] ✅ tamworth: minutes/unknown/2025
[MetadataExtraction] ✅ tamworth: agendas/unknown/2025
[MetadataExtraction] ✅ tamworth: agendas/unknown/2025
[MetadataExtraction] ✅ tamworth: agendas/unknown/2025
[MetadataExtraction] ✅ tamworth: minutes/unknown/2025
[MetadataExtraction] ✅ tamworth: agendas/unknown/2025
[MetadataExtraction] ✅ tamworth: agendas/unknown/2026
[MetadataExtraction] ✅ tamworth: agendas/unknown/2026
[MetadataExtraction] ✅ tamworth: agendas/unknown/2025
[MetadataExtraction] ✅ tamworth: agendas/unknown/2025
[MetadataExtraction] ✅ tamworth: agendas/unknown/2025
[MetadataExtraction] ✅ tamworth: agendas/unknown/2025
[MetadataExtraction] ✅ tamworth: minutes/unknown/2025
[MetadataExtraction] ✅ tamworth: agendas/unknown/2025
[MetadataExtraction] ✅ tamworth: agendas/unknown/2025
[MetadataExtraction] ✅ tamworth: agendas/unknown/2026
[MetadataExtraction] ✅ tamworth: agendas/unknown/2026
[MetadataExtraction] ✅ tamworth: agendas/unknown/2026
[MetadataExtraction] ✅ tamworth: minutes/unknown/2026
[MetadataExtraction] ✅ tamworth: agendas/unknown/2026
[MetadataExtraction] ✅ tamworth: minutes/unknown/2026
[MetadataExtraction] ✅ tamworth: agendas/unknown/2026
[MetadataExtraction] ✅ tamworth: agendas/unknown/2026
[MetadataExtraction] ✅ tamworth: minutes/unknown/2026
[MetadataExtraction] ✅ tamworth: agendas/unknown/2025
[MetadataExtraction] ✅ tamworth: minutes/unknown/2025
[MetadataExtraction] ✅ tamworth: agendas/unknown/2025
[MetadataExtraction] ✅ tamworth: agendas/unknown/2025
[MetadataExtraction] ✅ tamworth: minutes/unknown/2025
[MetadataExtraction] ✅ tamworth: agendas/unknown/2025
[MetadataExtraction] ✅ tamworth: agendas/unknown/2025
[MetadataExtraction] ✅ tamworth: minutes/unknown/2025
[MetadataExtraction] ✅ tamworth: agendas/unknown/2025
[MetadataExtraction] ✅ tamworth: agendas/unknown/2025
[MetadataExtraction] ✅ tamworth: agendas/unknown/2025
[MetadataExtraction] ✅ tamworth: minutes/unknown/2025
[MetadataExtraction] ✅ tamworth: agendas/unknown/2025
[MetadataExtraction] ✅ tamworth: agendas/unknown/2025
[MetadataExtraction] ✅ tamworth: minutes/unknown/2025
[MetadataExtraction] ✅ tamworth: agendas/unknown/2025
[MetadataExtraction] ✅ tamworth: agendas/unknown/2025
[MetadataExtraction] ✅ tamworth: agendas/unknown/2025
[MetadataExtraction] ✅ tamworth: agendas/unknown/2025
[MetadataExtraction] ✅ tamworth: agendas/unknown/2025

📊 Progress:
   Batch: 100 extracted, 0 failed
   Total: 3900 extracted, 0 failed
   Remaining: 1826 documents
   Rate: 4010.0 docs/min
   Elapsed: 1.0 minutes
   ETA: 0.5 minutes

======================================================================
📦 Batch 40
======================================================================
[MetadataExtraction] Processing 100 documents...
[MetadataExtraction] ✅ tamworth: agendas/unknown/2025
[MetadataExtraction] ✅ tamworth: minutes/unknown/2025
[MetadataExtraction] ✅ tamworth: agendas/unknown/2025
[MetadataExtraction] ✅ tamworth: agendas/unknown/2025
[MetadataExtraction] ✅ tamworth: minutes/unknown/2025
[MetadataExtraction] ✅ tamworth: agendas/unknown/2025
[MetadataExtraction] ✅ tamworth: agendas/unknown/2025
[MetadataExtraction] ✅ tamworth: minutes/unknown/2025
[MetadataExtraction] ✅ tamworth: agendas/unknown/2025
[MetadataExtraction] ✅ tamworth: agendas/unknown/2025
[MetadataExtraction] ✅ tamworth: agendas/unknown/2025
[MetadataExtraction] ✅ tamworth: minutes/unknown/2025
[MetadataExtraction] ✅ tamworth: agendas/unknown/2025
[MetadataExtraction] ✅ tamworth: agendas/unknown/2025
[MetadataExtraction] ✅ tamworth: minutes/unknown/2025
[MetadataExtraction] ✅ tamworth: agendas/unknown/2025
[MetadataExtraction] ✅ tamworth: agendas/unknown/2025
[MetadataExtraction] ✅ tamworth: agendas/unknown/2025
[MetadataExtraction] ✅ tamworth: agendas/unknown/2025
[MetadataExtraction] ✅ tamworth: agendas/unknown/2025
[MetadataExtraction] ✅ tamworth: agendas/unknown/2025
[MetadataExtraction] ✅ tamworth: minutes/unknown/2025
[MetadataExtraction] ✅ tamworth: agendas/unknown/2025
[MetadataExtraction] ✅ tamworth: agendas/unknown/2025
[MetadataExtraction] ✅ tamworth: minutes/unknown/2025
[MetadataExtraction] ✅ tamworth: agendas/unknown/2025
[MetadataExtraction] ✅ tamworth: agendas/unknown/2025
[MetadataExtraction] ✅ tamworth: minutes/unknown/2025
[MetadataExtraction] ✅ tamworth: agendas/unknown/2025
[MetadataExtraction] ✅ tamworth: agendas/unknown/2025
[MetadataExtraction] ✅ tamworth: agendas/unknown/2052
[MetadataExtraction] ✅ tamworth: minutes/unknown/2052
[MetadataExtraction] ✅ tamworth: agendas/unknown/2052
[MetadataExtraction] ✅ tamworth: agendas/unknown/2052
[MetadataExtraction] ✅ tamworth: minutes/unknown/2052
[MetadataExtraction] ✅ tamworth: agendas/unknown/2052
[MetadataExtraction] ✅ tamworth: agendas/unknown/2052
[MetadataExtraction] ✅ tamworth: agendas/unknown/2025
[MetadataExtraction] ✅ tamworth: agendas/unknown/2025
[MetadataExtraction] ✅ tamworth: agendas/unknown/2025
[MetadataExtraction] ✅ tamworth: agendas/unknown/2025
[MetadataExtraction] ✅ tamworth: minutes/unknown/2025
[MetadataExtraction] ✅ tamworth: agendas/unknown/2025
[MetadataExtraction] ✅ tamworth: agendas/unknown/2025
[MetadataExtraction] ✅ tamworth: minutes/unknown/2025
[MetadataExtraction] ✅ tamworth: agendas/unknown/2025
[MetadataExtraction] ✅ tamworth: minutes/unknown/2025
[MetadataExtraction] ✅ tamworth: agendas/unknown/2025
[MetadataExtraction] ✅ tamworth: minutes/unknown/2025
[MetadataExtraction] ✅ tamworth: agendas/unknown/2025
[MetadataExtraction] ✅ tamworth: agendas/unknown/2025
[MetadataExtraction] ✅ tamworth: minutes/unknown/2025
[MetadataExtraction] ✅ tamworth: agendas/unknown/2025
[MetadataExtraction] ✅ tamworth: agendas/unknown/2025
[MetadataExtraction] ✅ tamworth: agendas/unknown/2025
[MetadataExtraction] ✅ tamworth: minutes/unknown/2025
[MetadataExtraction] ✅ tamworth: agendas/unknown/2025
[MetadataExtraction] ✅ tamworth: agendas/unknown/2025
[MetadataExtraction] ✅ tamworth: minutes/unknown/2025
[MetadataExtraction] ✅ tamworth: agendas/unknown/2025
[MetadataExtraction] ✅ tamworth: agendas/unknown/2025
[MetadataExtraction] ✅ tamworth: agendas/unknown/2025
[MetadataExtraction] ✅ tamworth: agendas/unknown/2025
[MetadataExtraction] ✅ tamworth: agendas/unknown/2025
[MetadataExtraction] ✅ tamworth: minutes/unknown/2025
[MetadataExtraction] ✅ tamworth: agendas/unknown/2025
[MetadataExtraction] ✅ tamworth: agendas/unknown/2025
[MetadataExtraction] ✅ tamworth: agendas/unknown/2025
[MetadataExtraction] ✅ tamworth: minutes/unknown/2025
[MetadataExtraction] ✅ tamworth: agendas/unknown/2025
[MetadataExtraction] ✅ tamworth: agendas/unknown/2025
[MetadataExtraction] ✅ tamworth: minutes/unknown/2025
[MetadataExtraction] ✅ tamworth: agendas/unknown/2025
[MetadataExtraction] ✅ tamworth: agendas/unknown/2025
[MetadataExtraction] ✅ tamworth: agendas/unknown/2025
[MetadataExtraction] ✅ tamworth: agendas/unknown/2025
[MetadataExtraction] ✅ tamworth: agendas/unknown/2025
[MetadataExtraction] ✅ tamworth: agendas/unknown/2026
[MetadataExtraction] ✅ tamworth: documents/unknown/2025
[MetadataExtraction] ✅ tamworth: documents/unknown/unknown
[MetadataExtraction] ✅ tamworth: documents/unknown/2021
[MetadataExtraction] ✅ tamworth: documents/unknown/2021
[MetadataExtraction] ✅ tamworth: documents/unknown/2021
[MetadataExtraction] ✅ tamworth: documents/unknown/2021
[MetadataExtraction] ✅ tamworth: documents/unknown/2021
[MetadataExtraction] ✅ tamworth: documents/unknown/2021
[MetadataExtraction] ✅ tamworth: documents/unknown/2021
[MetadataExtraction] ✅ tamworth: documents/unknown/2021
[MetadataExtraction] ✅ tamworth: documents/unknown/2021
[MetadataExtraction] ✅ tamworth: documents/unknown/2021
[MetadataExtraction] ✅ tamworth: documents/unknown/2021
[MetadataExtraction] ✅ tamworth: documents/unknown/2022
[MetadataExtraction] ✅ tamworth: documents/unknown/2022
[MetadataExtraction] ✅ tamworth: documents/unknown/2022
[MetadataExtraction] ✅ tamworth: documents/unknown/2022
[MetadataExtraction] ✅ tamworth: documents/unknown/2022
[MetadataExtraction] ✅ tamworth: documents/unknown/2022
[MetadataExtraction] ✅ tamworth: documents/unknown/2022
[MetadataExtraction] ✅ tamworth: documents/unknown/2022
[MetadataExtraction] ✅ tamworth: documents/unknown/2022

📊 Progress:
   Batch: 100 extracted, 0 failed
   Total: 4000 extracted, 0 failed
   Remaining: 1726 documents
   Rate: 4009.5 docs/min
   Elapsed: 1.0 minutes
   ETA: 0.4 minutes

======================================================================
📦 Batch 41
======================================================================
[MetadataExtraction] Processing 100 documents...
[MetadataExtraction] ✅ tamworth: documents/unknown/2022
[MetadataExtraction] ✅ tamworth: documents/unknown/2023
[MetadataExtraction] ✅ tamworth: documents/unknown/2023
[MetadataExtraction] ✅ tamworth: documents/unknown/2023
[MetadataExtraction] ✅ tamworth: documents/unknown/2023
[MetadataExtraction] ✅ tamworth: documents/unknown/2023
[MetadataExtraction] ✅ tamworth: documents/unknown/2023
[MetadataExtraction] ✅ tamworth: documents/unknown/2023
[MetadataExtraction] ✅ tamworth: documents/unknown/2023
[MetadataExtraction] ✅ tamworth: documents/unknown/2023
[MetadataExtraction] ✅ tamworth: documents/unknown/2023
[MetadataExtraction] ✅ tamworth: documents/unknown/unknown
[MetadataExtraction] ✅ tamworth: documents/unknown/2024
[MetadataExtraction] ✅ tamworth: documents/unknown/2024
[MetadataExtraction] ✅ tamworth: documents/unknown/2024
[MetadataExtraction] ✅ tamworth: documents/unknown/2024
[MetadataExtraction] ✅ tamworth: documents/unknown/2024
[MetadataExtraction] ✅ tamworth: documents/unknown/2024
[MetadataExtraction] ✅ tamworth: documents/unknown/2024
[MetadataExtraction] ✅ tamworth: documents/unknown/2024
[MetadataExtraction] ✅ tamworth: documents/unknown/2024
[MetadataExtraction] ✅ tamworth: documents/unknown/2025
[MetadataExtraction] ✅ tamworth: documents/unknown/2025
[MetadataExtraction] ✅ tamworth: documents/unknown/2025
[MetadataExtraction] ✅ tamworth: documents/unknown/2025
[MetadataExtraction] ✅ tamworth: documents/unknown/2025
[MetadataExtraction] ✅ tamworth: documents/unknown/2025
[MetadataExtraction] ✅ tamworth: documents/unknown/2025
[MetadataExtraction] ✅ tamworth: documents/unknown/2025
[MetadataExtraction] ✅ tamworth: documents/unknown/2025
[MetadataExtraction] ✅ tamworth: documents/unknown/2025
[MetadataExtraction] ✅ tamworth: forms/unknown/unknown
[MetadataExtraction] ✅ tamworth: documents/unknown/unknown
[MetadataExtraction] ✅ tamworth: documents/unknown/unknown
[MetadataExtraction] ✅ tamworth: documents/unknown/unknown
[MetadataExtraction] ✅ tamworth: documents/unknown/unknown
[MetadataExtraction] ✅ tamworth: documents/unknown/unknown
[MetadataExtraction] ✅ tamworth: documents/unknown/unknown
[MetadataExtraction] ✅ tamworth: documents/unknown/unknown
[MetadataExtraction] ✅ tamworth: documents/unknown/unknown
[MetadataExtraction] ✅ tamworth: documents/unknown/unknown
[MetadataExtraction] ✅ tamworth: documents/unknown/unknown
[MetadataExtraction] ✅ tamworth: documents/unknown/unknown
[MetadataExtraction] ✅ tamworth: documents/unknown/unknown
[MetadataExtraction] ✅ tamworth: documents/unknown/unknown
[MetadataExtraction] ✅ tamworth: documents/unknown/unknown
[MetadataExtraction] ✅ tamworth: budget/unknown/2026
[MetadataExtraction] ✅ tamworth: documents/unknown/2026
[MetadataExtraction] ✅ tamworth: budget/unknown/2026
[MetadataExtraction] ✅ tamworth: documents/unknown/2025
[MetadataExtraction] ✅ tamworth: documents/unknown/2025
[MetadataExtraction] ✅ tamworth: documents/unknown/2025
[MetadataExtraction] ✅ tamworth: documents/unknown/2025
[MetadataExtraction] ✅ tamworth: documents/unknown/2025
[MetadataExtraction] ✅ tamworth: documents/unknown/2025
[MetadataExtraction] ✅ tamworth: documents/unknown/2025
[MetadataExtraction] ✅ tamworth: documents/unknown/2025
[MetadataExtraction] ✅ tamworth: documents/unknown/2025
[MetadataExtraction] ✅ tamworth: documents/unknown/2025
[MetadataExtraction] ✅ tamworth: documents/unknown/unknown
[MetadataExtraction] ✅ tamworth: documents/unknown/unknown
[MetadataExtraction] ✅ tamworth: documents/unknown/unknown
[MetadataExtraction] ✅ tamworth: documents/unknown/unknown
[MetadataExtraction] ✅ tamworth: documents/unknown/unknown
[MetadataExtraction] ✅ tamworth: ordinances/unknown/unknown
[MetadataExtraction] ✅ tamworth: documents/unknown/unknown
[MetadataExtraction] ✅ tamworth: documents/unknown/2025
[MetadataExtraction] ✅ tamworth: documents/unknown/unknown
[MetadataExtraction] ✅ tamworth: documents/unknown/unknown
[MetadataExtraction] ✅ tamworth: documents/unknown/unknown
[MetadataExtraction] ✅ tamworth: documents/unknown/unknown
[MetadataExtraction] ✅ tamworth: documents/unknown/unknown
[MetadataExtraction] ✅ tamworth: documents/unknown/unknown
[MetadataExtraction] ✅ tamworth: documents/unknown/2020
[MetadataExtraction] ✅ tamworth: documents/unknown/unknown
[MetadataExtraction] ✅ tamworth: documents/unknown/unknown
[MetadataExtraction] ✅ tamworth: documents/unknown/unknown
[MetadataExtraction] ✅ tamworth: documents/unknown/unknown
[MetadataExtraction] ✅ tamworth: documents/unknown/unknown
[MetadataExtraction] ✅ tamworth: agendas/unknown/2025
[MetadataExtraction] ✅ tamworth: agendas/unknown/2025
[MetadataExtraction] ✅ tamworth: agendas/unknown/2025
[MetadataExtraction] ✅ tamworth: agendas/unknown/2025
[MetadataExtraction] ✅ tamworth: agendas/unknown/2025
[MetadataExtraction] ✅ tamworth: agendas/unknown/2025
[MetadataExtraction] ✅ tamworth: agendas/unknown/2025
[MetadataExtraction] ✅ tamworth: agendas/unknown/2025
[MetadataExtraction] ✅ tamworth: agendas/unknown/2025
[MetadataExtraction] ✅ tamworth: agendas/unknown/2025
[MetadataExtraction] ✅ tamworth: agendas/unknown/2025
[MetadataExtraction] ✅ tamworth: agendas/unknown/2025
[MetadataExtraction] ✅ tamworth: agendas/unknown/2026
[MetadataExtraction] ✅ tamworth: agendas/unknown/2026
[MetadataExtraction] ✅ tamworth: agendas/unknown/2026
[MetadataExtraction] ✅ tamworth: documents/unknown/unknown
[MetadataExtraction] ✅ wolfeboro: documents/unknown/unknown
[MetadataExtraction] ✅ wolfeboro: documents/unknown/2026
[MetadataExtraction] ✅ wolfeboro: documents/unknown/2026
[MetadataExtraction] ✅ wolfeboro: documents/unknown/unknown
[MetadataExtraction] ✅ wolfeboro: documents/unknown/unknown

📊 Progress:
   Batch: 100 extracted, 0 failed
   Total: 4100 extracted, 0 failed
   Remaining: 1626 documents
   Rate: 4009.5 docs/min
   Elapsed: 1.0 minutes
   ETA: 0.4 minutes

======================================================================
📦 Batch 42
======================================================================
[MetadataExtraction] Processing 100 documents...
[MetadataExtraction] ✅ wolfeboro: documents/unknown/unknown
[MetadataExtraction] ✅ wolfeboro: documents/unknown/unknown
[MetadataExtraction] ✅ wolfeboro: documents/unknown/unknown
[MetadataExtraction] ✅ wolfeboro: documents/unknown/2021
[MetadataExtraction] ✅ wolfeboro: documents/unknown/unknown
[MetadataExtraction] ✅ wolfeboro: documents/unknown/unknown
[MetadataExtraction] ✅ wolfeboro: documents/unknown/unknown
[MetadataExtraction] ✅ wolfeboro: forms/unknown/unknown
[MetadataExtraction] ✅ wolfeboro: documents/unknown/unknown
[MetadataExtraction] ✅ wolfeboro: documents/unknown/unknown
[MetadataExtraction] ✅ wolfeboro: documents/unknown/unknown
[MetadataExtraction] ✅ wolfeboro: documents/unknown/2025
[MetadataExtraction] ✅ wolfeboro: reports/unknown/2021
[MetadataExtraction] ✅ wolfeboro: reports/unknown/unknown
[MetadataExtraction] ✅ wolfeboro: documents/unknown/2020
[MetadataExtraction] ✅ wolfeboro: documents/unknown/unknown
[MetadataExtraction] ✅ wolfeboro: documents/unknown/unknown
[MetadataExtraction] ✅ wolfeboro: documents/unknown/unknown
[MetadataExtraction] ✅ wolfeboro: documents/unknown/unknown
[MetadataExtraction] ✅ wolfeboro: documents/unknown/unknown
[MetadataExtraction] ✅ wolfeboro: documents/Zoning_Board/unknown
[MetadataExtraction] ✅ wolfeboro: documents/Zoning_Board/unknown
[MetadataExtraction] ✅ wolfeboro: documents/unknown/2017
[MetadataExtraction] ✅ wolfeboro: documents/unknown/2018
[MetadataExtraction] ✅ wolfeboro: documents/unknown/2019
[MetadataExtraction] ✅ wolfeboro: documents/unknown/2019
[MetadataExtraction] ✅ wolfeboro: documents/unknown/2019
[MetadataExtraction] ✅ wolfeboro: documents/unknown/2020
[MetadataExtraction] ✅ wolfeboro: documents/unknown/2022
[MetadataExtraction] ✅ wolfeboro: forms/unknown/2026
[MetadataExtraction] ✅ wolfeboro: documents/unknown/unknown
[MetadataExtraction] ✅ wolfeboro: documents/unknown/unknown
[MetadataExtraction] ✅ wolfeboro: documents/unknown/unknown
[MetadataExtraction] ✅ wolfeboro: documents/unknown/unknown
[MetadataExtraction] ✅ wolfeboro: documents/unknown/unknown
[MetadataExtraction] ✅ wolfeboro: documents/unknown/2023
[MetadataExtraction] ✅ wolfeboro: documents/unknown/2023
[MetadataExtraction] ✅ wolfeboro: documents/unknown/2024
[MetadataExtraction] ✅ wolfeboro: documents/unknown/unknown
[MetadataExtraction] ✅ wolfeboro: documents/unknown/unknown
[MetadataExtraction] ✅ wolfeboro: documents/unknown/unknown
[MetadataExtraction] ✅ wolfeboro: documents/unknown/unknown
[MetadataExtraction] ✅ wolfeboro: documents/unknown/unknown
[MetadataExtraction] ✅ wolfeboro: documents/unknown/unknown
[MetadataExtraction] ✅ wolfeboro: documents/unknown/unknown
[MetadataExtraction] ✅ wolfeboro: documents/unknown/unknown
[MetadataExtraction] ✅ wolfeboro: documents/unknown/unknown
[MetadataExtraction] ✅ wolfeboro: documents/unknown/unknown
[MetadataExtraction] ✅ wolfeboro: documents/unknown/unknown
[MetadataExtraction] ✅ wolfeboro: documents/unknown/unknown
[MetadataExtraction] ✅ wolfeboro: documents/unknown/unknown
[MetadataExtraction] ✅ wolfeboro: documents/unknown/unknown
[MetadataExtraction] ✅ wolfeboro: documents/unknown/unknown
[MetadataExtraction] ✅ wolfeboro: documents/unknown/unknown
[MetadataExtraction] ✅ wolfeboro: documents/unknown/unknown
[MetadataExtraction] ✅ wolfeboro: documents/unknown/unknown
[MetadataExtraction] ✅ wolfeboro: forms/unknown/unknown
[MetadataExtraction] ✅ wolfeboro: documents/unknown/unknown
[MetadataExtraction] ✅ wolfeboro: documents/unknown/unknown
[MetadataExtraction] ✅ wolfeboro: forms/unknown/unknown
[MetadataExtraction] ✅ wolfeboro: documents/unknown/unknown
[MetadataExtraction] ✅ wolfeboro: documents/unknown/unknown
[MetadataExtraction] ✅ wolfeboro: forms/unknown/unknown
[MetadataExtraction] ✅ wolfeboro: documents/unknown/2025
[MetadataExtraction] ✅ wolfeboro: documents/unknown/unknown
[MetadataExtraction] ✅ wolfeboro: documents/unknown/unknown
[MetadataExtraction] ✅ wolfeboro: documents/unknown/unknown
[MetadataExtraction] ✅ wolfeboro: documents/unknown/unknown
[MetadataExtraction] ✅ wolfeboro: documents/unknown/unknown
[MetadataExtraction] ✅ wolfeboro: documents/unknown/unknown
[MetadataExtraction] ✅ wolfeboro: reports/unknown/2023
[MetadataExtraction] ✅ wolfeboro: documents/unknown/2025
[MetadataExtraction] ✅ wolfeboro: documents/unknown/unknown
[MetadataExtraction] ✅ wolfeboro: documents/unknown/unknown
[MetadataExtraction] ✅ wolfeboro: documents/unknown/unknown
[MetadataExtraction] ✅ wolfeboro: documents/unknown/unknown
[MetadataExtraction] ✅ wolfeboro: documents/unknown/unknown
[MetadataExtraction] ✅ wolfeboro: forms/unknown/unknown
[MetadataExtraction] ✅ wolfeboro: documents/unknown/unknown
[MetadataExtraction] ✅ wolfeboro: documents/unknown/unknown
[MetadataExtraction] ✅ wolfeboro: documents/unknown/unknown
[MetadataExtraction] ✅ wolfeboro: documents/unknown/unknown
[MetadataExtraction] ✅ wolfeboro: documents/unknown/unknown
[MetadataExtraction] ✅ wolfeboro: documents/unknown/unknown
[MetadataExtraction] ✅ wolfeboro: documents/unknown/unknown
[MetadataExtraction] ✅ wolfeboro: documents/unknown/unknown
[MetadataExtraction] ✅ wolfeboro: documents/unknown/unknown
[MetadataExtraction] ✅ wolfeboro: documents/unknown/unknown
[MetadataExtraction] ✅ wolfeboro: documents/unknown/unknown
[MetadataExtraction] ✅ wolfeboro: documents/unknown/unknown
[MetadataExtraction] ✅ wolfeboro: documents/unknown/unknown
[MetadataExtraction] ✅ wolfeboro: reports/unknown/2025
[MetadataExtraction] ✅ wolfeboro: reports/unknown/2025
[MetadataExtraction] ✅ wolfeboro: reports/unknown/2025
[MetadataExtraction] ✅ wolfeboro: reports/unknown/unknown
[MetadataExtraction] ✅ wolfeboro: reports/unknown/unknown
[MetadataExtraction] ✅ wolfeboro: reports/unknown/unknown
[MetadataExtraction] ✅ wolfeboro: reports/unknown/unknown
[MetadataExtraction] ✅ wolfeboro: reports/unknown/unknown
[MetadataExtraction] ✅ wolfeboro: documents/unknown/unknown

📊 Progress:
   Batch: 100 extracted, 0 failed
   Total: 4200 extracted, 0 failed
   Remaining: 1526 documents
   Rate: 4007.4 docs/min
   Elapsed: 1.0 minutes
   ETA: 0.4 minutes

======================================================================
📦 Batch 43
======================================================================
[MetadataExtraction] Processing 100 documents...
[MetadataExtraction] ✅ wolfeboro: documents/unknown/unknown
[MetadataExtraction] ✅ wolfeboro: documents/unknown/unknown
[MetadataExtraction] ✅ wolfeboro: documents/unknown/unknown
[MetadataExtraction] ✅ wolfeboro: documents/unknown/unknown
[MetadataExtraction] ✅ wolfeboro: reports/unknown/unknown
[MetadataExtraction] ✅ wolfeboro: documents/unknown/unknown
[MetadataExtraction] ✅ wolfeboro: documents/unknown/unknown
[MetadataExtraction] ✅ wolfeboro: documents/unknown/unknown
[MetadataExtraction] ✅ wolfeboro: documents/unknown/unknown
[MetadataExtraction] ✅ wolfeboro: documents/unknown/unknown
[MetadataExtraction] ✅ wolfeboro: documents/unknown/unknown
[MetadataExtraction] ✅ wolfeboro: reports/unknown/2025
[MetadataExtraction] ✅ wolfeboro: documents/unknown/2025
[MetadataExtraction] ✅ wolfeboro: reports/unknown/unknown
[MetadataExtraction] ✅ wolfeboro: documents/unknown/unknown
[MetadataExtraction] ✅ wolfeboro: documents/unknown/unknown
[MetadataExtraction] ✅ wolfeboro: documents/unknown/unknown
[MetadataExtraction] ✅ wolfeboro: documents/unknown/unknown
[MetadataExtraction] ✅ wolfeboro: documents/unknown/unknown
[MetadataExtraction] ✅ wolfeboro: documents/unknown/unknown
[MetadataExtraction] ✅ wolfeboro: documents/unknown/unknown
[MetadataExtraction] ✅ wolfeboro: documents/unknown/unknown
[MetadataExtraction] ✅ wolfeboro: documents/unknown/unknown
[MetadataExtraction] ✅ wolfeboro: documents/unknown/unknown
[MetadataExtraction] ✅ wolfeboro: documents/unknown/unknown
[MetadataExtraction] ✅ wolfeboro: documents/unknown/unknown
[MetadataExtraction] ✅ wolfeboro: documents/unknown/unknown
[MetadataExtraction] ✅ wolfeboro: documents/unknown/unknown
[MetadataExtraction] ✅ wolfeboro: documents/unknown/unknown
[MetadataExtraction] ✅ wolfeboro: documents/unknown/unknown
[MetadataExtraction] ✅ wolfeboro: documents/unknown/unknown
[MetadataExtraction] ✅ wolfeboro: reports/unknown/2024
[MetadataExtraction] ✅ wolfeboro: documents/unknown/2024
[MetadataExtraction] ✅ wolfeboro: documents/unknown/2024
[MetadataExtraction] ✅ wolfeboro: documents/unknown/2024
[MetadataExtraction] ✅ wolfeboro: documents/unknown/2025
[MetadataExtraction] ✅ wolfeboro: documents/unknown/2025
[MetadataExtraction] ✅ wolfeboro: documents/unknown/2025
[MetadataExtraction] ✅ wolfeboro: documents/unknown/2025
[MetadataExtraction] ✅ wolfeboro: documents/unknown/2025
[MetadataExtraction] ✅ wolfeboro: documents/unknown/unknown
[MetadataExtraction] ✅ wolfeboro: documents/unknown/2025
[MetadataExtraction] ✅ wolfeboro: documents/unknown/unknown
[MetadataExtraction] ✅ wolfeboro: documents/unknown/unknown
[MetadataExtraction] ✅ wolfeboro: documents/unknown/2022
[MetadataExtraction] ✅ wolfeboro: documents/unknown/2022
[MetadataExtraction] ✅ wolfeboro: documents/unknown/unknown
[MetadataExtraction] ✅ wolfeboro: documents/unknown/unknown
[MetadataExtraction] ✅ wolfeboro: documents/unknown/unknown
[MetadataExtraction] ✅ wolfeboro: documents/unknown/2022
[MetadataExtraction] ✅ wolfeboro: documents/unknown/2019
[MetadataExtraction] ✅ wolfeboro: documents/unknown/2022
[MetadataExtraction] ✅ wolfeboro: documents/unknown/2023
[MetadataExtraction] ✅ wolfeboro: documents/Planning_Board/unknown
[MetadataExtraction] ✅ wolfeboro: documents/unknown/unknown
[MetadataExtraction] ✅ wolfeboro: documents/unknown/unknown
[MetadataExtraction] ✅ wolfeboro: documents/unknown/unknown
[MetadataExtraction] ✅ wolfeboro: documents/unknown/unknown
[MetadataExtraction] ✅ wolfeboro: documents/unknown/unknown
[MetadataExtraction] ✅ wolfeboro: documents/unknown/unknown
[MetadataExtraction] ✅ wolfeboro: documents/unknown/unknown
[MetadataExtraction] ✅ wolfeboro: documents/unknown/unknown
[MetadataExtraction] ✅ wolfeboro: documents/unknown/unknown
[MetadataExtraction] ✅ wolfeboro: documents/unknown/unknown
[MetadataExtraction] ✅ wolfeboro: documents/unknown/unknown
[MetadataExtraction] ✅ wolfeboro: documents/unknown/unknown
[MetadataExtraction] ✅ wolfeboro: documents/unknown/unknown
[MetadataExtraction] ✅ wolfeboro: documents/unknown/unknown
[MetadataExtraction] ✅ wolfeboro: documents/unknown/unknown
[MetadataExtraction] ✅ wolfeboro: documents/unknown/unknown
[MetadataExtraction] ✅ wolfeboro: documents/unknown/unknown
[MetadataExtraction] ✅ wolfeboro: documents/unknown/unknown
[MetadataExtraction] ✅ wolfeboro: forms/unknown/unknown
[MetadataExtraction] ✅ wolfeboro: documents/unknown/unknown
[MetadataExtraction] ✅ wolfeboro: documents/unknown/unknown
[MetadataExtraction] ✅ wolfeboro: documents/unknown/unknown
[MetadataExtraction] ✅ wolfeboro: documents/unknown/unknown
[MetadataExtraction] ✅ wolfeboro: documents/unknown/unknown
[MetadataExtraction] ✅ wolfeboro: documents/unknown/unknown
[MetadataExtraction] ✅ wolfeboro: forms/unknown/unknown
[MetadataExtraction] ✅ wolfeboro: documents/unknown/unknown
[MetadataExtraction] ✅ wolfeboro: documents/unknown/unknown
[MetadataExtraction] ✅ wolfeboro: documents/unknown/unknown
[MetadataExtraction] ✅ wolfeboro: documents/unknown/unknown
[MetadataExtraction] ✅ wolfeboro: documents/unknown/unknown
[MetadataExtraction] ✅ wolfeboro: forms/unknown/unknown
[MetadataExtraction] ✅ wolfeboro: documents/unknown/unknown
[MetadataExtraction] ✅ wolfeboro: documents/unknown/unknown
[MetadataExtraction] ✅ wolfeboro: documents/unknown/unknown
[MetadataExtraction] ✅ wolfeboro: documents/unknown/unknown
[MetadataExtraction] ✅ wolfeboro: documents/unknown/unknown
[MetadataExtraction] ✅ wolfeboro: reports/unknown/unknown
[MetadataExtraction] ✅ wolfeboro: documents/unknown/unknown
[MetadataExtraction] ✅ wolfeboro: documents/unknown/unknown
[MetadataExtraction] ✅ wolfeboro: documents/unknown/unknown
[MetadataExtraction] ✅ wolfeboro: documents/unknown/unknown
[MetadataExtraction] ✅ wolfeboro: documents/unknown/unknown
[MetadataExtraction] ✅ wolfeboro: documents/unknown/unknown
[MetadataExtraction] ✅ wolfeboro: documents/unknown/unknown
[MetadataExtraction] ✅ wolfeboro: documents/unknown/unknown

📊 Progress:
   Batch: 100 extracted, 0 failed
   Total: 4300 extracted, 0 failed
   Remaining: 1426 documents
   Rate: 4005.7 docs/min
   Elapsed: 1.1 minutes
   ETA: 0.4 minutes

======================================================================
📦 Batch 44
======================================================================
[MetadataExtraction] Processing 100 documents...
[MetadataExtraction] ✅ wolfeboro: documents/unknown/unknown
[MetadataExtraction] ✅ wolfeboro: documents/unknown/unknown
[MetadataExtraction] ✅ wolfeboro: documents/unknown/unknown
[MetadataExtraction] ✅ wolfeboro: documents/unknown/unknown
[MetadataExtraction] ✅ wolfeboro: documents/unknown/unknown
[MetadataExtraction] ✅ wolfeboro: documents/unknown/unknown
[MetadataExtraction] ✅ wolfeboro: documents/unknown/unknown
[MetadataExtraction] ✅ wolfeboro: documents/unknown/unknown
[MetadataExtraction] ✅ wolfeboro: documents/unknown/unknown
[MetadataExtraction] ✅ wolfeboro: documents/unknown/unknown
[MetadataExtraction] ✅ wolfeboro: documents/unknown/unknown
[MetadataExtraction] ✅ wolfeboro: documents/unknown/unknown
[MetadataExtraction] ✅ wolfeboro: documents/unknown/unknown
[MetadataExtraction] ✅ wolfeboro: documents/unknown/unknown
[MetadataExtraction] ✅ wolfeboro: documents/unknown/unknown
[MetadataExtraction] ✅ wolfeboro: documents/unknown/unknown
[MetadataExtraction] ✅ wolfeboro: documents/unknown/unknown
[MetadataExtraction] ✅ wolfeboro: documents/unknown/unknown
[MetadataExtraction] ✅ wolfeboro: documents/unknown/unknown
[MetadataExtraction] ✅ wolfeboro: documents/unknown/unknown
[MetadataExtraction] ✅ wolfeboro: documents/unknown/unknown
[MetadataExtraction] ✅ wolfeboro: documents/unknown/unknown
[MetadataExtraction] ✅ wolfeboro: documents/unknown/unknown
[MetadataExtraction] ✅ wolfeboro: forms/unknown/unknown
[MetadataExtraction] ✅ wolfeboro: documents/unknown/unknown
[MetadataExtraction] ✅ wolfeboro: documents/unknown/unknown
[MetadataExtraction] ✅ wolfeboro: documents/unknown/unknown
[MetadataExtraction] ✅ wolfeboro: documents/unknown/unknown
[MetadataExtraction] ✅ wolfeboro: documents/unknown/unknown
[MetadataExtraction] ✅ wolfeboro: documents/unknown/unknown
[MetadataExtraction] ✅ wolfeboro: reports/unknown/unknown
[MetadataExtraction] ✅ wolfeboro: documents/unknown/unknown
[MetadataExtraction] ✅ wolfeboro: documents/unknown/unknown
[MetadataExtraction] ✅ wolfeboro: documents/unknown/unknown
[MetadataExtraction] ✅ wolfeboro: documents/unknown/2024
[MetadataExtraction] ✅ wolfeboro: documents/unknown/unknown
[MetadataExtraction] ✅ wolfeboro: documents/unknown/unknown
[MetadataExtraction] ✅ wolfeboro: documents/unknown/unknown
[MetadataExtraction] ✅ wolfeboro: documents/unknown/2012
[MetadataExtraction] ✅ wolfeboro: documents/unknown/unknown
[MetadataExtraction] ✅ wolfeboro: documents/unknown/2014
[MetadataExtraction] ✅ wolfeboro: documents/unknown/unknown
[MetadataExtraction] ✅ wolfeboro: documents/unknown/unknown
[MetadataExtraction] ✅ wolfeboro: documents/unknown/unknown
[MetadataExtraction] ✅ wolfeboro: documents/unknown/unknown
[MetadataExtraction] ✅ wolfeboro: documents/unknown/unknown
[MetadataExtraction] ✅ wolfeboro: documents/unknown/unknown
[MetadataExtraction] ✅ wolfeboro: documents/unknown/unknown
[MetadataExtraction] ✅ wolfeboro: documents/unknown/2025
[MetadataExtraction] ✅ wolfeboro: documents/unknown/unknown
[MetadataExtraction] ✅ wolfeboro: documents/unknown/2025
[MetadataExtraction] ✅ wolfeboro: budget/unknown/unknown
[MetadataExtraction] ✅ wolfeboro: documents/unknown/2024
[MetadataExtraction] ✅ wolfeboro: documents/unknown/unknown
[MetadataExtraction] ✅ wolfeboro: documents/unknown/unknown
[MetadataExtraction] ✅ wolfeboro: documents/unknown/unknown
[MetadataExtraction] ✅ wolfeboro: documents/unknown/unknown
[MetadataExtraction] ✅ wolfeboro: documents/unknown/unknown
[MetadataExtraction] ✅ wolfeboro: documents/unknown/unknown
[MetadataExtraction] ✅ wolfeboro: documents/unknown/unknown
[MetadataExtraction] ✅ wolfeboro: documents/unknown/unknown
[MetadataExtraction] ✅ wolfeboro: documents/unknown/unknown
[MetadataExtraction] ✅ wolfeboro: documents/unknown/unknown
[MetadataExtraction] ✅ wolfeboro: documents/unknown/unknown
[MetadataExtraction] ✅ wolfeboro: documents/unknown/unknown
[MetadataExtraction] ✅ wolfeboro: reports/unknown/unknown
[MetadataExtraction] ✅ wolfeboro: documents/unknown/unknown
[MetadataExtraction] ✅ wolfeboro: documents/unknown/2024
[MetadataExtraction] ✅ wolfeboro: documents/unknown/unknown
[MetadataExtraction] ✅ wolfeboro: documents/unknown/unknown
[MetadataExtraction] ✅ wolfeboro: ordinances/unknown/unknown
[MetadataExtraction] ✅ wolfeboro: documents/unknown/unknown
[MetadataExtraction] ✅ wolfeboro: reports/unknown/2011
[MetadataExtraction] ✅ wolfeboro: minutes/unknown/unknown
[MetadataExtraction] ✅ wolfeboro: documents/unknown/unknown
[MetadataExtraction] ✅ wolfeboro: forms/unknown/unknown
[MetadataExtraction] ✅ wolfeboro: documents/unknown/unknown
[MetadataExtraction] ✅ wolfeboro: documents/unknown/unknown
[MetadataExtraction] ✅ wolfeboro: forms/unknown/unknown
[MetadataExtraction] ✅ wolfeboro: documents/unknown/unknown
[MetadataExtraction] ✅ wolfeboro: documents/unknown/unknown
[MetadataExtraction] ✅ wolfeboro: ordinances/unknown/unknown
[MetadataExtraction] ✅ wolfeboro: documents/unknown/unknown
[MetadataExtraction] ✅ wolfeboro: documents/unknown/unknown
[MetadataExtraction] ✅ wolfeboro: documents/unknown/unknown
[MetadataExtraction] ✅ wolfeboro: documents/unknown/unknown
[MetadataExtraction] ✅ wolfeboro: documents/unknown/unknown
[MetadataExtraction] ✅ wolfeboro: documents/unknown/unknown
[MetadataExtraction] ✅ wolfeboro: documents/unknown/unknown
[MetadataExtraction] ✅ wolfeboro: documents/unknown/unknown
[MetadataExtraction] ✅ wolfeboro: documents/unknown/unknown
[MetadataExtraction] ✅ wakefield: forms/unknown/unknown
[MetadataExtraction] ✅ wakefield: documents/unknown/unknown
[MetadataExtraction] ✅ wakefield: documents/unknown/2026
[MetadataExtraction] ✅ wakefield: documents/unknown/2026
[MetadataExtraction] ✅ wakefield: agendas/unknown/2026
[MetadataExtraction] ✅ wakefield: documents/unknown/2026
[MetadataExtraction] ✅ wakefield: agendas/unknown/unknown
[MetadataExtraction] ✅ wakefield: agendas/unknown/unknown
[MetadataExtraction] ✅ wakefield: agendas/unknown/unknown

📊 Progress:
   Batch: 100 extracted, 0 failed
   Total: 4400 extracted, 0 failed
   Remaining: 1326 documents
   Rate: 4004.2 docs/min
   Elapsed: 1.1 minutes
   ETA: 0.3 minutes

======================================================================
📦 Batch 45
======================================================================
[MetadataExtraction] Processing 100 documents...
[MetadataExtraction] ✅ wakefield: agendas/unknown/unknown
[MetadataExtraction] ✅ wakefield: forms/unknown/2025
[MetadataExtraction] ✅ wakefield: documents/unknown/2025
[MetadataExtraction] ✅ wakefield: documents/unknown/unknown
[MetadataExtraction] ✅ wakefield: forms/unknown/unknown
[MetadataExtraction] ✅ wakefield: documents/unknown/unknown
[MetadataExtraction] ✅ wakefield: forms/unknown/unknown
[MetadataExtraction] ✅ wakefield: forms/unknown/unknown
[MetadataExtraction] ✅ wakefield: documents/unknown/unknown
[MetadataExtraction] ✅ wakefield: documents/unknown/2025
[MetadataExtraction] ✅ wakefield: documents/unknown/2025
[MetadataExtraction] ✅ wakefield: documents/unknown/2024
[MetadataExtraction] ✅ wakefield: documents/unknown/2025
[MetadataExtraction] ✅ wakefield: documents/unknown/2025
[MetadataExtraction] ✅ wakefield: forms/unknown/2025
[MetadataExtraction] ✅ wakefield: documents/unknown/2025
[MetadataExtraction] ✅ wakefield: forms/unknown/2025
[MetadataExtraction] ✅ wakefield: documents/unknown/2025
[MetadataExtraction] ✅ wakefield: forms/unknown/2025
[MetadataExtraction] ✅ wakefield: documents/unknown/2025
[MetadataExtraction] ✅ wakefield: documents/unknown/2021
[MetadataExtraction] ✅ wakefield: documents/unknown/2021
[MetadataExtraction] ✅ wakefield: documents/unknown/2021
[MetadataExtraction] ✅ wakefield: documents/unknown/2021
[MetadataExtraction] ✅ wakefield: forms/unknown/2025
[MetadataExtraction] ✅ wakefield: documents/unknown/2025
[MetadataExtraction] ✅ wakefield: forms/unknown/2025
[MetadataExtraction] ✅ wakefield: documents/unknown/2025
[MetadataExtraction] ✅ wakefield: documents/unknown/2025
[MetadataExtraction] ✅ wakefield: documents/unknown/2025
[MetadataExtraction] ✅ wakefield: forms/unknown/2025
[MetadataExtraction] ✅ wakefield: documents/unknown/2025
[MetadataExtraction] ✅ wakefield: documents/unknown/2025
[MetadataExtraction] ✅ wakefield: forms/unknown/2025
[MetadataExtraction] ✅ wakefield: documents/unknown/2025
[MetadataExtraction] ✅ wakefield: documents/unknown/2024
[MetadataExtraction] ✅ wakefield: forms/unknown/unknown
[MetadataExtraction] ✅ wakefield: documents/unknown/unknown
[MetadataExtraction] ✅ wakefield: forms/unknown/2025
[MetadataExtraction] ✅ wakefield: documents/unknown/2025
[MetadataExtraction] ✅ wakefield: documents/unknown/2025
[MetadataExtraction] ✅ wakefield: forms/unknown/unknown
[MetadataExtraction] ✅ wakefield: documents/unknown/2025
[MetadataExtraction] ✅ wakefield: forms/unknown/2025
[MetadataExtraction] ✅ wakefield: forms/unknown/2026
[MetadataExtraction] ✅ wakefield: documents/unknown/2026
[MetadataExtraction] ✅ wakefield: forms/unknown/2026
[MetadataExtraction] ✅ wakefield: documents/unknown/2026
[MetadataExtraction] ✅ wakefield: forms/unknown/2025
[MetadataExtraction] ✅ wakefield: documents/unknown/2025
[MetadataExtraction] ✅ wakefield: forms/unknown/2026
[MetadataExtraction] ✅ wakefield: forms/unknown/2025
[MetadataExtraction] ✅ wakefield: documents/unknown/2025
[MetadataExtraction] ✅ wakefield: forms/unknown/2026
[MetadataExtraction] ✅ wakefield: documents/unknown/2026
[MetadataExtraction] ✅ wakefield: documents/unknown/2025
[MetadataExtraction] ✅ wakefield: forms/unknown/2025
[MetadataExtraction] ✅ wakefield: documents/unknown/2025
[MetadataExtraction] ✅ wakefield: forms/unknown/2025
[MetadataExtraction] ✅ wakefield: forms/unknown/2025
[MetadataExtraction] ✅ wakefield: forms/unknown/unknown
[MetadataExtraction] ✅ wakefield: documents/unknown/unknown
[MetadataExtraction] ✅ wakefield: forms/unknown/unknown
[MetadataExtraction] ✅ wakefield: documents/unknown/2024
[MetadataExtraction] ✅ wakefield: documents/unknown/unknown
[MetadataExtraction] ✅ wakefield: documents/unknown/2024
[MetadataExtraction] ✅ wakefield: forms/unknown/unknown
[MetadataExtraction] ✅ wakefield: documents/unknown/unknown
[MetadataExtraction] ✅ wakefield: documents/unknown/2024
[MetadataExtraction] ✅ wakefield: documents/unknown/2024
[MetadataExtraction] ✅ wakefield: documents/unknown/2024
[MetadataExtraction] ✅ wakefield: documents/unknown/2024
[MetadataExtraction] ✅ wakefield: documents/unknown/2024
[MetadataExtraction] ✅ wakefield: documents/unknown/2024
[MetadataExtraction] ✅ wakefield: documents/unknown/2024
[MetadataExtraction] ✅ wakefield: reports/unknown/unknown
[MetadataExtraction] ✅ wakefield: documents/unknown/unknown
[MetadataExtraction] ✅ wakefield: documents/unknown/unknown
[MetadataExtraction] ✅ wakefield: documents/unknown/2026
[MetadataExtraction] ✅ wakefield: forms/unknown/unknown
[MetadataExtraction] ✅ wakefield: documents/unknown/unknown
[MetadataExtraction] ✅ wakefield: forms/unknown/unknown
[MetadataExtraction] ✅ wakefield: forms/unknown/unknown
[MetadataExtraction] ✅ wakefield: forms/unknown/unknown
[MetadataExtraction] ✅ wakefield: forms/unknown/unknown
[MetadataExtraction] ✅ wakefield: documents/unknown/unknown
[MetadataExtraction] ✅ wakefield: forms/unknown/unknown
[MetadataExtraction] ✅ wakefield: documents/unknown/unknown
[MetadataExtraction] ✅ wakefield: documents/unknown/unknown
[MetadataExtraction] ✅ wakefield: budget/Budget_Committee/unknown
[MetadataExtraction] ✅ wakefield: documents/unknown/unknown
[MetadataExtraction] ✅ wakefield: forms/unknown/unknown
[MetadataExtraction] ✅ wakefield: forms/unknown/unknown
[MetadataExtraction] ✅ wakefield: forms/unknown/unknown
[MetadataExtraction] ✅ wakefield: forms/unknown/unknown
[MetadataExtraction] ✅ wakefield: forms/unknown/unknown
[MetadataExtraction] ✅ wakefield: forms/unknown/unknown
[MetadataExtraction] ✅ wakefield: documents/unknown/unknown
[MetadataExtraction] ✅ wakefield: forms/unknown/unknown
[MetadataExtraction] ✅ wakefield: documents/unknown/2016

📊 Progress:
   Batch: 100 extracted, 0 failed
   Total: 4500 extracted, 0 failed
   Remaining: 1226 documents
   Rate: 4003.8 docs/min
   Elapsed: 1.1 minutes
   ETA: 0.3 minutes

======================================================================
📦 Batch 46
======================================================================
[MetadataExtraction] Processing 100 documents...
[MetadataExtraction] ✅ brookfield: documents/unknown/2016
[MetadataExtraction] ✅ wakefield: forms/unknown/unknown
[MetadataExtraction] ✅ wakefield: documents/unknown/2016
[MetadataExtraction] ✅ wakefield: documents/unknown/2016
[MetadataExtraction] ✅ wakefield: documents/unknown/2026
[MetadataExtraction] ✅ wakefield: documents/unknown/2025
[MetadataExtraction] ✅ moultonborough: documents/unknown/unknown
[MetadataExtraction] ✅ wakefield: documents/unknown/unknown
[MetadataExtraction] ✅ wakefield: documents/unknown/unknown
[MetadataExtraction] ✅ wakefield: forms/unknown/unknown
[MetadataExtraction] ✅ wakefield: documents/unknown/unknown
[MetadataExtraction] ✅ wakefield: documents/unknown/unknown
[MetadataExtraction] ✅ wakefield: documents/unknown/unknown
[MetadataExtraction] ✅ wakefield: documents/unknown/unknown
[MetadataExtraction] ✅ wakefield: documents/unknown/unknown
[MetadataExtraction] ✅ wakefield: documents/unknown/unknown
[MetadataExtraction] ✅ wakefield: documents/unknown/unknown
[MetadataExtraction] ✅ wakefield: forms/unknown/unknown
[MetadataExtraction] ✅ wakefield: documents/unknown/unknown
[MetadataExtraction] ✅ wakefield: forms/unknown/2026
[MetadataExtraction] ✅ wakefield: documents/unknown/2026
[MetadataExtraction] ✅ wakefield: forms/unknown/2026
[MetadataExtraction] ✅ wakefield: documents/unknown/2026
[MetadataExtraction] ✅ wakefield: documents/unknown/unknown
[MetadataExtraction] ✅ wakefield: documents/unknown/unknown
[MetadataExtraction] ✅ wakefield: forms/unknown/unknown
[MetadataExtraction] ✅ wakefield: documents/unknown/unknown
[MetadataExtraction] ✅ wakefield: forms/unknown/unknown
[MetadataExtraction] ✅ wakefield: documents/unknown/unknown
[MetadataExtraction] ✅ wakefield: documents/unknown/2024
[MetadataExtraction] ✅ wakefield: documents/unknown/2025
[MetadataExtraction] ✅ wakefield: documents/unknown/2024
[MetadataExtraction] ✅ wakefield: documents/unknown/2023
[MetadataExtraction] ✅ wakefield: documents/unknown/2025
[MetadataExtraction] ✅ wakefield: reports/unknown/unknown
[MetadataExtraction] ✅ wakefield: reports/unknown/unknown
[MetadataExtraction] ✅ wakefield: documents/unknown/2016
[MetadataExtraction] ✅ wakefield: documents/unknown/2019
[MetadataExtraction] ✅ wakefield: documents/unknown/2024
[MetadataExtraction] ✅ wakefield: documents/unknown/unknown
[MetadataExtraction] ✅ wakefield: documents/unknown/2026
[MetadataExtraction] ✅ wakefield: documents/unknown/unknown
[MetadataExtraction] ✅ wakefield: documents/unknown/2026
[MetadataExtraction] ✅ wakefield: documents/unknown/2024
[MetadataExtraction] ✅ wakefield: documents/unknown/2024
[MetadataExtraction] ✅ wakefield: documents/unknown/2026
[MetadataExtraction] ✅ wakefield: documents/unknown/2026
[MetadataExtraction] ✅ wakefield: documents/unknown/2026
[MetadataExtraction] ✅ wakefield: documents/unknown/unknown
[MetadataExtraction] ✅ wakefield: documents/unknown/unknown
[MetadataExtraction] ✅ wakefield: forms/unknown/2026
[MetadataExtraction] ✅ wakefield: forms/unknown/unknown
[MetadataExtraction] ✅ wakefield: documents/unknown/unknown
[MetadataExtraction] ✅ wakefield: forms/unknown/unknown
[MetadataExtraction] ✅ wakefield: documents/unknown/unknown
[MetadataExtraction] ✅ wakefield: documents/unknown/unknown
[MetadataExtraction] ✅ wakefield: documents/unknown/unknown
[MetadataExtraction] ✅ wakefield: documents/unknown/unknown
[MetadataExtraction] ✅ wakefield: documents/unknown/unknown
[MetadataExtraction] ✅ wakefield: documents/unknown/unknown
[MetadataExtraction] ✅ wakefield: forms/unknown/2025
[MetadataExtraction] ✅ wakefield: forms/unknown/2024
[MetadataExtraction] ✅ wakefield: forms/unknown/unknown
[MetadataExtraction] ✅ wakefield: forms/unknown/unknown
[MetadataExtraction] ✅ wakefield: documents/unknown/2024
[MetadataExtraction] ✅ wakefield: documents/unknown/2024
[MetadataExtraction] ✅ wakefield: documents/unknown/2024
[MetadataExtraction] ✅ wakefield: documents/unknown/2017
[MetadataExtraction] ✅ wakefield: documents/unknown/unknown
[MetadataExtraction] ✅ wakefield: documents/unknown/unknown
[MetadataExtraction] ✅ wakefield: documents/unknown/2016
[MetadataExtraction] ✅ wakefield: forms/unknown/2025
[MetadataExtraction] ✅ wakefield: documents/unknown/2025
[MetadataExtraction] ✅ wakefield: documents/unknown/2016
[MetadataExtraction] ✅ wakefield: forms/unknown/unknown
[MetadataExtraction] ✅ wakefield: forms/unknown/unknown
[MetadataExtraction] ✅ wakefield: documents/unknown/unknown
[MetadataExtraction] ✅ wakefield: documents/unknown/2024
[MetadataExtraction] ✅ wakefield: documents/unknown/2024
[MetadataExtraction] ✅ wakefield: documents/unknown/unknown
[MetadataExtraction] ✅ wakefield: documents/unknown/unknown
[MetadataExtraction] ✅ wakefield: documents/unknown/unknown
[MetadataExtraction] ✅ wakefield: documents/unknown/unknown
[MetadataExtraction] ✅ brookfield: documents/unknown/unknown
[MetadataExtraction] ✅ wakefield: documents/unknown/unknown
[MetadataExtraction] ✅ wakefield: documents/unknown/unknown
[MetadataExtraction] ✅ wakefield: documents/unknown/unknown
[MetadataExtraction] ✅ wakefield: documents/unknown/unknown
[MetadataExtraction] ✅ wakefield: documents/unknown/unknown
[MetadataExtraction] ✅ wakefield: documents/unknown/unknown
[MetadataExtraction] ✅ wakefield: documents/unknown/unknown
[MetadataExtraction] ✅ wakefield: documents/unknown/unknown
[MetadataExtraction] ✅ wakefield: documents/unknown/unknown
[MetadataExtraction] ✅ wakefield: documents/unknown/unknown
[MetadataExtraction] ✅ wakefield: agendas/unknown/unknown
[MetadataExtraction] ✅ wakefield: agendas/unknown/unknown
[MetadataExtraction] ✅ wakefield: agendas/unknown/unknown
[MetadataExtraction] ✅ wakefield: agendas/unknown/unknown
[MetadataExtraction] ✅ wakefield: agendas/unknown/unknown
[MetadataExtraction] ✅ wakefield: agendas/unknown/unknown

📊 Progress:
   Batch: 100 extracted, 0 failed
   Total: 4600 extracted, 0 failed
   Remaining: 1126 documents
   Rate: 4002.9 docs/min
   Elapsed: 1.1 minutes
   ETA: 0.3 minutes

======================================================================
📦 Batch 47
======================================================================
[MetadataExtraction] Processing 100 documents...
[MetadataExtraction] ✅ conway: documents/unknown/2019
[MetadataExtraction] ✅ conway: documents/unknown/2021
[MetadataExtraction] ✅ albany: documents/unknown/unknown
[MetadataExtraction] ✅ albany: documents/unknown/unknown
[MetadataExtraction] ✅ albany: documents/unknown/unknown
[MetadataExtraction] ✅ albany: documents/unknown/unknown
[MetadataExtraction] ✅ conway: documents/unknown/2022
[MetadataExtraction] ✅ conway: documents/unknown/2022
[MetadataExtraction] ✅ albany: documents/unknown/unknown
[MetadataExtraction] ✅ albany: documents/unknown/unknown
[MetadataExtraction] ✅ albany: documents/unknown/unknown
[MetadataExtraction] ✅ effingham: documents/unknown/unknown
[MetadataExtraction] ✅ wakefield: agendas/unknown/unknown
[MetadataExtraction] ✅ wakefield: agendas/unknown/unknown
[MetadataExtraction] ✅ wakefield: agendas/unknown/unknown
[MetadataExtraction] ✅ wakefield: agendas/unknown/unknown
[MetadataExtraction] ✅ wakefield: documents/unknown/2025
[MetadataExtraction] ✅ effingham: documents/unknown/unknown
[MetadataExtraction] ✅ effingham: documents/unknown/unknown
[MetadataExtraction] ✅ effingham: documents/unknown/unknown
[MetadataExtraction] ✅ effingham: documents/unknown/unknown
[MetadataExtraction] ✅ effingham: documents/unknown/unknown
[MetadataExtraction] ✅ effingham: documents/unknown/unknown
[MetadataExtraction] ✅ effingham: documents/unknown/unknown
[MetadataExtraction] ✅ effingham: documents/unknown/unknown
[MetadataExtraction] ✅ effingham: documents/unknown/unknown
[MetadataExtraction] ✅ effingham: documents/unknown/unknown
[MetadataExtraction] ✅ effingham: documents/unknown/unknown
[MetadataExtraction] ✅ effingham: documents/unknown/unknown
[MetadataExtraction] ✅ effingham: documents/unknown/unknown
[MetadataExtraction] ✅ effingham: documents/unknown/unknown
[MetadataExtraction] ✅ effingham: documents/unknown/unknown
[MetadataExtraction] ✅ effingham: documents/unknown/unknown
[MetadataExtraction] ✅ effingham: documents/unknown/unknown
[MetadataExtraction] ✅ effingham: documents/unknown/unknown
[MetadataExtraction] ✅ effingham: documents/unknown/unknown
[MetadataExtraction] ✅ effingham: documents/unknown/unknown
[MetadataExtraction] ✅ effingham: documents/unknown/unknown
[MetadataExtraction] ✅ effingham: documents/unknown/unknown
[MetadataExtraction] ✅ effingham: documents/unknown/unknown
[MetadataExtraction] ✅ effingham: documents/unknown/unknown
[MetadataExtraction] ✅ effingham: documents/unknown/unknown
[MetadataExtraction] ✅ freedom: documents/unknown/2021
[MetadataExtraction] ✅ conway: documents/unknown/2022
[MetadataExtraction] ✅ conway: documents/unknown/2023
[MetadataExtraction] ✅ conway: documents/unknown/2024
[MetadataExtraction] ✅ conway: documents/unknown/2024
[MetadataExtraction] ✅ conway: documents/unknown/2024
[MetadataExtraction] ✅ conway: forms/unknown/unknown
[MetadataExtraction] ✅ conway: documents/unknown/2024
[MetadataExtraction] ✅ conway: documents/unknown/2024
[MetadataExtraction] ✅ conway: documents/unknown/unknown
[MetadataExtraction] ✅ conway: forms/unknown/2026
[MetadataExtraction] ✅ conway: documents/unknown/2015
[MetadataExtraction] ✅ conway: documents/unknown/unknown
[MetadataExtraction] ✅ conway: documents/unknown/unknown
[MetadataExtraction] ✅ conway: documents/unknown/unknown
[MetadataExtraction] ✅ conway: documents/unknown/unknown
[MetadataExtraction] ✅ conway: documents/unknown/unknown
[MetadataExtraction] ✅ conway: documents/unknown/unknown
[MetadataExtraction] ✅ conway: documents/unknown/unknown
[MetadataExtraction] ✅ conway: documents/unknown/unknown
[MetadataExtraction] ✅ conway: documents/unknown/unknown
[MetadataExtraction] ✅ conway: documents/unknown/unknown
[MetadataExtraction] ✅ conway: documents/unknown/unknown
[MetadataExtraction] ✅ conway: documents/unknown/unknown
[MetadataExtraction] ✅ conway: documents/unknown/unknown
[MetadataExtraction] ✅ conway: documents/unknown/unknown
[MetadataExtraction] ✅ conway: documents/unknown/unknown
[MetadataExtraction] ✅ conway: documents/unknown/unknown
[MetadataExtraction] ✅ conway: documents/unknown/unknown
[MetadataExtraction] ✅ conway: documents/unknown/unknown
[MetadataExtraction] ✅ conway: documents/unknown/unknown
[MetadataExtraction] ✅ conway: documents/unknown/unknown
[MetadataExtraction] ✅ conway: documents/unknown/unknown
[MetadataExtraction] ✅ conway: documents/unknown/unknown
[MetadataExtraction] ✅ conway: documents/unknown/unknown
[MetadataExtraction] ✅ conway: documents/unknown/unknown
[MetadataExtraction] ✅ conway: documents/unknown/unknown
[MetadataExtraction] ✅ conway: documents/unknown/unknown
[MetadataExtraction] ✅ conway: documents/unknown/unknown
[MetadataExtraction] ✅ conway: reports/unknown/2020
[MetadataExtraction] ✅ harts-location: documents/unknown/unknown
[MetadataExtraction] ✅ harts-location: documents/unknown/unknown
[MetadataExtraction] ✅ harts-location: documents/unknown/unknown
[MetadataExtraction] ✅ harts-location: documents/unknown/unknown
[MetadataExtraction] ✅ harts-location: documents/unknown/unknown
[MetadataExtraction] ✅ harts-location: documents/unknown/unknown
[MetadataExtraction] ✅ harts-location: documents/unknown/unknown
[MetadataExtraction] ✅ harts-location: documents/unknown/unknown
[MetadataExtraction] ✅ harts-location: documents/unknown/2020
[MetadataExtraction] ✅ harts-location: documents/unknown/2020
[MetadataExtraction] ✅ harts-location: documents/unknown/2026
[MetadataExtraction] ✅ harts-location: documents/unknown/2026
[MetadataExtraction] ✅ harts-location: ordinances/unknown/2026
[MetadataExtraction] ✅ harts-location: documents/unknown/unknown
[MetadataExtraction] ✅ harts-location: documents/unknown/2026
[MetadataExtraction] ✅ bartlett: documents/unknown/unknown
[MetadataExtraction] ✅ bartlett: documents/unknown/2017
[MetadataExtraction] ✅ albany: documents/unknown/unknown

📊 Progress:
   Batch: 100 extracted, 0 failed
   Total: 4700 extracted, 0 failed
   Remaining: 1026 documents
   Rate: 4001.9 docs/min
   Elapsed: 1.2 minutes
   ETA: 0.3 minutes

======================================================================
📦 Batch 48
======================================================================
[MetadataExtraction] Processing 100 documents...
[MetadataExtraction] ✅ harts-location: reports/unknown/2022
[MetadataExtraction] ✅ harts-location: reports/unknown/2017
[MetadataExtraction] ✅ bartlett: ordinances/unknown/2022
[MetadataExtraction] ✅ bartlett: documents/unknown/2024
[MetadataExtraction] ✅ bartlett: documents/unknown/unknown
[MetadataExtraction] ✅ bartlett: documents/unknown/unknown
[MetadataExtraction] ✅ bartlett: forms/unknown/unknown
[MetadataExtraction] ✅ bartlett: documents/unknown/unknown
[MetadataExtraction] ✅ bartlett: documents/unknown/unknown
[MetadataExtraction] ✅ bartlett: documents/unknown/2022
[MetadataExtraction] ✅ bartlett: agendas/unknown/2025
[MetadataExtraction] ✅ bartlett: minutes/unknown/2025
[MetadataExtraction] ✅ bartlett: agendas/unknown/2025
[MetadataExtraction] ✅ bartlett: agendas/unknown/2025
[MetadataExtraction] ✅ bartlett: agendas/unknown/2025
[MetadataExtraction] ✅ bartlett: agendas/unknown/2025
[MetadataExtraction] ✅ bartlett: agendas/unknown/2025
[MetadataExtraction] ✅ bartlett: agendas/unknown/2025
[MetadataExtraction] ✅ bartlett: minutes/unknown/2025
[MetadataExtraction] ✅ bartlett: agendas/unknown/2025
[MetadataExtraction] ✅ bartlett: minutes/unknown/2025
[MetadataExtraction] ✅ bartlett: minutes/unknown/2025
[MetadataExtraction] ✅ bartlett: agendas/unknown/2025
[MetadataExtraction] ✅ bartlett: agendas/unknown/2025
[MetadataExtraction] ✅ bartlett: minutes/unknown/2025
[MetadataExtraction] ✅ bartlett: agendas/unknown/2025
[MetadataExtraction] ✅ bartlett: minutes/unknown/2025
[MetadataExtraction] ✅ bartlett: agendas/unknown/2025
[MetadataExtraction] ✅ bartlett: agendas/unknown/2025
[MetadataExtraction] ✅ bartlett: minutes/unknown/2025
[MetadataExtraction] ✅ bartlett: agendas/unknown/2025
[MetadataExtraction] ✅ bartlett: agendas/unknown/2025
[MetadataExtraction] ✅ bartlett: documents/unknown/2015
[MetadataExtraction] ✅ bartlett: documents/unknown/2016
[MetadataExtraction] ✅ bartlett: documents/unknown/2017
[MetadataExtraction] ✅ bartlett: documents/unknown/2019
[MetadataExtraction] ✅ bartlett: documents/unknown/2020
[MetadataExtraction] ✅ bartlett: documents/unknown/2020
[MetadataExtraction] ✅ bartlett: documents/unknown/2021
[MetadataExtraction] ✅ bartlett: documents/unknown/2023
[MetadataExtraction] ✅ bartlett: documents/unknown/2024
[MetadataExtraction] ✅ bartlett: documents/unknown/2017
[MetadataExtraction] ✅ bartlett: documents/unknown/unknown
[MetadataExtraction] ✅ bartlett: reports/unknown/2024
[MetadataExtraction] ✅ bartlett: documents/unknown/2018
[MetadataExtraction] ✅ bartlett: documents/unknown/unknown
[MetadataExtraction] ✅ bartlett: documents/unknown/unknown
[MetadataExtraction] ✅ bartlett: reports/unknown/2018
[MetadataExtraction] ✅ bartlett: documents/unknown/unknown
[MetadataExtraction] ✅ bartlett: documents/unknown/2019
[MetadataExtraction] ✅ bartlett: documents/unknown/2016
[MetadataExtraction] ✅ bartlett: documents/unknown/2017
[MetadataExtraction] ✅ bartlett: documents/unknown/2017
[MetadataExtraction] ✅ bartlett: documents/unknown/2024
[MetadataExtraction] ✅ bartlett: documents/unknown/2018
[MetadataExtraction] ✅ bartlett: documents/unknown/2018
[MetadataExtraction] ✅ bartlett: documents/unknown/unknown
[MetadataExtraction] ✅ bartlett: documents/unknown/unknown
[MetadataExtraction] ✅ bartlett: ordinances/unknown/unknown
[MetadataExtraction] ✅ bartlett: documents/unknown/unknown
[MetadataExtraction] ✅ bartlett: ordinances/unknown/unknown
[MetadataExtraction] ✅ bartlett: documents/unknown/unknown
[MetadataExtraction] ✅ bartlett: ordinances/unknown/unknown
[MetadataExtraction] ✅ brookfield: documents/unknown/2025
[MetadataExtraction] ✅ brookfield: reports/unknown/2024
[MetadataExtraction] ✅ brookfield: reports/unknown/2023
[MetadataExtraction] ✅ brookfield: documents/unknown/unknown
[MetadataExtraction] ✅ brookfield: forms/unknown/2023
[MetadataExtraction] ✅ brookfield: ordinances/unknown/2025
[MetadataExtraction] ✅ brookfield: documents/unknown/2023
[MetadataExtraction] ✅ brookfield: documents/unknown/unknown
[MetadataExtraction] ✅ brookfield: documents/unknown/2024
[MetadataExtraction] ✅ brookfield: minutes/unknown/2025
[MetadataExtraction] ✅ brookfield: reports/unknown/2025
[MetadataExtraction] ✅ brookfield: reports/unknown/2024
[MetadataExtraction] ✅ brookfield: documents/unknown/2024
[MetadataExtraction] ✅ brookfield: documents/unknown/2022
[MetadataExtraction] ✅ brookfield: documents/unknown/unknown
[MetadataExtraction] ✅ brookfield: reports/unknown/2025
[MetadataExtraction] ✅ brookfield: documents/unknown/unknown
[MetadataExtraction] ✅ brookfield: minutes/unknown/unknown
[MetadataExtraction] ✅ brookfield: documents/unknown/2019
[MetadataExtraction] ✅ chatham: documents/unknown/2024
[MetadataExtraction] ✅ chatham: documents/unknown/unknown
[MetadataExtraction] ✅ chatham: documents/unknown/unknown
[MetadataExtraction] ✅ chatham: minutes/unknown/2024
[MetadataExtraction] ✅ chatham: minutes/unknown/2023
[MetadataExtraction] ✅ chatham: documents/unknown/2023
[MetadataExtraction] ✅ chatham: minutes/Board_of_Selectmen/2023
[MetadataExtraction] ✅ chatham: minutes/Board_of_Selectmen/2022
[MetadataExtraction] ✅ chatham: minutes/Board_of_Selectmen/2022
[MetadataExtraction] ✅ chatham: minutes/unknown/2021
[MetadataExtraction] ✅ chatham: minutes/Board_of_Selectmen/2021
[MetadataExtraction] ✅ chatham: minutes/Board_of_Selectmen/2021
[MetadataExtraction] ✅ chatham: minutes/Board_of_Selectmen/2021
[MetadataExtraction] ✅ chatham: minutes/Board_of_Selectmen/2020
[MetadataExtraction] ✅ chatham: minutes/Board_of_Selectmen/2020
[MetadataExtraction] ✅ chatham: minutes/Board_of_Selectmen/2019
[MetadataExtraction] ✅ chatham: minutes/Board_of_Selectmen/2019
[MetadataExtraction] ✅ chatham: minutes/Board_of_Selectmen/2018

📊 Progress:
   Batch: 100 extracted, 0 failed
   Total: 4800 extracted, 0 failed
   Remaining: 926 documents
   Rate: 3999.8 docs/min
   Elapsed: 1.2 minutes
   ETA: 0.2 minutes

======================================================================
📦 Batch 49
======================================================================
[MetadataExtraction] Processing 100 documents...
[MetadataExtraction] ✅ chatham: minutes/unknown/2018
[MetadataExtraction] ✅ chatham: minutes/unknown/2017
[MetadataExtraction] ✅ chatham: minutes/unknown/2017
[MetadataExtraction] ✅ chatham: minutes/unknown/2017
[MetadataExtraction] ✅ chatham: minutes/unknown/2016
[MetadataExtraction] ✅ chatham: minutes/unknown/2016
[MetadataExtraction] ✅ chatham: minutes/unknown/2016
[MetadataExtraction] ✅ chatham: minutes/unknown/2015
[MetadataExtraction] ✅ chatham: minutes/unknown/2015
[MetadataExtraction] ✅ chatham: minutes/unknown/2015
[MetadataExtraction] ✅ chatham: minutes/unknown/2014
[MetadataExtraction] ✅ chatham: minutes/unknown/2014
[MetadataExtraction] ✅ chatham: documents/unknown/unknown
[MetadataExtraction] ✅ chatham: documents/unknown/2022
[MetadataExtraction] ✅ chatham: minutes/unknown/2023
[MetadataExtraction] ✅ chatham: minutes/Planning_Board/2022
[MetadataExtraction] ✅ chatham: minutes/Planning_Board/2022
[MetadataExtraction] ✅ chatham: minutes/Planning_Board/2021
[MetadataExtraction] ✅ chatham: minutes/Planning_Board/2021
[MetadataExtraction] ✅ chatham: minutes/Planning_Board/2021
[MetadataExtraction] ✅ chatham: minutes/Planning_Board/2021
[MetadataExtraction] ✅ chatham: minutes/Planning_Board/2021
[MetadataExtraction] ✅ chatham: minutes/Planning_Board/2020
[MetadataExtraction] ✅ chatham: minutes/Planning_Board/2020
[MetadataExtraction] ✅ chatham: minutes/Planning_Board/2019
[MetadataExtraction] ✅ chatham: minutes/Planning_Board/2019
[MetadataExtraction] ✅ chatham: minutes/Planning_Board/2019
[MetadataExtraction] ✅ chatham: minutes/Planning_Board/2019
[MetadataExtraction] ✅ chatham: minutes/Planning_Board/2018
[MetadataExtraction] ✅ chatham: minutes/Planning_Board/2018
[MetadataExtraction] ✅ chatham: minutes/Planning_Board/2018
[MetadataExtraction] ✅ chatham: minutes/Planning_Board/2018
[MetadataExtraction] ✅ chatham: minutes/Planning_Board/2017
[MetadataExtraction] ✅ chatham: minutes/Planning_Board/2017
[MetadataExtraction] ✅ chatham: minutes/Planning_Board/2007
[MetadataExtraction] ✅ chatham: reports/unknown/2014
[MetadataExtraction] ✅ chatham: reports/unknown/2012
[MetadataExtraction] ✅ chatham: reports/unknown/2011
[MetadataExtraction] ✅ chatham: documents/unknown/2013
[MetadataExtraction] ✅ chatham: documents/unknown/2013
[MetadataExtraction] ✅ chatham: documents/unknown/unknown
[MetadataExtraction] ✅ chatham: documents/unknown/unknown
[MetadataExtraction] ✅ chatham: documents/unknown/unknown
[MetadataExtraction] ✅ chatham: documents/unknown/2014
[MetadataExtraction] ✅ chatham: minutes/unknown/2017
[MetadataExtraction] ✅ chatham: minutes/Budget_Committee/2017
[MetadataExtraction] ✅ albany: documents/unknown/2026
[MetadataExtraction] ✅ albany: documents/unknown/2026
[MetadataExtraction] ✅ albany: reports/unknown/2022
[MetadataExtraction] ✅ albany: documents/unknown/unknown
[MetadataExtraction] ✅ albany: forms/unknown/2019
[MetadataExtraction] ✅ albany: forms/unknown/unknown
[MetadataExtraction] ✅ albany: forms/unknown/2017
[MetadataExtraction] ✅ albany: minutes/unknown/2025
[MetadataExtraction] ✅ albany: minutes/unknown/2025
[MetadataExtraction] ✅ albany: minutes/unknown/2024
[MetadataExtraction] ✅ albany: minutes/unknown/2024
[MetadataExtraction] ✅ albany: minutes/unknown/2024
[MetadataExtraction] ✅ albany: minutes/unknown/2023
[MetadataExtraction] ✅ albany: minutes/unknown/2023
[MetadataExtraction] ✅ albany: minutes/unknown/2022
[MetadataExtraction] ✅ albany: minutes/unknown/2022
[MetadataExtraction] ✅ albany: minutes/unknown/2021
[MetadataExtraction] ✅ albany: minutes/unknown/2021
[MetadataExtraction] ✅ albany: minutes/unknown/2020
[MetadataExtraction] ✅ albany: minutes/unknown/2020
[MetadataExtraction] ✅ albany: minutes/unknown/2020
[MetadataExtraction] ✅ albany: documents/unknown/unknown
[MetadataExtraction] ✅ albany: documents/unknown/unknown
[MetadataExtraction] ✅ albany: documents/unknown/unknown
[MetadataExtraction] ✅ albany: documents/unknown/unknown
[MetadataExtraction] ✅ albany: documents/unknown/2026
[MetadataExtraction] ✅ albany: documents/unknown/2026
[MetadataExtraction] ✅ albany: documents/unknown/2025
[MetadataExtraction] ✅ albany: documents/unknown/2025
[MetadataExtraction] ✅ albany: documents/unknown/2025
[MetadataExtraction] ✅ albany: documents/unknown/2025
[MetadataExtraction] ✅ albany: documents/unknown/2025
[MetadataExtraction] ✅ albany: documents/unknown/2024
[MetadataExtraction] ✅ albany: documents/unknown/2024
[MetadataExtraction] ✅ albany: minutes/unknown/2024
[MetadataExtraction] ✅ albany: documents/unknown/2024
[MetadataExtraction] ✅ albany: documents/unknown/2024
[MetadataExtraction] ✅ albany: documents/unknown/2023
[MetadataExtraction] ✅ albany: documents/unknown/2023
[MetadataExtraction] ✅ albany: minutes/unknown/2023
[MetadataExtraction] ✅ albany: documents/unknown/2023
[MetadataExtraction] ✅ albany: documents/unknown/2023
[MetadataExtraction] ✅ albany: documents/unknown/2022
[MetadataExtraction] ✅ albany: documents/unknown/2022
[MetadataExtraction] ✅ albany: documents/unknown/2022
[MetadataExtraction] ✅ albany: minutes/unknown/2022
[MetadataExtraction] ✅ albany: minutes/unknown/2022
[MetadataExtraction] ✅ albany: documents/unknown/2021
[MetadataExtraction] ✅ albany: minutes/unknown/2021
[MetadataExtraction] ✅ albany: documents/unknown/2021
[MetadataExtraction] ✅ albany: minutes/unknown/2021
[MetadataExtraction] ✅ albany: minutes/unknown/2021
[MetadataExtraction] ✅ albany: minutes/unknown/2020
[MetadataExtraction] ✅ albany: minutes/unknown/2020

📊 Progress:
   Batch: 100 extracted, 0 failed
   Total: 4900 extracted, 0 failed
   Remaining: 826 documents
   Rate: 3998.7 docs/min
   Elapsed: 1.2 minutes
   ETA: 0.2 minutes

======================================================================
📦 Batch 50
======================================================================
[MetadataExtraction] Processing 100 documents...
[MetadataExtraction] ✅ albany: minutes/unknown/2020
[MetadataExtraction] ✅ albany: minutes/unknown/2020
[MetadataExtraction] ✅ albany: minutes/unknown/2020
[MetadataExtraction] ✅ albany: minutes/unknown/2020
[MetadataExtraction] ✅ albany: minutes/unknown/2020
[MetadataExtraction] ✅ albany: documents/unknown/unknown
[MetadataExtraction] ✅ albany: documents/unknown/unknown
[MetadataExtraction] ✅ albany: documents/unknown/unknown
[MetadataExtraction] ✅ albany: documents/unknown/unknown
[MetadataExtraction] ✅ albany: documents/unknown/unknown
[MetadataExtraction] ✅ albany: documents/unknown/unknown
[MetadataExtraction] ✅ albany: documents/unknown/unknown
[MetadataExtraction] ✅ albany: documents/unknown/unknown
[MetadataExtraction] ✅ albany: documents/unknown/unknown
[MetadataExtraction] ✅ albany: documents/unknown/unknown
[MetadataExtraction] ✅ albany: documents/unknown/unknown
[MetadataExtraction] ✅ albany: documents/unknown/unknown
[MetadataExtraction] ✅ albany: documents/unknown/unknown
[MetadataExtraction] ✅ albany: documents/unknown/unknown
[MetadataExtraction] ✅ albany: documents/unknown/unknown
[MetadataExtraction] ✅ albany: documents/unknown/unknown
[MetadataExtraction] ✅ albany: documents/unknown/unknown
[MetadataExtraction] ✅ albany: documents/unknown/unknown
[MetadataExtraction] ✅ albany: documents/unknown/unknown
[MetadataExtraction] ✅ albany: documents/unknown/unknown
[MetadataExtraction] ✅ albany: documents/unknown/unknown
[MetadataExtraction] ✅ albany: documents/unknown/unknown
[MetadataExtraction] ✅ albany: documents/unknown/unknown
[MetadataExtraction] ✅ albany: documents/unknown/unknown
[MetadataExtraction] ✅ albany: documents/unknown/unknown
[MetadataExtraction] ✅ albany: documents/unknown/unknown
[MetadataExtraction] ✅ albany: documents/unknown/unknown
[MetadataExtraction] ✅ albany: documents/unknown/unknown
[MetadataExtraction] ✅ albany: documents/unknown/unknown
[MetadataExtraction] ✅ albany: documents/unknown/unknown
[MetadataExtraction] ✅ albany: documents/unknown/unknown
[MetadataExtraction] ✅ albany: documents/unknown/unknown
[MetadataExtraction] ✅ albany: documents/unknown/unknown
[MetadataExtraction] ✅ albany: documents/unknown/unknown
[MetadataExtraction] ✅ albany: documents/unknown/unknown
[MetadataExtraction] ✅ albany: documents/unknown/unknown
[MetadataExtraction] ✅ albany: documents/unknown/unknown
[MetadataExtraction] ✅ albany: documents/unknown/unknown
[MetadataExtraction] ✅ albany: documents/unknown/unknown
[MetadataExtraction] ✅ albany: documents/unknown/unknown
[MetadataExtraction] ✅ albany: documents/unknown/unknown
[MetadataExtraction] ✅ albany: documents/unknown/unknown
[MetadataExtraction] ✅ albany: documents/unknown/unknown
[MetadataExtraction] ✅ albany: documents/unknown/unknown
[MetadataExtraction] ✅ albany: documents/Board_of_Selectmen/unknown
[MetadataExtraction] ✅ albany: documents/Board_of_Selectmen/unknown
[MetadataExtraction] ✅ albany: documents/Board_of_Selectmen/unknown
[MetadataExtraction] ✅ albany: documents/Board_of_Selectmen/unknown
[MetadataExtraction] ✅ albany: documents/Board_of_Selectmen/unknown
[MetadataExtraction] ✅ albany: documents/Board_of_Selectmen/unknown
[MetadataExtraction] ✅ albany: documents/Board_of_Selectmen/unknown
[MetadataExtraction] ✅ albany: documents/Board_of_Selectmen/unknown
[MetadataExtraction] ✅ albany: documents/Board_of_Selectmen/unknown
[MetadataExtraction] ✅ albany: documents/Board_of_Selectmen/unknown
[MetadataExtraction] ✅ albany: documents/Board_of_Selectmen/unknown
[MetadataExtraction] ✅ albany: documents/Board_of_Selectmen/unknown
[MetadataExtraction] ✅ albany: documents/Board_of_Selectmen/unknown
[MetadataExtraction] ✅ albany: documents/Board_of_Selectmen/unknown
[MetadataExtraction] ✅ albany: documents/Board_of_Selectmen/unknown
[MetadataExtraction] ✅ albany: documents/Board_of_Selectmen/unknown
[MetadataExtraction] ✅ albany: documents/Board_of_Selectmen/unknown
[MetadataExtraction] ✅ albany: documents/Board_of_Selectmen/unknown
[MetadataExtraction] ✅ albany: documents/Board_of_Selectmen/unknown
[MetadataExtraction] ✅ albany: documents/Board_of_Selectmen/unknown
[MetadataExtraction] ✅ albany: documents/Board_of_Selectmen/unknown
[MetadataExtraction] ✅ albany: documents/Board_of_Selectmen/unknown
[MetadataExtraction] ✅ albany: documents/Board_of_Selectmen/unknown
[MetadataExtraction] ✅ albany: documents/Board_of_Selectmen/unknown
[MetadataExtraction] ✅ albany: documents/Board_of_Selectmen/unknown
[MetadataExtraction] ✅ albany: documents/Board_of_Selectmen/unknown
[MetadataExtraction] ✅ albany: documents/Board_of_Selectmen/unknown
[MetadataExtraction] ✅ albany: documents/Board_of_Selectmen/unknown
[MetadataExtraction] ✅ albany: minutes/Board_of_Selectmen/unknown
[MetadataExtraction] ✅ albany: minutes/Board_of_Selectmen/unknown
[MetadataExtraction] ✅ albany: minutes/Board_of_Selectmen/unknown
[MetadataExtraction] ✅ albany: reports/unknown/2017
[MetadataExtraction] ✅ albany: reports/unknown/2012
[MetadataExtraction] ✅ albany: documents/unknown/2009
[MetadataExtraction] ✅ albany: documents/unknown/unknown
[MetadataExtraction] ✅ albany: documents/unknown/unknown
[MetadataExtraction] ✅ albany: documents/unknown/unknown
[MetadataExtraction] ✅ albany: documents/unknown/unknown
[MetadataExtraction] ✅ albany: documents/unknown/unknown
[MetadataExtraction] ✅ albany: documents/unknown/unknown
[MetadataExtraction] ✅ albany: documents/unknown/unknown
[MetadataExtraction] ✅ albany: documents/unknown/unknown
[MetadataExtraction] ✅ albany: documents/unknown/unknown
[MetadataExtraction] ✅ albany: documents/unknown/unknown
[MetadataExtraction] ✅ albany: documents/unknown/unknown
[MetadataExtraction] ✅ albany: documents/unknown/unknown
[MetadataExtraction] ✅ albany: documents/unknown/unknown
[MetadataExtraction] ✅ albany: documents/unknown/unknown
[MetadataExtraction] ✅ albany: documents/unknown/unknown
[MetadataExtraction] ✅ albany: documents/unknown/unknown
[MetadataExtraction] ✅ albany: documents/unknown/unknown

📊 Progress:
   Batch: 100 extracted, 0 failed
   Total: 5000 extracted, 0 failed
   Remaining: 726 documents
   Rate: 3998.1 docs/min
   Elapsed: 1.3 minutes
   ETA: 0.2 minutes

======================================================================
📦 Batch 51
======================================================================
[MetadataExtraction] Processing 100 documents...
[MetadataExtraction] ✅ albany: documents/unknown/unknown
[MetadataExtraction] ✅ albany: documents/unknown/unknown
[MetadataExtraction] ✅ albany: documents/unknown/unknown
[MetadataExtraction] ✅ albany: documents/unknown/unknown
[MetadataExtraction] ✅ albany: documents/unknown/2011
[MetadataExtraction] ✅ albany: documents/unknown/unknown
[MetadataExtraction] ✅ albany: documents/unknown/unknown
[MetadataExtraction] ✅ albany: documents/unknown/unknown
[MetadataExtraction] ✅ albany: documents/unknown/unknown
[MetadataExtraction] ✅ albany: documents/unknown/unknown
[MetadataExtraction] ✅ albany: documents/unknown/unknown
[MetadataExtraction] ✅ albany: documents/unknown/unknown
[MetadataExtraction] ✅ albany: documents/unknown/unknown
[MetadataExtraction] ✅ albany: minutes/Zoning_Board/2024
[MetadataExtraction] ✅ albany: documents/unknown/2025
[MetadataExtraction] ✅ albany: documents/unknown/2024
[MetadataExtraction] ✅ albany: documents/unknown/2024
[MetadataExtraction] ✅ albany: documents/unknown/2023
[MetadataExtraction] ✅ albany: documents/unknown/2023
[MetadataExtraction] ✅ albany: documents/unknown/2023
[MetadataExtraction] ✅ albany: documents/unknown/2022
[MetadataExtraction] ✅ albany: documents/unknown/2021
[MetadataExtraction] ✅ albany: documents/unknown/2021
[MetadataExtraction] ✅ albany: documents/unknown/2021
[MetadataExtraction] ✅ albany: minutes/unknown/2020
[MetadataExtraction] ✅ albany: documents/unknown/unknown
[MetadataExtraction] ✅ albany: documents/unknown/unknown
[MetadataExtraction] ✅ albany: documents/unknown/unknown
[MetadataExtraction] ✅ albany: documents/unknown/unknown
[MetadataExtraction] ✅ albany: documents/unknown/unknown
[MetadataExtraction] ✅ albany: documents/unknown/unknown
[MetadataExtraction] ✅ albany: documents/unknown/unknown
[MetadataExtraction] ✅ albany: documents/unknown/unknown
[MetadataExtraction] ✅ albany: documents/unknown/2019
[MetadataExtraction] ✅ albany: documents/unknown/2019
[MetadataExtraction] ✅ albany: documents/unknown/2020
[MetadataExtraction] ✅ albany: forms/unknown/unknown
[MetadataExtraction] ✅ albany: documents/unknown/2020
[MetadataExtraction] ✅ albany: documents/unknown/unknown
[MetadataExtraction] ✅ albany: documents/unknown/2022
[MetadataExtraction] ✅ albany: documents/unknown/2022
[MetadataExtraction] ✅ albany: documents/unknown/2022
[MetadataExtraction] ✅ albany: documents/unknown/2022
[MetadataExtraction] ✅ albany: documents/unknown/2023
[MetadataExtraction] ✅ albany: documents/unknown/2023
[MetadataExtraction] ✅ conway: documents/unknown/2015
[MetadataExtraction] ✅ conway: documents/unknown/unknown
[MetadataExtraction] ✅ conway: documents/unknown/unknown
[MetadataExtraction] ✅ conway: documents/unknown/2025
[MetadataExtraction] ✅ conway: documents/unknown/unknown
[MetadataExtraction] ✅ conway: forms/unknown/unknown
[MetadataExtraction] ✅ conway: documents/unknown/2025
[MetadataExtraction] ✅ conway: documents/unknown/2020
[MetadataExtraction] ✅ conway: documents/unknown/2025
[MetadataExtraction] ✅ conway: documents/unknown/unknown
[MetadataExtraction] ✅ conway: forms/unknown/2021
[MetadataExtraction] ✅ effingham: reports/unknown/2022
[MetadataExtraction] ✅ effingham: documents/unknown/2017
[MetadataExtraction] ✅ effingham: documents/unknown/2021
[MetadataExtraction] ✅ effingham: minutes/unknown/2010
[MetadataExtraction] ✅ effingham: minutes/unknown/2015
[MetadataExtraction] ✅ effingham: minutes/unknown/2016
[MetadataExtraction] ✅ effingham: minutes/unknown/2021
[MetadataExtraction] ✅ effingham: reports/unknown/unknown
[MetadataExtraction] ✅ effingham: reports/unknown/2002
[MetadataExtraction] ✅ effingham: reports/unknown/2006
[MetadataExtraction] ✅ effingham: reports/unknown/2009
[MetadataExtraction] ✅ effingham: reports/unknown/2010
[MetadataExtraction] ✅ effingham: reports/unknown/2015
[MetadataExtraction] ✅ effingham: reports/unknown/2021
[MetadataExtraction] ✅ freedom: documents/unknown/2023
[MetadataExtraction] ✅ freedom: documents/unknown/2023
[MetadataExtraction] ✅ freedom: documents/unknown/2025
[MetadataExtraction] ✅ freedom: documents/unknown/2023
[MetadataExtraction] ✅ freedom: documents/unknown/2018
[MetadataExtraction] ✅ freedom: documents/unknown/2025
[MetadataExtraction] ✅ freedom: forms/unknown/2020
[MetadataExtraction] ✅ freedom: ordinances/unknown/2024
[MetadataExtraction] ✅ freedom: documents/unknown/2009
[MetadataExtraction] ✅ freedom: documents/unknown/2019
[MetadataExtraction] ✅ freedom: documents/unknown/2021
[MetadataExtraction] ✅ freedom: documents/unknown/2022
[MetadataExtraction] ✅ freedom: documents/unknown/2022
[MetadataExtraction] ✅ freedom: documents/unknown/2022
[MetadataExtraction] ✅ freedom: documents/unknown/2022
[MetadataExtraction] ✅ moultonborough: documents/unknown/unknown
[MetadataExtraction] ✅ moultonborough: documents/unknown/unknown
[MetadataExtraction] ✅ moultonborough: minutes/unknown/2023
[MetadataExtraction] ✅ moultonborough: minutes/unknown/2018
[MetadataExtraction] ✅ moultonborough: minutes/unknown/2015
[MetadataExtraction] ✅ moultonborough: minutes/unknown/2010
[MetadataExtraction] ✅ moultonborough: minutes/unknown/2005
[MetadataExtraction] ✅ moultonborough: documents/unknown/unknown
[MetadataExtraction] ✅ moultonborough: documents/unknown/2026
[MetadataExtraction] ✅ moultonborough: documents/unknown/2023
[MetadataExtraction] ✅ moultonborough: forms/unknown/unknown
[MetadataExtraction] ✅ moultonborough: forms/unknown/2026
[MetadataExtraction] ✅ moultonborough: agendas/Board_of_Selectmen/unknown
[MetadataExtraction] ✅ moultonborough: agendas/Board_of_Selectmen/unknown
[MetadataExtraction] ✅ moultonborough: agendas/Board_of_Selectmen/unknown

📊 Progress:
   Batch: 100 extracted, 0 failed
   Total: 5100 extracted, 0 failed
   Remaining: 626 documents
   Rate: 3998.0 docs/min
   Elapsed: 1.3 minutes
   ETA: 0.2 minutes

======================================================================
📦 Batch 52
======================================================================
[MetadataExtraction] Processing 100 documents...
[MetadataExtraction] ✅ moultonborough: agendas/Board_of_Selectmen/unknown
[MetadataExtraction] ✅ moultonborough: agendas/Board_of_Selectmen/2025
[MetadataExtraction] ✅ moultonborough: agendas/Board_of_Selectmen/unknown
[MetadataExtraction] ✅ moultonborough: agendas/Board_of_Selectmen/2062
[MetadataExtraction] ✅ moultonborough: agendas/Board_of_Selectmen/unknown
[MetadataExtraction] ✅ moultonborough: agendas/unknown/unknown
[MetadataExtraction] ✅ moultonborough: agendas/unknown/unknown
[MetadataExtraction] ✅ moultonborough: agendas/unknown/unknown
[MetadataExtraction] ✅ moultonborough: agendas/unknown/unknown
[MetadataExtraction] ✅ moultonborough: agendas/unknown/unknown
[MetadataExtraction] ✅ moultonborough: documents/unknown/unknown
[MetadataExtraction] ✅ moultonborough: documents/unknown/unknown
[MetadataExtraction] ✅ moultonborough: reports/unknown/2015
[MetadataExtraction] ✅ moultonborough: documents/unknown/unknown
[MetadataExtraction] ✅ moultonborough: documents/unknown/unknown
[MetadataExtraction] ✅ moultonborough: documents/unknown/unknown
[MetadataExtraction] ✅ moultonborough: documents/unknown/2019
[MetadataExtraction] ✅ moultonborough: documents/unknown/unknown
[MetadataExtraction] ✅ moultonborough: documents/unknown/unknown
[MetadataExtraction] ✅ moultonborough: documents/unknown/unknown
[MetadataExtraction] ✅ moultonborough: documents/Planning_Board/2025
[MetadataExtraction] ✅ moultonborough: documents/unknown/2025
[MetadataExtraction] ✅ moultonborough: documents/unknown/2025
[MetadataExtraction] ✅ moultonborough: documents/unknown/2025
[MetadataExtraction] ✅ moultonborough: documents/unknown/2025
[MetadataExtraction] ✅ moultonborough: documents/unknown/2025
[MetadataExtraction] ✅ moultonborough: documents/unknown/2024
[MetadataExtraction] ✅ moultonborough: documents/unknown/unknown
[MetadataExtraction] ✅ moultonborough: documents/unknown/2024
[MetadataExtraction] ✅ moultonborough: documents/unknown/2024
[MetadataExtraction] ✅ moultonborough: documents/unknown/2024
[MetadataExtraction] ✅ moultonborough: documents/unknown/2024
[MetadataExtraction] ✅ moultonborough: documents/unknown/2024
[MetadataExtraction] ✅ moultonborough: documents/unknown/2024
[MetadataExtraction] ✅ moultonborough: documents/unknown/2024
[MetadataExtraction] ✅ moultonborough: documents/unknown/2023
[MetadataExtraction] ✅ moultonborough: documents/unknown/2020
[MetadataExtraction] ✅ moultonborough: documents/unknown/2023
[MetadataExtraction] ✅ moultonborough: documents/unknown/2023
[MetadataExtraction] ✅ moultonborough: documents/unknown/unknown
[MetadataExtraction] ✅ moultonborough: documents/unknown/2023
[MetadataExtraction] ✅ moultonborough: documents/unknown/2023
[MetadataExtraction] ✅ moultonborough: documents/unknown/2020
[MetadataExtraction] ✅ moultonborough: documents/unknown/2022
[MetadataExtraction] ✅ moultonborough: documents/unknown/unknown
[MetadataExtraction] ✅ moultonborough: documents/unknown/unknown
[MetadataExtraction] ✅ moultonborough: documents/unknown/2022
[MetadataExtraction] ✅ moultonborough: documents/unknown/2022
[MetadataExtraction] ✅ moultonborough: documents/unknown/2022
[MetadataExtraction] ✅ moultonborough: documents/unknown/unknown
[MetadataExtraction] ✅ moultonborough: documents/unknown/2022
[MetadataExtraction] ✅ moultonborough: documents/unknown/2021
[MetadataExtraction] ✅ moultonborough: documents/unknown/unknown
[MetadataExtraction] ✅ moultonborough: documents/unknown/2021
[MetadataExtraction] ✅ moultonborough: documents/unknown/2021
[MetadataExtraction] ✅ moultonborough: documents/unknown/2021
[MetadataExtraction] ✅ moultonborough: documents/unknown/2021
[MetadataExtraction] ✅ moultonborough: documents/unknown/unknown
[MetadataExtraction] ✅ moultonborough: documents/unknown/2021
[MetadataExtraction] ✅ moultonborough: documents/unknown/2021
[MetadataExtraction] ✅ moultonborough: documents/unknown/2020
[MetadataExtraction] ✅ moultonborough: documents/unknown/2020
[MetadataExtraction] ✅ moultonborough: documents/unknown/2020
[MetadataExtraction] ✅ moultonborough: documents/unknown/2020
[MetadataExtraction] ✅ moultonborough: documents/unknown/2020
[MetadataExtraction] ✅ moultonborough: documents/unknown/unknown
[MetadataExtraction] ✅ moultonborough: documents/unknown/unknown
[MetadataExtraction] ✅ moultonborough: documents/unknown/2020
[MetadataExtraction] ✅ moultonborough: documents/unknown/2020
[MetadataExtraction] ✅ moultonborough: documents/unknown/2020
[MetadataExtraction] ✅ moultonborough: documents/unknown/unknown
[MetadataExtraction] ✅ moultonborough: documents/unknown/unknown
[MetadataExtraction] ✅ moultonborough: documents/unknown/unknown
[MetadataExtraction] ✅ moultonborough: documents/unknown/unknown
[MetadataExtraction] ✅ moultonborough: documents/unknown/unknown
[MetadataExtraction] ✅ moultonborough: documents/unknown/unknown
[MetadataExtraction] ✅ moultonborough: documents/unknown/unknown
[MetadataExtraction] ✅ moultonborough: documents/unknown/unknown
[MetadataExtraction] ✅ moultonborough: documents/unknown/unknown
[MetadataExtraction] ✅ moultonborough: documents/unknown/unknown
[MetadataExtraction] ✅ moultonborough: documents/unknown/unknown
[MetadataExtraction] ✅ moultonborough: documents/unknown/unknown
[MetadataExtraction] ✅ moultonborough: documents/unknown/unknown
[MetadataExtraction] ✅ moultonborough: documents/unknown/unknown
[MetadataExtraction] ✅ moultonborough: documents/unknown/unknown
[MetadataExtraction] ✅ moultonborough: documents/unknown/unknown
[MetadataExtraction] ✅ moultonborough: documents/unknown/unknown
[MetadataExtraction] ✅ moultonborough: documents/unknown/unknown
[MetadataExtraction] ✅ moultonborough: documents/unknown/unknown
[MetadataExtraction] ✅ moultonborough: documents/unknown/unknown
[MetadataExtraction] ✅ moultonborough: documents/unknown/unknown
[MetadataExtraction] ✅ moultonborough: documents/unknown/unknown
[MetadataExtraction] ✅ moultonborough: documents/unknown/unknown
[MetadataExtraction] ✅ moultonborough: documents/unknown/unknown
[MetadataExtraction] ✅ moultonborough: documents/unknown/unknown
[MetadataExtraction] ✅ moultonborough: documents/unknown/unknown
[MetadataExtraction] ✅ moultonborough: documents/unknown/unknown
[MetadataExtraction] ✅ moultonborough: documents/unknown/unknown
[MetadataExtraction] ✅ moultonborough: documents/unknown/unknown
[MetadataExtraction] ✅ moultonborough: documents/unknown/unknown

📊 Progress:
   Batch: 100 extracted, 0 failed
   Total: 5200 extracted, 0 failed
   Remaining: 526 documents
   Rate: 3997.4 docs/min
   Elapsed: 1.3 minutes
   ETA: 0.1 minutes

======================================================================
📦 Batch 53
======================================================================
[MetadataExtraction] Processing 100 documents...
[MetadataExtraction] ✅ moultonborough: documents/unknown/unknown
[MetadataExtraction] ✅ moultonborough: documents/unknown/unknown
[MetadataExtraction] ✅ moultonborough: documents/unknown/unknown
[MetadataExtraction] ✅ moultonborough: documents/unknown/unknown
[MetadataExtraction] ✅ moultonborough: documents/unknown/unknown
[MetadataExtraction] ✅ moultonborough: documents/unknown/unknown
[MetadataExtraction] ✅ moultonborough: documents/unknown/unknown
[MetadataExtraction] ✅ moultonborough: documents/unknown/unknown
[MetadataExtraction] ✅ moultonborough: documents/unknown/unknown
[MetadataExtraction] ✅ moultonborough: documents/unknown/unknown
[MetadataExtraction] ✅ moultonborough: documents/unknown/unknown
[MetadataExtraction] ✅ moultonborough: documents/unknown/unknown
[MetadataExtraction] ✅ moultonborough: documents/unknown/unknown
[MetadataExtraction] ✅ moultonborough: documents/unknown/unknown
[MetadataExtraction] ✅ moultonborough: documents/unknown/unknown
[MetadataExtraction] ✅ moultonborough: documents/unknown/unknown
[MetadataExtraction] ✅ moultonborough: documents/unknown/unknown
[MetadataExtraction] ✅ moultonborough: documents/unknown/unknown
[MetadataExtraction] ✅ moultonborough: documents/unknown/unknown
[MetadataExtraction] ✅ moultonborough: documents/unknown/unknown
[MetadataExtraction] ✅ moultonborough: documents/unknown/unknown
[MetadataExtraction] ✅ moultonborough: documents/unknown/unknown
[MetadataExtraction] ✅ tamworth: documents/unknown/unknown
[MetadataExtraction] ✅ moultonborough: documents/unknown/unknown
[MetadataExtraction] ✅ moultonborough: documents/unknown/2055
[MetadataExtraction] ✅ moultonborough: documents/unknown/2028
[MetadataExtraction] ✅ moultonborough: documents/unknown/2023
[MetadataExtraction] ✅ moultonborough: documents/unknown/2056
[MetadataExtraction] ✅ moultonborough: documents/unknown/2050
[MetadataExtraction] ✅ moultonborough: documents/unknown/2051
[MetadataExtraction] ✅ moultonborough: documents/unknown/2049
[MetadataExtraction] ✅ moultonborough: documents/unknown/2037
[MetadataExtraction] ✅ moultonborough: documents/unknown/2032
[MetadataExtraction] ✅ moultonborough: documents/unknown/2081
[MetadataExtraction] ✅ moultonborough: documents/unknown/2065
[MetadataExtraction] ✅ moultonborough: documents/unknown/2064
[MetadataExtraction] ✅ moultonborough: documents/unknown/2059
[MetadataExtraction] ✅ moultonborough: documents/unknown/2083
[MetadataExtraction] ✅ moultonborough: documents/unknown/2094
[MetadataExtraction] ✅ moultonborough: documents/unknown/2077
[MetadataExtraction] ✅ moultonborough: documents/unknown/2082
[MetadataExtraction] ✅ moultonborough: documents/unknown/2079
[MetadataExtraction] ✅ moultonborough: documents/unknown/unknown
[MetadataExtraction] ✅ moultonborough: documents/unknown/unknown
[MetadataExtraction] ✅ moultonborough: documents/unknown/unknown
[MetadataExtraction] ✅ moultonborough: documents/unknown/unknown
[MetadataExtraction] ✅ moultonborough: documents/unknown/unknown
[MetadataExtraction] ✅ moultonborough: documents/unknown/unknown
[MetadataExtraction] ✅ moultonborough: documents/unknown/unknown
[MetadataExtraction] ✅ moultonborough: documents/unknown/unknown
[MetadataExtraction] ✅ moultonborough: documents/unknown/unknown
[MetadataExtraction] ✅ moultonborough: documents/unknown/unknown
[MetadataExtraction] ✅ moultonborough: documents/unknown/unknown
[MetadataExtraction] ✅ moultonborough: documents/Zoning_Board/2026
[MetadataExtraction] ✅ moultonborough: documents/unknown/2009
[MetadataExtraction] ✅ moultonborough: documents/unknown/unknown
[MetadataExtraction] ✅ moultonborough: documents/unknown/2006
[MetadataExtraction] ✅ moultonborough: documents/unknown/2025
[MetadataExtraction] ✅ moultonborough: documents/unknown/unknown
[MetadataExtraction] ✅ moultonborough: documents/unknown/2005
[MetadataExtraction] ✅ moultonborough: documents/unknown/unknown
[MetadataExtraction] ✅ moultonborough: documents/unknown/2016
[MetadataExtraction] ✅ moultonborough: documents/unknown/2021
[MetadataExtraction] ✅ moultonborough: documents/unknown/2025
[MetadataExtraction] ✅ moultonborough: documents/unknown/2007
[MetadataExtraction] ✅ moultonborough: documents/unknown/2022
[MetadataExtraction] ✅ moultonborough: documents/unknown/2025
[MetadataExtraction] ✅ moultonborough: agendas/unknown/2026
[MetadataExtraction] ✅ moultonborough: agendas/unknown/2026
[MetadataExtraction] ✅ moultonborough: minutes/unknown/2025
[MetadataExtraction] ✅ moultonborough: agendas/unknown/2025
[MetadataExtraction] ✅ moultonborough: minutes/unknown/2025
[MetadataExtraction] ✅ moultonborough: minutes/unknown/2025
[MetadataExtraction] ✅ moultonborough: minutes/unknown/2025
[MetadataExtraction] ✅ moultonborough: agendas/unknown/2020
[MetadataExtraction] ✅ moultonborough: minutes/unknown/2021
[MetadataExtraction] ✅ moultonborough: agendas/unknown/2021
[MetadataExtraction] ✅ moultonborough: agendas/unknown/2025
[MetadataExtraction] ✅ moultonborough: minutes/unknown/2025
[MetadataExtraction] ✅ moultonborough: agendas/unknown/2026
[MetadataExtraction] ✅ moultonborough: agendas/unknown/2026
[MetadataExtraction] ✅ moultonborough: agendas/unknown/2026
[MetadataExtraction] ✅ moultonborough: documents/Board_of_Selectmen/unknown
[MetadataExtraction] ✅ moultonborough: documents/unknown/unknown
[MetadataExtraction] ✅ moultonborough: documents/unknown/unknown
[MetadataExtraction] ✅ moultonborough: documents/unknown/unknown
[MetadataExtraction] ✅ moultonborough: documents/unknown/2013
[MetadataExtraction] ✅ moultonborough: documents/unknown/unknown
[MetadataExtraction] ✅ moultonborough: documents/unknown/unknown
[MetadataExtraction] ✅ moultonborough: documents/unknown/unknown
[MetadataExtraction] ✅ moultonborough: documents/unknown/2026
[MetadataExtraction] ✅ moultonborough: documents/unknown/unknown
[MetadataExtraction] ✅ moultonborough: documents/unknown/unknown
[MetadataExtraction] ✅ moultonborough: documents/unknown/unknown
[MetadataExtraction] ✅ moultonborough: documents/unknown/unknown
[MetadataExtraction] ✅ moultonborough: documents/unknown/unknown
[MetadataExtraction] ✅ moultonborough: documents/unknown/unknown
[MetadataExtraction] ✅ moultonborough: documents/unknown/unknown
[MetadataExtraction] ✅ moultonborough: forms/unknown/unknown
[MetadataExtraction] ✅ moultonborough: documents/unknown/unknown

📊 Progress:
   Batch: 100 extracted, 0 failed
   Total: 5300 extracted, 0 failed
   Remaining: 426 documents
   Rate: 3995.9 docs/min
   Elapsed: 1.3 minutes
   ETA: 0.1 minutes

======================================================================
📦 Batch 54
======================================================================
[MetadataExtraction] Processing 100 documents...
[MetadataExtraction] ✅ moultonborough: documents/unknown/2024
[MetadataExtraction] ✅ moultonborough: documents/unknown/2025
[MetadataExtraction] ✅ moultonborough: budget/unknown/2019
[MetadataExtraction] ✅ tamworth: documents/unknown/unknown
[MetadataExtraction] ✅ moultonborough: documents/unknown/unknown
[MetadataExtraction] ✅ moultonborough: documents/unknown/unknown
[MetadataExtraction] ✅ moultonborough: documents/unknown/unknown
[MetadataExtraction] ✅ moultonborough: documents/unknown/unknown
[MetadataExtraction] ✅ moultonborough: documents/unknown/2024
[MetadataExtraction] ✅ moultonborough: documents/unknown/2023
[MetadataExtraction] ✅ moultonborough: documents/unknown/2022
[MetadataExtraction] ✅ moultonborough: documents/unknown/2020
[MetadataExtraction] ✅ moultonborough: documents/unknown/2020
[MetadataExtraction] ✅ moultonborough: documents/unknown/2020
[MetadataExtraction] ✅ moultonborough: documents/unknown/2018
[MetadataExtraction] ✅ moultonborough: documents/unknown/2016
[MetadataExtraction] ✅ moultonborough: documents/unknown/2012
[MetadataExtraction] ✅ moultonborough: documents/unknown/2010
[MetadataExtraction] ✅ moultonborough: documents/unknown/2025
[MetadataExtraction] ✅ moultonborough: documents/unknown/2024
[MetadataExtraction] ✅ moultonborough: documents/unknown/2024
[MetadataExtraction] ✅ moultonborough: budget/unknown/2026
[MetadataExtraction] ✅ moultonborough: documents/unknown/2024
[MetadataExtraction] ✅ moultonborough: documents/unknown/2023
[MetadataExtraction] ✅ moultonborough: budget/unknown/2021
[MetadataExtraction] ✅ moultonborough: documents/unknown/2020
[MetadataExtraction] ✅ moultonborough: budget/unknown/unknown
[MetadataExtraction] ✅ moultonborough: documents/unknown/2019
[MetadataExtraction] ✅ moultonborough: budget/unknown/2018
[MetadataExtraction] ✅ moultonborough: documents/unknown/2002
[MetadataExtraction] ✅ moultonborough: documents/unknown/unknown
[MetadataExtraction] ✅ moultonborough: documents/unknown/unknown
[MetadataExtraction] ✅ moultonborough: documents/unknown/unknown
[MetadataExtraction] ✅ moultonborough: documents/unknown/unknown
[MetadataExtraction] ✅ moultonborough: documents/unknown/unknown
[MetadataExtraction] ✅ moultonborough: documents/unknown/2024
[MetadataExtraction] ✅ moultonborough: documents/unknown/2022
[MetadataExtraction] ✅ moultonborough: documents/unknown/2022
[MetadataExtraction] ✅ moultonborough: documents/unknown/2019
[MetadataExtraction] ✅ moultonborough: documents/unknown/2016
[MetadataExtraction] ✅ moultonborough: documents/unknown/2014
[MetadataExtraction] ✅ moultonborough: documents/unknown/unknown
[MetadataExtraction] ✅ moultonborough: documents/unknown/unknown
[MetadataExtraction] ✅ moultonborough: documents/unknown/unknown
[MetadataExtraction] ✅ moultonborough: documents/unknown/unknown
[MetadataExtraction] ✅ moultonborough: documents/unknown/2013
[MetadataExtraction] ✅ moultonborough: documents/unknown/2013
[MetadataExtraction] ✅ moultonborough: documents/unknown/2013
[MetadataExtraction] ✅ moultonborough: documents/unknown/2018
[MetadataExtraction] ✅ moultonborough: documents/unknown/unknown
[MetadataExtraction] ✅ moultonborough: forms/unknown/unknown
[MetadataExtraction] ✅ moultonborough: documents/unknown/unknown
[MetadataExtraction] ✅ moultonborough: documents/unknown/unknown
[MetadataExtraction] ✅ moultonborough: documents/unknown/unknown
[MetadataExtraction] ✅ moultonborough: documents/unknown/unknown
[MetadataExtraction] ✅ moultonborough: documents/unknown/unknown
[MetadataExtraction] ✅ moultonborough: documents/unknown/unknown
[MetadataExtraction] ✅ moultonborough: documents/unknown/2014
[MetadataExtraction] ✅ moultonborough: forms/unknown/unknown
[MetadataExtraction] ✅ moultonborough: documents/unknown/unknown
[MetadataExtraction] ✅ moultonborough: documents/unknown/unknown
[MetadataExtraction] ✅ moultonborough: documents/unknown/2015
[MetadataExtraction] ✅ moultonborough: documents/unknown/2016
[MetadataExtraction] ✅ moultonborough: documents/unknown/unknown
[MetadataExtraction] ✅ moultonborough: reports/unknown/2014
[MetadataExtraction] ✅ moultonborough: documents/Conservation_Commission/2023
[MetadataExtraction] ✅ moultonborough: documents/unknown/unknown
[MetadataExtraction] ✅ moultonborough: documents/unknown/unknown
[MetadataExtraction] ✅ moultonborough: reports/unknown/2019
[MetadataExtraction] ✅ moultonborough: reports/unknown/2012
[MetadataExtraction] ✅ moultonborough: reports/unknown/2017
[MetadataExtraction] ✅ moultonborough: documents/unknown/2018
[MetadataExtraction] ✅ moultonborough: documents/unknown/2019
[MetadataExtraction] ✅ moultonborough: documents/unknown/unknown
[MetadataExtraction] ✅ moultonborough: documents/unknown/2022
[MetadataExtraction] ✅ moultonborough: documents/unknown/2019
[MetadataExtraction] ✅ moultonborough: documents/unknown/2019
[MetadataExtraction] ✅ moultonborough: documents/unknown/2019
[MetadataExtraction] ✅ moultonborough: documents/unknown/2019
[MetadataExtraction] ✅ moultonborough: documents/unknown/2018
[MetadataExtraction] ✅ moultonborough: documents/unknown/2017
[MetadataExtraction] ✅ moultonborough: documents/unknown/2015
[MetadataExtraction] ✅ moultonborough: documents/unknown/unknown
[MetadataExtraction] ✅ moultonborough: documents/unknown/unknown
[MetadataExtraction] ✅ moultonborough: documents/unknown/unknown
[MetadataExtraction] ✅ moultonborough: documents/unknown/unknown
[MetadataExtraction] ✅ moultonborough: documents/unknown/2011
[MetadataExtraction] ✅ moultonborough: documents/unknown/unknown
[MetadataExtraction] ✅ moultonborough: documents/unknown/unknown
[MetadataExtraction] ✅ moultonborough: reports/unknown/unknown
[MetadataExtraction] ✅ moultonborough: documents/unknown/2025
[MetadataExtraction] ✅ moultonborough: documents/unknown/unknown
[MetadataExtraction] ✅ moultonborough: documents/unknown/2015
[MetadataExtraction] ✅ moultonborough: documents/unknown/2010
[MetadataExtraction] ✅ moultonborough: documents/unknown/unknown
[MetadataExtraction] ✅ moultonborough: documents/unknown/2021
[MetadataExtraction] ✅ moultonborough: documents/unknown/unknown
[MetadataExtraction] ✅ moultonborough: documents/unknown/unknown
[MetadataExtraction] ✅ moultonborough: documents/unknown/unknown
[MetadataExtraction] ✅ moultonborough: documents/unknown/2025

📊 Progress:
   Batch: 100 extracted, 0 failed
   Total: 5400 extracted, 0 failed
   Remaining: 326 documents
   Rate: 3994.9 docs/min
   Elapsed: 1.4 minutes
   ETA: 0.1 minutes

======================================================================
📦 Batch 55
======================================================================
[MetadataExtraction] Processing 100 documents...
[MetadataExtraction] ✅ moultonborough: documents/unknown/unknown
[MetadataExtraction] ✅ moultonborough: documents/unknown/unknown
[MetadataExtraction] ✅ jackson: documents/unknown/2025
[MetadataExtraction] ✅ jackson: documents/unknown/2025
[MetadataExtraction] ✅ jackson: documents/unknown/2025
[MetadataExtraction] ✅ jackson: documents/unknown/2025
[MetadataExtraction] ✅ jackson: documents/unknown/2025
[MetadataExtraction] ✅ jackson: documents/unknown/2025
[MetadataExtraction] ✅ jackson: documents/unknown/2025
[MetadataExtraction] ✅ jackson: documents/unknown/2025
[MetadataExtraction] ✅ jackson: documents/unknown/2025
[MetadataExtraction] ✅ jackson: documents/unknown/2025
[MetadataExtraction] ✅ jackson: documents/unknown/2025
[MetadataExtraction] ✅ jackson: documents/unknown/2025
[MetadataExtraction] ✅ jackson: documents/unknown/2025
[MetadataExtraction] ✅ jackson: documents/unknown/2025
[MetadataExtraction] ✅ jackson: documents/unknown/2025
[MetadataExtraction] ✅ jackson: documents/unknown/2025
[MetadataExtraction] ✅ jackson: documents/unknown/2025
[MetadataExtraction] ✅ jackson: documents/unknown/2025
[MetadataExtraction] ✅ jackson: documents/unknown/2025
[MetadataExtraction] ✅ jackson: documents/unknown/2025
[MetadataExtraction] ✅ jackson: documents/unknown/2025
[MetadataExtraction] ✅ jackson: documents/unknown/2025
[MetadataExtraction] ✅ jackson: documents/unknown/2025
[MetadataExtraction] ✅ jackson: documents/unknown/2025
[MetadataExtraction] ✅ jackson: minutes/unknown/2025
[MetadataExtraction] ✅ tuftonboro: documents/unknown/2022
[MetadataExtraction] ✅ tuftonboro: documents/unknown/2016
[MetadataExtraction] ✅ tuftonboro: documents/unknown/2026
[MetadataExtraction] ✅ tuftonboro: documents/unknown/2026
[MetadataExtraction] ✅ ossipee: documents/unknown/2019
[MetadataExtraction] ✅ ossipee: documents/unknown/unknown
[MetadataExtraction] ✅ ossipee: documents/unknown/2016
[MetadataExtraction] ✅ freedom: forms/unknown/2018
[MetadataExtraction] ✅ ossipee: documents/unknown/2025
[MetadataExtraction] ✅ ossipee: forms/unknown/unknown
[MetadataExtraction] ✅ ossipee: forms/unknown/unknown
[MetadataExtraction] ✅ ossipee: documents/unknown/unknown
[MetadataExtraction] ✅ ossipee: agendas/unknown/2026
[MetadataExtraction] ✅ ossipee: agendas/unknown/unknown
[MetadataExtraction] ✅ tamworth: ordinances/unknown/unknown
[MetadataExtraction] ✅ tamworth: documents/unknown/2025
[MetadataExtraction] ✅ tamworth: ordinances/unknown/unknown
[MetadataExtraction] ✅ tamworth: ordinances/unknown/2024
[MetadataExtraction] ✅ tamworth: documents/unknown/unknown
[MetadataExtraction] ✅ tamworth: documents/unknown/2022
[MetadataExtraction] ✅ tamworth: documents/unknown/unknown
[MetadataExtraction] ✅ tamworth: documents/unknown/2026
[MetadataExtraction] ✅ tamworth: documents/unknown/unknown
[MetadataExtraction] ✅ tamworth: documents/unknown/2009
[MetadataExtraction] ✅ tamworth: documents/unknown/2011
[MetadataExtraction] ✅ tamworth: documents/unknown/2013
[MetadataExtraction] ✅ tamworth: minutes/unknown/2014
[MetadataExtraction] ✅ tamworth: minutes/unknown/2015
[MetadataExtraction] ✅ tamworth: reports/unknown/2016
[MetadataExtraction] ✅ tamworth: documents/unknown/2016
[MetadataExtraction] ✅ tamworth: documents/unknown/2018
[MetadataExtraction] ✅ tamworth: documents/unknown/2020
[MetadataExtraction] ✅ tamworth: minutes/unknown/2023
[MetadataExtraction] ✅ tamworth: minutes/unknown/2024
[MetadataExtraction] ✅ tamworth: documents/unknown/unknown
[MetadataExtraction] ✅ tamworth: documents/unknown/unknown
[MetadataExtraction] ✅ tamworth: documents/unknown/unknown
[MetadataExtraction] ✅ tamworth: documents/unknown/unknown
[MetadataExtraction] ✅ tamworth: documents/unknown/unknown
[MetadataExtraction] ✅ tamworth: documents/unknown/unknown
[MetadataExtraction] ✅ tamworth: documents/unknown/unknown
[MetadataExtraction] ✅ tamworth: documents/unknown/unknown
[MetadataExtraction] ✅ tamworth: documents/unknown/unknown
[MetadataExtraction] ✅ tamworth: documents/unknown/unknown
[MetadataExtraction] ✅ tamworth: documents/unknown/unknown
[MetadataExtraction] ✅ tamworth: documents/unknown/unknown
[MetadataExtraction] ✅ tamworth: documents/unknown/unknown
[MetadataExtraction] ✅ tamworth: documents/Zoning_Board/unknown
[MetadataExtraction] ✅ tamworth: documents/unknown/unknown
[MetadataExtraction] ✅ tamworth: agendas/unknown/2025
[MetadataExtraction] ✅ tamworth: agendas/unknown/2025
[MetadataExtraction] ✅ tamworth: minutes/unknown/2025
[MetadataExtraction] ✅ tamworth: agendas/unknown/2042
[MetadataExtraction] ✅ tamworth: agendas/unknown/2025
[MetadataExtraction] ✅ tamworth: agendas/unknown/2025
[MetadataExtraction] ✅ tamworth: agendas/unknown/2025
[MetadataExtraction] ✅ tamworth: agendas/unknown/2020
[MetadataExtraction] ✅ tamworth: agendas/unknown/2025
[MetadataExtraction] ✅ tamworth: agendas/unknown/2025
[MetadataExtraction] ✅ tamworth: agendas/unknown/2025
[MetadataExtraction] ✅ tamworth: agendas/unknown/2025
[MetadataExtraction] ✅ tamworth: agendas/unknown/2025
[MetadataExtraction] ✅ tamworth: agendas/unknown/2025
[MetadataExtraction] ✅ tamworth: agendas/unknown/2025
[MetadataExtraction] ✅ tamworth: agendas/unknown/2025
[MetadataExtraction] ✅ tamworth: agendas/unknown/2025
[MetadataExtraction] ✅ tamworth: agendas/unknown/2025
[MetadataExtraction] ✅ tamworth: agendas/unknown/2025
[MetadataExtraction] ✅ tamworth: agendas/unknown/2025
[MetadataExtraction] ✅ tamworth: minutes/unknown/2025
[MetadataExtraction] ✅ tamworth: agendas/unknown/2025
[MetadataExtraction] ✅ tamworth: agendas/unknown/2025
[MetadataExtraction] ✅ tamworth: agendas/unknown/2025

📊 Progress:
   Batch: 100 extracted, 0 failed
   Total: 5500 extracted, 0 failed
   Remaining: 226 documents
   Rate: 3994.3 docs/min
   Elapsed: 1.4 minutes
   ETA: 0.1 minutes

======================================================================
📦 Batch 56
======================================================================
[MetadataExtraction] Processing 100 documents...
[MetadataExtraction] ✅ tamworth: agendas/unknown/2025
[MetadataExtraction] ✅ tamworth: agendas/unknown/2062
[MetadataExtraction] ✅ tamworth: agendas/unknown/2025
[MetadataExtraction] ✅ tamworth: agendas/unknown/2025
[MetadataExtraction] ✅ tamworth: agendas/unknown/2025
[MetadataExtraction] ✅ tamworth: agendas/unknown/2025
[MetadataExtraction] ✅ tamworth: agendas/unknown/2025
[MetadataExtraction] ✅ tamworth: agendas/unknown/2025
[MetadataExtraction] ✅ tamworth: agendas/unknown/2025
[MetadataExtraction] ✅ tamworth: agendas/unknown/2025
[MetadataExtraction] ✅ tamworth: agendas/unknown/2025
[MetadataExtraction] ✅ tamworth: agendas/unknown/2025
[MetadataExtraction] ✅ tamworth: agendas/unknown/2025
[MetadataExtraction] ✅ tamworth: minutes/unknown/2025
[MetadataExtraction] ✅ tamworth: agendas/unknown/2026
[MetadataExtraction] ✅ tamworth: agendas/unknown/2026
[MetadataExtraction] ✅ tamworth: agendas/unknown/2025
[MetadataExtraction] ✅ tamworth: agendas/unknown/2025
[MetadataExtraction] ✅ tamworth: agendas/unknown/2025
[MetadataExtraction] ✅ tamworth: minutes/unknown/2025
[MetadataExtraction] ✅ tamworth: agendas/unknown/2025
[MetadataExtraction] ✅ tamworth: agendas/unknown/2025
[MetadataExtraction] ✅ tamworth: agendas/unknown/2025
[MetadataExtraction] ✅ tamworth: minutes/unknown/2025
[MetadataExtraction] ✅ tamworth: agendas/unknown/2025
[MetadataExtraction] ✅ tamworth: agendas/unknown/2025
[MetadataExtraction] ✅ tamworth: agendas/unknown/2052
[MetadataExtraction] ✅ tamworth: minutes/unknown/2025
[MetadataExtraction] ✅ tamworth: agendas/unknown/2025
[MetadataExtraction] ✅ tamworth: agendas/unknown/2025
[MetadataExtraction] ✅ tamworth: agendas/unknown/2025
[MetadataExtraction] ✅ tamworth: agendas/unknown/2025
[MetadataExtraction] ✅ tamworth: minutes/unknown/2025
[MetadataExtraction] ✅ tamworth: documents/unknown/unknown
[MetadataExtraction] ✅ tamworth: documents/unknown/2021
[MetadataExtraction] ✅ tamworth: documents/unknown/2021
[MetadataExtraction] ✅ tamworth: documents/unknown/2021
[MetadataExtraction] ✅ tamworth: documents/unknown/2022
[MetadataExtraction] ✅ tamworth: documents/unknown/2022
[MetadataExtraction] ✅ tamworth: documents/unknown/2022
[MetadataExtraction] ✅ tamworth: documents/unknown/2023
[MetadataExtraction] ✅ tamworth: documents/unknown/2023
[MetadataExtraction] ✅ tamworth: documents/unknown/unknown
[MetadataExtraction] ✅ tamworth: documents/unknown/2024
[MetadataExtraction] ✅ tamworth: documents/unknown/2024
[MetadataExtraction] ✅ tamworth: documents/unknown/2024
[MetadataExtraction] ✅ tamworth: documents/unknown/2025
[MetadataExtraction] ✅ tamworth: documents/unknown/2025
[MetadataExtraction] ✅ tamworth: documents/unknown/2024
[MetadataExtraction] ✅ tamworth: documents/unknown/unknown
[MetadataExtraction] ✅ tamworth: documents/unknown/unknown
[MetadataExtraction] ✅ tamworth: documents/unknown/unknown
[MetadataExtraction] ✅ tamworth: documents/unknown/unknown
[MetadataExtraction] ✅ tamworth: documents/unknown/2025
[MetadataExtraction] ✅ tamworth: documents/unknown/2025
[MetadataExtraction] ✅ tamworth: documents/unknown/2025
[MetadataExtraction] ✅ tamworth: documents/unknown/unknown
[MetadataExtraction] ✅ tamworth: documents/unknown/unknown
[MetadataExtraction] ✅ tamworth: documents/unknown/2025
[MetadataExtraction] ✅ tamworth: documents/unknown/unknown
[MetadataExtraction] ✅ tamworth: documents/unknown/unknown
[MetadataExtraction] ✅ tamworth: documents/unknown/unknown
[MetadataExtraction] ✅ tamworth: agendas/unknown/2025
[MetadataExtraction] ✅ tamworth: agendas/unknown/2025
[MetadataExtraction] ✅ tamworth: agendas/unknown/2026
[MetadataExtraction] ✅ wolfeboro: documents/unknown/unknown
[MetadataExtraction] ✅ wolfeboro: documents/Conservation_Commission/unknown
[MetadataExtraction] ✅ wolfeboro: documents/unknown/unknown
[MetadataExtraction] ✅ wolfeboro: reports/unknown/unknown
[MetadataExtraction] ✅ wolfeboro: documents/unknown/unknown
[MetadataExtraction] ✅ wolfeboro: documents/unknown/unknown
[MetadataExtraction] ✅ wolfeboro: documents/unknown/unknown
[MetadataExtraction] ✅ wolfeboro: documents/unknown/unknown
[MetadataExtraction] ✅ wolfeboro: documents/unknown/2017
[MetadataExtraction] ✅ wolfeboro: documents/unknown/2019
[MetadataExtraction] ✅ wolfeboro: documents/unknown/2019
[MetadataExtraction] ✅ wolfeboro: documents/unknown/2021
[MetadataExtraction] ✅ wolfeboro: documents/unknown/unknown
[MetadataExtraction] ✅ wolfeboro: documents/unknown/2023
[MetadataExtraction] ✅ wolfeboro: documents/unknown/unknown
[MetadataExtraction] ✅ wolfeboro: documents/Zoning_Board/2026
[MetadataExtraction] ✅ wolfeboro: documents/unknown/unknown
[MetadataExtraction] ✅ wolfeboro: documents/unknown/unknown
[MetadataExtraction] ✅ wolfeboro: documents/unknown/unknown
[MetadataExtraction] ✅ wolfeboro: documents/unknown/unknown
[MetadataExtraction] ✅ wolfeboro: documents/unknown/unknown
[MetadataExtraction] ✅ wolfeboro: documents/unknown/unknown
[MetadataExtraction] ✅ wolfeboro: documents/unknown/unknown
[MetadataExtraction] ✅ wolfeboro: documents/unknown/unknown
[MetadataExtraction] ✅ wolfeboro: documents/unknown/unknown
[MetadataExtraction] ✅ wolfeboro: documents/unknown/2020
[MetadataExtraction] ✅ wolfeboro: documents/unknown/unknown
[MetadataExtraction] ✅ wolfeboro: documents/unknown/unknown
[MetadataExtraction] ✅ wolfeboro: documents/unknown/unknown
[MetadataExtraction] ✅ wolfeboro: documents/unknown/unknown
[MetadataExtraction] ✅ wolfeboro: documents/unknown/unknown
[MetadataExtraction] ✅ wolfeboro: reports/unknown/2025
[MetadataExtraction] ✅ wolfeboro: reports/unknown/unknown
[MetadataExtraction] ✅ wolfeboro: reports/unknown/unknown
[MetadataExtraction] ✅ wolfeboro: documents/unknown/unknown

📊 Progress:
   Batch: 100 extracted, 0 failed
   Total: 5600 extracted, 0 failed
   Remaining: 126 documents
   Rate: 3994.2 docs/min
   Elapsed: 1.4 minutes
   ETA: 0.0 minutes

======================================================================
📦 Batch 57
======================================================================
[MetadataExtraction] Processing 100 documents...
[MetadataExtraction] ✅ wolfeboro: documents/unknown/unknown
[MetadataExtraction] ✅ wolfeboro: documents/unknown/unknown
[MetadataExtraction] ✅ wolfeboro: documents/unknown/unknown
[MetadataExtraction] ✅ wolfeboro: documents/unknown/unknown
[MetadataExtraction] ✅ wolfeboro: documents/unknown/unknown
[MetadataExtraction] ✅ wolfeboro: documents/unknown/unknown
[MetadataExtraction] ✅ wolfeboro: documents/unknown/unknown
[MetadataExtraction] ✅ wolfeboro: documents/unknown/unknown
[MetadataExtraction] ✅ wolfeboro: documents/unknown/2025
[MetadataExtraction] ✅ wolfeboro: documents/unknown/2025
[MetadataExtraction] ✅ wolfeboro: documents/unknown/2026
[MetadataExtraction] ✅ wolfeboro: documents/unknown/2025
[MetadataExtraction] ✅ wolfeboro: documents/unknown/2011
[MetadataExtraction] ✅ wolfeboro: documents/unknown/2019
[MetadataExtraction] ✅ wolfeboro: documents/unknown/2024
[MetadataExtraction] ✅ wolfeboro: documents/unknown/unknown
[MetadataExtraction] ✅ wolfeboro: documents/unknown/unknown
[MetadataExtraction] ✅ wolfeboro: documents/unknown/unknown
[MetadataExtraction] ✅ wolfeboro: documents/unknown/unknown
[MetadataExtraction] ✅ wolfeboro: documents/unknown/unknown
[MetadataExtraction] ✅ wolfeboro: documents/unknown/unknown
[MetadataExtraction] ✅ wolfeboro: documents/unknown/unknown
[MetadataExtraction] ✅ wolfeboro: documents/unknown/unknown
[MetadataExtraction] ✅ wolfeboro: documents/unknown/unknown
[MetadataExtraction] ✅ wolfeboro: documents/unknown/unknown
[MetadataExtraction] ✅ wolfeboro: documents/unknown/unknown
[MetadataExtraction] ✅ wolfeboro: documents/unknown/unknown
[MetadataExtraction] ✅ wolfeboro: documents/unknown/unknown
[MetadataExtraction] ✅ wolfeboro: documents/unknown/unknown
[MetadataExtraction] ✅ wolfeboro: documents/unknown/unknown
[MetadataExtraction] ✅ wolfeboro: documents/unknown/unknown
[MetadataExtraction] ✅ wolfeboro: documents/unknown/unknown
[MetadataExtraction] ✅ wolfeboro: documents/unknown/unknown
[MetadataExtraction] ✅ wolfeboro: documents/unknown/unknown
[MetadataExtraction] ✅ wolfeboro: documents/unknown/unknown
[MetadataExtraction] ✅ wolfeboro: documents/unknown/unknown
[MetadataExtraction] ✅ wolfeboro: documents/unknown/unknown
[MetadataExtraction] ✅ wolfeboro: forms/unknown/unknown
[MetadataExtraction] ✅ wolfeboro: documents/unknown/unknown
[MetadataExtraction] ✅ wolfeboro: documents/unknown/unknown
[MetadataExtraction] ✅ wolfeboro: ordinances/unknown/unknown
[MetadataExtraction] ✅ wolfeboro: reports/unknown/unknown
[MetadataExtraction] ✅ wolfeboro: documents/unknown/2024
[MetadataExtraction] ✅ wolfeboro: documents/unknown/unknown
[MetadataExtraction] ✅ wolfeboro: forms/unknown/2026
[MetadataExtraction] ✅ wolfeboro: documents/unknown/unknown
[MetadataExtraction] ✅ wolfeboro: documents/unknown/unknown
[MetadataExtraction] ✅ wolfeboro: documents/unknown/unknown
[MetadataExtraction] ✅ wolfeboro: documents/unknown/unknown
[MetadataExtraction] ✅ wolfeboro: documents/unknown/unknown
[MetadataExtraction] ✅ wolfeboro: documents/unknown/2017
[MetadataExtraction] ✅ wolfeboro: documents/Board_of_Selectmen/2023
[MetadataExtraction] ✅ wolfeboro: reports/unknown/unknown
[MetadataExtraction] ✅ wolfeboro: documents/unknown/unknown
[MetadataExtraction] ✅ wakefield: documents/unknown/unknown
[MetadataExtraction] ✅ wolfeboro: documents/unknown/unknown
[MetadataExtraction] ✅ wolfeboro: reports/unknown/2010
[MetadataExtraction] ✅ wolfeboro: reports/unknown/2021
[MetadataExtraction] ✅ wolfeboro: documents/unknown/unknown
[MetadataExtraction] ✅ wolfeboro: documents/Board_of_Selectmen/2023
[MetadataExtraction] ✅ wolfeboro: documents/unknown/unknown
[MetadataExtraction] ✅ wakefield: documents/unknown/unknown
[MetadataExtraction] ✅ wakefield: agendas/unknown/2026
[MetadataExtraction] ✅ wakefield: documents/unknown/unknown
[MetadataExtraction] ✅ wakefield: documents/unknown/unknown
[MetadataExtraction] ✅ wakefield: agendas/unknown/unknown
[MetadataExtraction] ✅ wakefield: forms/unknown/unknown
[MetadataExtraction] ✅ wakefield: documents/unknown/2025
[MetadataExtraction] ✅ wakefield: documents/unknown/2025
[MetadataExtraction] ✅ wakefield: documents/unknown/2025
[MetadataExtraction] ✅ wakefield: forms/unknown/unknown
[MetadataExtraction] ✅ wakefield: documents/unknown/2016
[MetadataExtraction] ✅ wakefield: forms/unknown/2025
[MetadataExtraction] ✅ wakefield: documents/unknown/2025
[MetadataExtraction] ✅ wakefield: documents/unknown/2025
[MetadataExtraction] ✅ wakefield: documents/unknown/unknown
[MetadataExtraction] ✅ wakefield: forms/unknown/unknown
[MetadataExtraction] ✅ wakefield: documents/unknown/2025
[MetadataExtraction] ✅ wakefield: forms/unknown/2025
[MetadataExtraction] ✅ wakefield: documents/unknown/2025
[MetadataExtraction] ✅ wakefield: documents/unknown/2026
[MetadataExtraction] ✅ wakefield: forms/unknown/2025
[MetadataExtraction] ✅ wakefield: documents/unknown/2025
[MetadataExtraction] ✅ wakefield: documents/unknown/unknown
[MetadataExtraction] ✅ wakefield: documents/unknown/2024
[MetadataExtraction] ✅ wakefield: forms/unknown/unknown
[MetadataExtraction] ✅ wakefield: documents/unknown/2024
[MetadataExtraction] ✅ wakefield: documents/unknown/unknown
[MetadataExtraction] ✅ wakefield: documents/unknown/unknown
[MetadataExtraction] ✅ wakefield: documents/unknown/unknown
[MetadataExtraction] ✅ wakefield: documents/unknown/unknown
[MetadataExtraction] ✅ wakefield: documents/unknown/unknown
[MetadataExtraction] ✅ wakefield: documents/unknown/unknown
[MetadataExtraction] ✅ wakefield: forms/unknown/unknown
[MetadataExtraction] ✅ wakefield: documents/unknown/unknown
[MetadataExtraction] ✅ wakefield: documents/unknown/2025
[MetadataExtraction] ✅ wakefield: documents/unknown/2024
[MetadataExtraction] ✅ wakefield: documents/unknown/unknown
[MetadataExtraction] ✅ wakefield: documents/unknown/2016
[MetadataExtraction] ✅ wakefield: documents/unknown/2016

📊 Progress:
   Batch: 100 extracted, 0 failed
   Total: 5700 extracted, 0 failed
   Remaining: 26 documents
   Rate: 3994.0 docs/min
   Elapsed: 1.4 minutes
   ETA: 0.0 minutes

======================================================================
📦 Batch 58
======================================================================
[MetadataExtraction] Processing 26 documents...
[MetadataExtraction] ✅ wakefield: documents/unknown/unknown
[MetadataExtraction] ✅ wakefield: forms/unknown/unknown
[MetadataExtraction] ✅ wakefield: documents/unknown/2025
[MetadataExtraction] ✅ wakefield: documents/unknown/2025
[MetadataExtraction] ✅ wakefield: documents/unknown/2023
[MetadataExtraction] ✅ wakefield: documents/unknown/unknown
[MetadataExtraction] ✅ wakefield: documents/unknown/2026
[MetadataExtraction] ✅ wakefield: documents/unknown/2026
[MetadataExtraction] ✅ wakefield: forms/unknown/unknown
[MetadataExtraction] ✅ wakefield: documents/unknown/2026
[MetadataExtraction] ✅ wakefield: forms/unknown/unknown
[MetadataExtraction] ✅ wakefield: documents/unknown/unknown
[MetadataExtraction] ✅ wakefield: forms/unknown/2025
[MetadataExtraction] ✅ wakefield: documents/unknown/2024
[MetadataExtraction] ✅ wakefield: documents/unknown/2023
[MetadataExtraction] ✅ wakefield: documents/unknown/2016
[MetadataExtraction] ✅ wakefield: documents/unknown/unknown
[MetadataExtraction] ✅ wakefield: forms/unknown/unknown
[MetadataExtraction] ✅ wakefield: documents/unknown/unknown
[MetadataExtraction] ✅ wakefield: documents/unknown/unknown
[MetadataExtraction] ✅ wakefield: reports/unknown/unknown
[MetadataExtraction] ✅ wakefield: agendas/unknown/unknown
[MetadataExtraction] ✅ wakefield: agendas/unknown/unknown
[MetadataExtraction] ✅ wakefield: agendas/unknown/unknown
[MetadataExtraction] ✅ wakefield: agendas/unknown/unknown
[MetadataExtraction] ✅ wakefield: agendas/unknown/unknown

📊 Progress:
   Batch: 26 extracted, 0 failed
   Total: 5726 extracted, 0 failed
   Remaining: 0 documents
   Rate: 3959.1 docs/min
   Elapsed: 1.4 minutes

======================================================================
📦 Batch 59
======================================================================
[MetadataExtraction] No documents to process
✅ No more documents to process


======================================================================
📊 FINAL SUMMARY
======================================================================
✅ Processed: 5726 documents
📋 Extracted: 5726 metadata records
❌ Failed: 0
⏱️  Duration: 1.4 minutes
⚡ Rate: 4090.0 docs/min

📊 Final Database Status:
   Total Uploaded:    19379
   Extracted:         19379
   Needs Extraction:  0

