[2026-02-12T04:26:17.472Z] 🚀 Document Uploader Service starting...
[2026-02-12T04:26:17.486Z]    S3 Bucket: opencouncil-municipal-docs
[2026-02-12T04:26:17.486Z]    Upload Queue: /home/ubuntu/.openclaw/workspace/OPENCouncil/upload-queue
[2026-02-12T04:26:17.487Z]    Temp Dir: /tmp/opencouncil-docs
[2026-02-12T04:26:17.488Z] 👀 Watching upload queue directory...
[2026-02-12T04:26:17.488Z] ✅ Service initialized and watching for uploads
[2026-02-12T04:30:49.143Z] 📬 New upload queue detected: albany-1770870649141.json
[2026-02-12T04:30:49.143Z] 📬 New upload queue detected: albany-1770870649141.json
[2026-02-12T04:30:50.146Z] 📋 Found 1 upload queue(s)
[2026-02-12T04:30:50.146Z] 📋 Found 1 upload queue(s)
[2026-02-12T04:30:50.147Z] 📦 Processing upload queue: albany-1770870649141.json
[2026-02-12T04:30:50.147Z] 📦 Processing upload queue: albany-1770870649141.json
[2026-02-12T04:30:50.225Z] ❌ S3 upload failed for albany/misc/general/2013/MasterPlanFinal.pdf: The request signature we calculated does not match the signature you provided. Check your key and signing method.
[2026-02-12T04:30:50.261Z] ❌ S3 upload failed for albany/misc/general/2025/SKM_C3320i25052910130.pdf: The request signature we calculated does not match the signature you provided. Check your key and signing method.
[2026-02-12T04:30:50.291Z] ❌ S3 upload failed for albany/misc/general/2013/MasterPlanFinal.pdf: The request signature we calculated does not match the signature you provided. Check your key and signing method.
[2026-02-12T04:30:50.293Z] ❌ S3 upload failed for albany/misc/general/2025/SKM_C3320i25111308410-1.pdf: The request signature we calculated does not match the signature you provided. Check your key and signing method.
[2026-02-12T04:30:50.333Z] ❌ S3 upload failed for albany/misc/general/2026/SKM_C3320i26020414210.pdf: The request signature we calculated does not match the signature you provided. Check your key and signing method.
[2026-02-12T04:30:50.362Z] ❌ S3 upload failed for albany/misc/general/2026/SKM_C3320i26020414211.pdf: The request signature we calculated does not match the signature you provided. Check your key and signing method.
[2026-02-12T04:30:50.377Z] ❌ S3 upload failed for albany/misc/general/2025/SKM_C3320i25052910130.pdf: The request signature we calculated does not match the signature you provided. Check your key and signing method.
[2026-02-12T04:30:50.395Z] ❌ S3 upload failed for albany/warrants/general/2025/2025-Warrant-signed-02202025.pdf: The request signature we calculated does not match the signature you provided. Check your key and signing method.
[2026-02-12T04:30:50.432Z] ❌ S3 upload failed for albany/misc/general/2025/Signed-MS-636-2025.pdf: The request signature we calculated does not match the signature you provided. Check your key and signing method.
[2026-02-12T04:30:50.468Z] ❌ S3 upload failed for albany/misc/general/2025/SKM_C3320i25111308410-1.pdf: The request signature we calculated does not match the signature you provided. Check your key and signing method.
[2026-02-12T04:30:50.472Z] ❌ S3 upload failed for albany/reports/general/2025/Albany-Town-Report-2024-proof.pdf: The request signature we calculated does not match the signature you provided. Check your key and signing method.
[2026-02-12T04:30:50.486Z] ❌ S3 upload failed for albany/misc/general/2026/SKM_C3320i26020414210.pdf: The request signature we calculated does not match the signature you provided. Check your key and signing method.
[2026-02-12T04:30:50.509Z] ❌ S3 upload failed for albany/reports/general/2024/Albany-Town-Report-2023-web.pdf: The request signature we calculated does not match the signature you provided. Check your key and signing method.
[2026-02-12T04:30:50.517Z] ❌ S3 upload failed for albany/misc/general/2026/SKM_C3320i26020414211.pdf: The request signature we calculated does not match the signature you provided. Check your key and signing method.
[2026-02-12T04:30:50.571Z] ❌ S3 upload failed for albany/reports/general/2023/2022-Albany-Town-Report.pdf: The request signature we calculated does not match the signature you provided. Check your key and signing method.
[2026-02-12T04:30:50.570Z] ❌ S3 upload failed for albany/warrants/general/2025/2025-Warrant-signed-02202025.pdf: The request signature we calculated does not match the signature you provided. Check your key and signing method.
[2026-02-12T04:30:50.600Z] ❌ S3 upload failed for albany/reports/general/2022/2021-Town-Report.pdf: The request signature we calculated does not match the signature you provided. Check your key and signing method.
[2026-02-12T04:30:50.603Z] ❌ S3 upload failed for albany/misc/general/2025/Signed-MS-636-2025.pdf: The request signature we calculated does not match the signature you provided. Check your key and signing method.
[2026-02-12T04:30:50.651Z] ❌ S3 upload failed for albany/reports/general/2021/2020-Town-Report_Albany-NH.pdf: The request signature we calculated does not match the signature you provided. Check your key and signing method.
[2026-02-12T04:30:50.675Z] ❌ S3 upload failed for albany/reports/general/2025/Albany-Town-Report-2024-proof.pdf: The request signature we calculated does not match the signature you provided. Check your key and signing method.
[2026-02-12T04:30:50.700Z] ❌ S3 upload failed for albany/reports/general/2020/Town-Report-2019.pdf: The request signature we calculated does not match the signature you provided. Check your key and signing method.
[2026-02-12T04:30:50.736Z] ❌ S3 upload failed for albany/misc/general/2018/Tax-Map-9.pdf: The request signature we calculated does not match the signature you provided. Check your key and signing method.
[2026-02-12T04:30:50.737Z] ❌ S3 upload failed for albany/reports/general/2024/Albany-Town-Report-2023-web.pdf: The request signature we calculated does not match the signature you provided. Check your key and signing method.
[2026-02-12T04:30:50.778Z] ❌ S3 upload failed for albany/misc/general/2022/ChangeOfAddress_2022.pdf: The request signature we calculated does not match the signature you provided. Check your key and signing method.
[2026-02-12T04:30:50.797Z] ❌ S3 upload failed for albany/reports/general/2023/2022-Albany-Town-Report.pdf: The request signature we calculated does not match the signature you provided. Check your key and signing method.
[2026-02-12T04:30:50.808Z] ❌ S3 upload failed for albany/misc/general/2013/RTK-Request.pdf: The request signature we calculated does not match the signature you provided. Check your key and signing method.
[2026-02-12T04:30:50.841Z] ❌ S3 upload failed for albany/reports/general/2022/2021-Town-Report.pdf: The request signature we calculated does not match the signature you provided. Check your key and signing method.
[2026-02-12T04:30:50.842Z] ❌ S3 upload failed for albany/misc/general/2013/AbatementApp.pdf: The request signature we calculated does not match the signature you provided. Check your key and signing method.
[2026-02-12T04:30:50.883Z] ❌ S3 upload failed for albany/misc/general/2025/GOVMIN090225.doc: The request signature we calculated does not match the signature you provided. Check your key and signing method.
[2026-02-12T04:30:50.914Z] ❌ S3 upload failed for albany/reports/general/2021/2020-Town-Report_Albany-NH.pdf: The request signature we calculated does not match the signature you provided. Check your key and signing method.
[2026-02-12T04:30:50.924Z] ❌ S3 upload failed for albany/misc/general/2025/SKM_C3320i25092912110.pdf: The request signature we calculated does not match the signature you provided. Check your key and signing method.
[2026-02-12T04:30:50.954Z] ❌ S3 upload failed for albany/reports/general/2020/Town-Report-2019.pdf: The request signature we calculated does not match the signature you provided. Check your key and signing method.
[2026-02-12T04:30:50.991Z] ❌ S3 upload failed for albany/misc/general/2018/Tax-Map-9.pdf: The request signature we calculated does not match the signature you provided. Check your key and signing method.
[2026-02-12T04:30:50.994Z] ❌ S3 upload failed for albany/misc/general/2025/SKM_C3320i25081211290.pdf: The request signature we calculated does not match the signature you provided. Check your key and signing method.
[2026-02-12T04:30:51.019Z] ❌ S3 upload failed for albany/minutes/general/2025/04012025-CC-minutes.pdf: The request signature we calculated does not match the signature you provided. Check your key and signing method.
[2026-02-12T04:30:51.022Z] ❌ S3 upload failed for albany/misc/general/2022/ChangeOfAddress_2022.pdf: The request signature we calculated does not match the signature you provided. Check your key and signing method.
[2026-02-12T04:30:51.054Z] ❌ S3 upload failed for albany/misc/general/2025/CC-March-4-2025.pdf: The request signature we calculated does not match the signature you provided. Check your key and signing method.
[2026-02-12T04:30:51.055Z] ❌ S3 upload failed for albany/misc/general/2013/RTK-Request.pdf: The request signature we calculated does not match the signature you provided. Check your key and signing method.
[2026-02-12T04:30:51.081Z] ❌ S3 upload failed for albany/misc/general/2025/CC-February-4-2025.pdf: The request signature we calculated does not match the signature you provided. Check your key and signing method.
[2026-02-12T04:30:51.087Z] ❌ S3 upload failed for albany/misc/general/2013/AbatementApp.pdf: The request signature we calculated does not match the signature you provided. Check your key and signing method.
[2026-02-12T04:30:51.107Z] ❌ S3 upload failed for albany/misc/general/2025/CC-January-7-2025.pdf: The request signature we calculated does not match the signature you provided. Check your key and signing method.
[2026-02-12T04:30:51.113Z] ❌ S3 upload failed for albany/misc/general/2025/GOVMIN090225.doc: The request signature we calculated does not match the signature you provided. Check your key and signing method.
[2026-02-12T04:30:51.134Z] ❌ S3 upload failed for albany/misc/general/2025/CCMIN120324.pdf: The request signature we calculated does not match the signature you provided. Check your key and signing method.
[2026-02-12T04:30:51.147Z] ❌ S3 upload failed for albany/misc/general/2025/SKM_C3320i25092912110.pdf: The request signature we calculated does not match the signature you provided. Check your key and signing method.
[2026-02-12T04:30:51.163Z] ❌ S3 upload failed for albany/misc/general/2025/CCMIN100124-002.doc: The request signature we calculated does not match the signature you provided. Check your key and signing method.
[2026-02-12T04:30:51.176Z] ❌ S3 upload failed for albany/misc/general/2025/SKM_C3320i25081211290.pdf: The request signature we calculated does not match the signature you provided. Check your key and signing method.
[2026-02-12T04:30:51.188Z] ❌ S3 upload failed for albany/misc/general/2024/GOVMIN090324.pdf: The request signature we calculated does not match the signature you provided. Check your key and signing method.
[2026-02-12T04:30:51.199Z] ❌ S3 upload failed for albany/minutes/general/2025/04012025-CC-minutes.pdf: The request signature we calculated does not match the signature you provided. Check your key and signing method.
[2026-02-12T04:30:51.216Z] ❌ S3 upload failed for albany/misc/general/2024/GOVMIN080624.pdf: The request signature we calculated does not match the signature you provided. Check your key and signing method.
[2026-02-12T04:30:51.238Z] ❌ S3 upload failed for albany/misc/general/2024/GOVMIN060424.doc: The request signature we calculated does not match the signature you provided. Check your key and signing method.
[2026-02-12T04:30:51.239Z] ❌ S3 upload failed for albany/misc/general/2025/CC-March-4-2025.pdf: The request signature we calculated does not match the signature you provided. Check your key and signing method.
[2026-02-12T04:30:51.266Z] ❌ S3 upload failed for albany/misc/general/2024/GOVMIN050724.doc: The request signature we calculated does not match the signature you provided. Check your key and signing method.
[2026-02-12T04:30:51.267Z] ❌ S3 upload failed for albany/misc/general/2025/CC-February-4-2025.pdf: The request signature we calculated does not match the signature you provided. Check your key and signing method.
[2026-02-12T04:30:51.292Z] ❌ S3 upload failed for albany/misc/general/2024/GOVMIN040224.doc: The request signature we calculated does not match the signature you provided. Check your key and signing method.
[2026-02-12T04:30:51.293Z] ❌ S3 upload failed for albany/misc/general/2025/CC-January-7-2025.pdf: The request signature we calculated does not match the signature you provided. Check your key and signing method.
[2026-02-12T04:30:51.321Z] ❌ S3 upload failed for albany/misc/general/2024/GOVMIN020624.pdf: The request signature we calculated does not match the signature you provided. Check your key and signing method.
[2026-02-12T04:30:51.322Z] ❌ S3 upload failed for albany/misc/general/2025/CCMIN120324.pdf: The request signature we calculated does not match the signature you provided. Check your key and signing method.
[2026-02-12T04:30:51.351Z] ❌ S3 upload failed for albany/misc/general/2025/CCMIN100124-002.doc: The request signature we calculated does not match the signature you provided. Check your key and signing method.
[2026-02-12T04:30:51.363Z] ❌ S3 upload failed for albany/misc/general/2024/GOVMIN010224.pdf: The request signature we calculated does not match the signature you provided. Check your key and signing method.
[2026-02-12T04:30:51.385Z] ❌ S3 upload failed for albany/misc/general/2024/GOVMIN090324.pdf: The request signature we calculated does not match the signature you provided. Check your key and signing method.
[2026-02-12T04:30:51.390Z] ❌ S3 upload failed for albany/misc/general/2024/GOVMIN120523.pdf: The request signature we calculated does not match the signature you provided. Check your key and signing method.
[2026-02-12T04:30:51.408Z] ❌ S3 upload failed for albany/misc/general/2024/GOVMIN080624.pdf: The request signature we calculated does not match the signature you provided. Check your key and signing method.
[2026-02-12T04:30:51.420Z] ❌ S3 upload failed for albany/misc/general/2023/GOVMIN110723.pdf: The request signature we calculated does not match the signature you provided. Check your key and signing method.
[2026-02-12T04:30:51.440Z] ❌ S3 upload failed for albany/misc/general/2024/GOVMIN060424.doc: The request signature we calculated does not match the signature you provided. Check your key and signing method.
[2026-02-12T04:30:51.467Z] ❌ S3 upload failed for albany/misc/general/2024/GOVMIN050724.doc: The request signature we calculated does not match the signature you provided. Check your key and signing method.
[2026-02-12T04:30:51.491Z] ❌ S3 upload failed for albany/misc/general/2024/GOVMIN040224.doc: The request signature we calculated does not match the signature you provided. Check your key and signing method.
[2026-02-12T04:30:51.498Z] ❌ S3 upload failed for albany/misc/general/2023/GOVMIN100323.pdf: The request signature we calculated does not match the signature you provided. Check your key and signing method.
[2026-02-12T04:30:51.520Z] ❌ S3 upload failed for albany/misc/general/2024/GOVMIN020624.pdf: The request signature we calculated does not match the signature you provided. Check your key and signing method.
[2026-02-12T04:30:51.535Z] ❌ S3 upload failed for albany/misc/general/2023/GOVMIN090523.pdf: The request signature we calculated does not match the signature you provided. Check your key and signing method.
[2026-02-12T04:30:51.560Z] ❌ S3 upload failed for albany/misc/general/2024/GOVMIN010224.pdf: The request signature we calculated does not match the signature you provided. Check your key and signing method.
[2026-02-12T04:30:51.561Z] ❌ S3 upload failed for albany/misc/general/2023/GOVMIN080123.pdf: The request signature we calculated does not match the signature you provided. Check your key and signing method.
[2026-02-12T04:30:51.589Z] ❌ S3 upload failed for albany/misc/general/2023/GOVMIN070523-003.doc: The request signature we calculated does not match the signature you provided. Check your key and signing method.
[2026-02-12T04:30:51.594Z] ❌ S3 upload failed for albany/misc/general/2024/GOVMIN120523.pdf: The request signature we calculated does not match the signature you provided. Check your key and signing method.
[2026-02-12T04:30:51.620Z] ❌ S3 upload failed for albany/misc/general/2023/GOVMIN060623.pdf: The request signature we calculated does not match the signature you provided. Check your key and signing method.
[2026-02-12T04:30:51.621Z] ❌ S3 upload failed for albany/misc/general/2023/GOVMIN110723.pdf: The request signature we calculated does not match the signature you provided. Check your key and signing method.
[2026-02-12T04:30:51.652Z] ❌ S3 upload failed for albany/misc/general/2023/GOVMIN100323.pdf: The request signature we calculated does not match the signature you provided. Check your key and signing method.
[2026-02-12T04:30:51.668Z] ❌ S3 upload failed for albany/misc/general/2023/GOVMIN050223.pdf: The request signature we calculated does not match the signature you provided. Check your key and signing method.
[2026-02-12T04:30:51.682Z] ❌ S3 upload failed for albany/misc/general/2023/GOVMIN090523.pdf: The request signature we calculated does not match the signature you provided. Check your key and signing method.
[2026-02-12T04:30:51.695Z] ❌ S3 upload failed for albany/misc/general/2023/GOVMIN040423.pdf: The request signature we calculated does not match the signature you provided. Check your key and signing method.
[2026-02-12T04:30:51.713Z] ❌ S3 upload failed for albany/misc/general/2023/GOVMIN080123.pdf: The request signature we calculated does not match the signature you provided. Check your key and signing method.
[2026-02-12T04:30:51.730Z] ❌ S3 upload failed for albany/misc/general/2023/GOVMIN030723.pdf: The request signature we calculated does not match the signature you provided. Check your key and signing method.
[2026-02-12T04:30:51.737Z] ❌ S3 upload failed for albany/misc/general/2023/GOVMIN070523-003.doc: The request signature we calculated does not match the signature you provided. Check your key and signing method.
[2026-02-12T04:30:51.758Z] ❌ S3 upload failed for albany/misc/general/2023/GOVMIN020723.pdf: The request signature we calculated does not match the signature you provided. Check your key and signing method.
[2026-02-12T04:30:51.769Z] ❌ S3 upload failed for albany/misc/general/2023/GOVMIN060623.pdf: The request signature we calculated does not match the signature you provided. Check your key and signing method.
[2026-02-12T04:30:51.787Z] ❌ S3 upload failed for albany/misc/general/2023/GOVMIN010323.pdf: The request signature we calculated does not match the signature you provided. Check your key and signing method.
[2026-02-12T04:30:51.808Z] ❌ S3 upload failed for albany/misc/general/2023/GOVMIN050223.pdf: The request signature we calculated does not match the signature you provided. Check your key and signing method.
[2026-02-12T04:30:51.825Z] ❌ S3 upload failed for albany/misc/general/2023/GOVMIN110122_approved.pdf: The request signature we calculated does not match the signature you provided. Check your key and signing method.
[2026-02-12T04:30:51.837Z] ❌ S3 upload failed for albany/misc/general/2023/GOVMIN040423.pdf: The request signature we calculated does not match the signature you provided. Check your key and signing method.
[2026-02-12T04:30:51.856Z] ❌ S3 upload failed for albany/misc/general/2022/GOVMIN100422_approved.pdf: The request signature we calculated does not match the signature you provided. Check your key and signing method.
[2026-02-12T04:30:51.866Z] ❌ S3 upload failed for albany/misc/general/2023/GOVMIN030723.pdf: The request signature we calculated does not match the signature you provided. Check your key and signing method.
[2026-02-12T04:30:51.884Z] ❌ S3 upload failed for albany/misc/general/2022/GOVMIN090622-approved.pdf: The request signature we calculated does not match the signature you provided. Check your key and signing method.
[2026-02-12T04:30:51.894Z] ❌ S3 upload failed for albany/misc/general/2023/GOVMIN020723.pdf: The request signature we calculated does not match the signature you provided. Check your key and signing method.
[2026-02-12T04:30:51.913Z] ❌ S3 upload failed for albany/misc/general/2022/GOVMIN070522_approved.doc: The request signature we calculated does not match the signature you provided. Check your key and signing method.
[2026-02-12T04:30:51.923Z] ❌ S3 upload failed for albany/misc/general/2023/GOVMIN010323.pdf: The request signature we calculated does not match the signature you provided. Check your key and signing method.
[2026-02-12T04:30:51.946Z] ❌ S3 upload failed for albany/misc/general/2023/GOVMIN110122_approved.pdf: The request signature we calculated does not match the signature you provided. Check your key and signing method.
[2026-02-12T04:30:51.950Z] ❌ S3 upload failed for albany/misc/general/2022/SKM_C3320i22070610180.pdf: The request signature we calculated does not match the signature you provided. Check your key and signing method.
[2026-02-12T04:30:51.951Z]    Progress: 0 uploaded, 0 skipped, 50 failed
[2026-02-12T04:30:51.972Z] ❌ S3 upload failed for albany/misc/general/2022/GOVMIN100422_approved.pdf: The request signature we calculated does not match the signature you provided. Check your key and signing method.
[2026-02-12T04:30:51.983Z] ❌ S3 upload failed for albany/misc/general/2022/GOVMIN040522.pdf: The request signature we calculated does not match the signature you provided. Check your key and signing method.
[2026-02-12T04:30:51.998Z] ❌ S3 upload failed for albany/misc/general/2022/GOVMIN090622-approved.pdf: The request signature we calculated does not match the signature you provided. Check your key and signing method.
[2026-02-12T04:30:52.009Z] ❌ S3 upload failed for albany/misc/general/2022/GOVMIN030122.pdf: The request signature we calculated does not match the signature you provided. Check your key and signing method.
[2026-02-12T04:30:52.030Z] ❌ S3 upload failed for albany/misc/general/2022/GOVMIN070522_approved.doc: The request signature we calculated does not match the signature you provided. Check your key and signing method.
[2026-02-12T04:30:52.036Z] ❌ S3 upload failed for albany/misc/general/2022/GOVMIN020122_approved.pdf: The request signature we calculated does not match the signature you provided. Check your key and signing method.
[2026-02-12T04:30:52.056Z] ❌ S3 upload failed for albany/misc/general/2022/SKM_C3320i22070610180.pdf: The request signature we calculated does not match the signature you provided. Check your key and signing method.
[2026-02-12T04:30:52.056Z]    Progress: 0 uploaded, 0 skipped, 50 failed
[2026-02-12T04:30:52.068Z] ❌ S3 upload failed for albany/misc/general/2022/GOVMIN120721.doc: The request signature we calculated does not match the signature you provided. Check your key and signing method.
[2026-02-12T04:30:52.089Z] ❌ S3 upload failed for albany/misc/general/2022/GOVMIN040522.pdf: The request signature we calculated does not match the signature you provided. Check your key and signing method.
[2026-02-12T04:30:52.100Z] ❌ S3 upload failed for albany/misc/general/2021/GOVMIN110221.doc: The request signature we calculated does not match the signature you provided. Check your key and signing method.
[2026-02-12T04:30:52.117Z] ❌ S3 upload failed for albany/misc/general/2022/GOVMIN030122.pdf: The request signature we calculated does not match the signature you provided. Check your key and signing method.
[2026-02-12T04:30:52.128Z] ❌ S3 upload failed for albany/misc/general/2021/GOVMIN080321.doc: The request signature we calculated does not match the signature you provided. Check your key and signing method.
[2026-02-12T04:30:52.151Z] ❌ S3 upload failed for albany/misc/general/2022/GOVMIN020122_approved.pdf: The request signature we calculated does not match the signature you provided. Check your key and signing method.
[2026-02-12T04:30:52.159Z] ❌ S3 upload failed for albany/misc/general/2021/GOVMIN070621.pdf: The request signature we calculated does not match the signature you provided. Check your key and signing method.
[2026-02-12T04:30:52.176Z] ❌ S3 upload failed for albany/misc/general/2022/GOVMIN120721.doc: The request signature we calculated does not match the signature you provided. Check your key and signing method.
[2026-02-12T04:30:52.189Z] ❌ S3 upload failed for albany/misc/general/2021/GOVMIN052521.pdf: The request signature we calculated does not match the signature you provided. Check your key and signing method.
[2026-02-12T04:30:52.206Z] ❌ S3 upload failed for albany/misc/general/2021/GOVMIN110221.doc: The request signature we calculated does not match the signature you provided. Check your key and signing method.
[2026-02-12T04:30:52.226Z] ❌ S3 upload failed for albany/misc/general/2021/GOVMIN050421.pdf: The request signature we calculated does not match the signature you provided. Check your key and signing method.
[2026-02-12T04:30:52.230Z] ❌ S3 upload failed for albany/misc/general/2021/GOVMIN080321.doc: The request signature we calculated does not match the signature you provided. Check your key and signing method.
[2026-02-12T04:30:52.265Z] ❌ S3 upload failed for albany/misc/general/2021/GOVMIN040621.pdf: The request signature we calculated does not match the signature you provided. Check your key and signing method.
[2026-02-12T04:30:52.282Z] ❌ S3 upload failed for albany/misc/general/2021/GOVMIN070621.pdf: The request signature we calculated does not match the signature you provided. Check your key and signing method.
[2026-02-12T04:30:52.294Z] ❌ S3 upload failed for albany/misc/general/2021/GOVMIN030221.pdf: The request signature we calculated does not match the signature you provided. Check your key and signing method.
[2026-02-12T04:30:52.311Z] ❌ S3 upload failed for albany/misc/general/2021/GOVMIN052521.pdf: The request signature we calculated does not match the signature you provided. Check your key and signing method.
[2026-02-12T04:30:52.318Z] ❌ S3 upload failed for albany/misc/general/2021/GOVMIN021621.pdf: The request signature we calculated does not match the signature you provided. Check your key and signing method.
[2026-02-12T04:30:52.336Z] ❌ S3 upload failed for albany/misc/general/2021/GOVMIN050421.pdf: The request signature we calculated does not match the signature you provided. Check your key and signing method.
[2026-02-12T04:30:52.360Z] ❌ S3 upload failed for albany/misc/general/2021/GOVMIN010521.pdf: The request signature we calculated does not match the signature you provided. Check your key and signing method.
[2026-02-12T04:30:52.373Z] ❌ S3 upload failed for albany/misc/general/2021/GOVMIN040621.pdf: The request signature we calculated does not match the signature you provided. Check your key and signing method.
[2026-02-12T04:30:52.390Z] ❌ S3 upload failed for albany/minutes/general/2020/ACC-20200707-Minutes-.pdf: The request signature we calculated does not match the signature you provided. Check your key and signing method.
[2026-02-12T04:30:52.398Z] ❌ S3 upload failed for albany/misc/general/2021/GOVMIN030221.pdf: The request signature we calculated does not match the signature you provided. Check your key and signing method.
[2026-02-12T04:30:52.416Z] ❌ S3 upload failed for albany/minutes/general/2020/ACC-Minutes_060220.doc: The request signature we calculated does not match the signature you provided. Check your key and signing method.
[2026-02-12T04:30:52.425Z] ❌ S3 upload failed for albany/misc/general/2021/GOVMIN021621.pdf: The request signature we calculated does not match the signature you provided. Check your key and signing method.
[2026-02-12T04:30:52.442Z] ❌ S3 upload failed for albany/minutes/general/2020/ACC_Minutes051920.doc: The request signature we calculated does not match the signature you provided. Check your key and signing method.
[2026-02-12T04:30:52.452Z] ❌ S3 upload failed for albany/misc/general/2021/GOVMIN010521.pdf: The request signature we calculated does not match the signature you provided. Check your key and signing method.
[2026-02-12T04:30:52.477Z] ❌ S3 upload failed for albany/minutes/general/2020/ACC_Minutes_04302020.pdf: The request signature we calculated does not match the signature you provided. Check your key and signing method.
[2026-02-12T04:30:52.487Z] ❌ S3 upload failed for albany/minutes/general/2020/ACC-20200707-Minutes-.pdf: The request signature we calculated does not match the signature you provided. Check your key and signing method.
[2026-02-12T04:30:52.519Z] ❌ S3 upload failed for albany/minutes/general/2020/ACC-Minutes_060220.doc: The request signature we calculated does not match the signature you provided. Check your key and signing method.
[2026-02-12T04:30:52.533Z] ❌ S3 upload failed for albany/minutes/general/2020/ACC_Minutes_04072020.pdf: The request signature we calculated does not match the signature you provided. Check your key and signing method.
[2026-02-12T04:30:52.545Z] ❌ S3 upload failed for albany/minutes/general/2020/ACC_Minutes051920.doc: The request signature we calculated does not match the signature you provided. Check your key and signing method.
[2026-02-12T04:30:52.560Z] ❌ S3 upload failed for albany/misc/general/2020/January-7-2020.pdf: The request signature we calculated does not match the signature you provided. Check your key and signing method.
[2026-02-12T04:30:52.582Z] ❌ S3 upload failed for albany/minutes/general/2020/ACC_Minutes_04302020.pdf: The request signature we calculated does not match the signature you provided. Check your key and signing method.
[2026-02-12T04:30:52.587Z] ❌ S3 upload failed for albany/misc/general/2019/May7CC.pdf: The request signature we calculated does not match the signature you provided. Check your key and signing method.
[2026-02-12T04:30:52.632Z] ❌ S3 upload failed for albany/misc/general/2019/April2CC.pdf: The request signature we calculated does not match the signature you provided. Check your key and signing method.
[2026-02-12T04:30:52.663Z] ❌ S3 upload failed for albany/misc/general/2019/March5CC.pdf: The request signature we calculated does not match the signature you provided. Check your key and signing method.
[2026-02-12T04:30:52.690Z] ❌ S3 upload failed for albany/misc/general/2019/Feb5CC.pdf: The request signature we calculated does not match the signature you provided. Check your key and signing method.
[2026-02-12T04:30:52.722Z] ❌ S3 upload failed for albany/misc/general/2019/Dec4CC.pdf: The request signature we calculated does not match the signature you provided. Check your key and signing method.
[2026-02-12T04:30:52.803Z] ❌ S3 upload failed for albany/misc/general/2019/Oct2CC.pdf: The request signature we calculated does not match the signature you provided. Check your key and signing method.
[2026-02-12T04:30:52.830Z] ❌ S3 upload failed for albany/minutes/general/2020/ACC_Minutes_04072020.pdf: The request signature we calculated does not match the signature you provided. Check your key and signing method.
[2026-02-12T04:30:52.833Z] ❌ S3 upload failed for albany/misc/general/2019/Sept11CC.pdf: The request signature we calculated does not match the signature you provided. Check your key and signing method.
[2026-02-12T04:30:52.857Z] ❌ S3 upload failed for albany/misc/general/2020/January-7-2020.pdf: The request signature we calculated does not match the signature you provided. Check your key and signing method.
[2026-02-12T04:30:52.866Z] ❌ S3 upload failed for albany/misc/general/2019/Aug7CC.pdf: The request signature we calculated does not match the signature you provided. Check your key and signing method.
[2026-02-12T04:30:52.890Z] ❌ S3 upload failed for albany/misc/general/2019/May7CC.pdf: The request signature we calculated does not match the signature you provided. Check your key and signing method.
[2026-02-12T04:30:52.915Z] ❌ S3 upload failed for albany/misc/general/2019/April2CC.pdf: The request signature we calculated does not match the signature you provided. Check your key and signing method.
[2026-02-12T04:30:52.937Z] ❌ S3 upload failed for albany/misc/general/2018/July3CC.pdf: The request signature we calculated does not match the signature you provided. Check your key and signing method.
[2026-02-12T04:30:52.942Z] ❌ S3 upload failed for albany/misc/general/2019/March5CC.pdf: The request signature we calculated does not match the signature you provided. Check your key and signing method.
[2026-02-12T04:30:52.970Z] ❌ S3 upload failed for albany/misc/general/2018/June5CC.pdf: The request signature we calculated does not match the signature you provided. Check your key and signing method.
[2026-02-12T04:30:53.003Z] ❌ S3 upload failed for albany/misc/general/2018/May1CC.pdf: The request signature we calculated does not match the signature you provided. Check your key and signing method.
[2026-02-12T04:30:53.029Z] ❌ S3 upload failed for albany/misc/general/2018/April3CC.pdf: The request signature we calculated does not match the signature you provided. Check your key and signing method.
[2026-02-12T04:30:53.037Z] ❌ S3 upload failed for albany/misc/general/2019/Feb5CC.pdf: The request signature we calculated does not match the signature you provided. Check your key and signing method.
[2026-02-12T04:30:53.062Z] ❌ S3 upload failed for albany/misc/general/2018/March6CC.pdf: The request signature we calculated does not match the signature you provided. Check your key and signing method.
[2026-02-12T04:30:53.063Z] ❌ S3 upload failed for albany/misc/general/2019/Dec4CC.pdf: The request signature we calculated does not match the signature you provided. Check your key and signing method.
[2026-02-12T04:30:53.093Z] ❌ S3 upload failed for albany/misc/general/2018/Feb6.pdf: The request signature we calculated does not match the signature you provided. Check your key and signing method.
[2026-02-12T04:30:53.098Z] ❌ S3 upload failed for albany/misc/general/2019/Oct2CC.pdf: The request signature we calculated does not match the signature you provided. Check your key and signing method.
[2026-02-12T04:30:53.119Z] ❌ S3 upload failed for albany/misc/general/2018/Dec5CC.pdf: The request signature we calculated does not match the signature you provided. Check your key and signing method.
[2026-02-12T04:30:53.131Z] ❌ S3 upload failed for albany/misc/general/2019/Sept11CC.pdf: The request signature we calculated does not match the signature you provided. Check your key and signing method.
[2026-02-12T04:30:53.150Z] ❌ S3 upload failed for albany/misc/general/2013/Nov11CC.pdf: The request signature we calculated does not match the signature you provided. Check your key and signing method.
[2026-02-12T04:30:53.161Z] ❌ S3 upload failed for albany/misc/general/2019/Aug7CC.pdf: The request signature we calculated does not match the signature you provided. Check your key and signing method.
[2026-02-12T04:30:53.177Z] ❌ S3 upload failed for albany/misc/general/2013/Oct3CC.pdf: The request signature we calculated does not match the signature you provided. Check your key and signing method.
[2026-02-12T04:30:53.193Z] ❌ S3 upload failed for albany/misc/general/2018/July3CC.pdf: The request signature we calculated does not match the signature you provided. Check your key and signing method.
[2026-02-12T04:30:53.209Z] ❌ S3 upload failed for albany/misc/general/2013/Sept12CC.pdf: The request signature we calculated does not match the signature you provided. Check your key and signing method.
[2026-02-12T04:30:53.226Z] ❌ S3 upload failed for albany/misc/general/2018/June5CC.pdf: The request signature we calculated does not match the signature you provided. Check your key and signing method.
[2026-02-12T04:30:53.238Z] ❌ S3 upload failed for albany/misc/general/2013/Aug1CC.pdf: The request signature we calculated does not match the signature you provided. Check your key and signing method.
[2026-02-12T04:30:53.256Z] ❌ S3 upload failed for albany/misc/general/2018/May1CC.pdf: The request signature we calculated does not match the signature you provided. Check your key and signing method.
[2026-02-12T04:30:53.267Z] ❌ S3 upload failed for albany/misc/general/2013/July18CC.pdf: The request signature we calculated does not match the signature you provided. Check your key and signing method.
[2026-02-12T04:30:53.291Z] ❌ S3 upload failed for albany/misc/general/2018/April3CC.pdf: The request signature we calculated does not match the signature you provided. Check your key and signing method.
[2026-02-12T04:30:53.295Z] ❌ S3 upload failed for albany/misc/general/2013/June6CC-1.pdf: The request signature we calculated does not match the signature you provided. Check your key and signing method.
[2026-02-12T04:30:53.322Z] ❌ S3 upload failed for albany/misc/general/2018/March6CC.pdf: The request signature we calculated does not match the signature you provided. Check your key and signing method.
[2026-02-12T04:30:53.327Z] ❌ S3 upload failed for albany/misc/general/2013/June6CC.pdf: The request signature we calculated does not match the signature you provided. Check your key and signing method.
[2026-02-12T04:30:53.353Z] ❌ S3 upload failed for albany/misc/general/2018/Feb6.pdf: The request signature we calculated does not match the signature you provided. Check your key and signing method.
[2026-02-12T04:30:53.387Z] ❌ S3 upload failed for albany/misc/general/2018/Dec5CC.pdf: The request signature we calculated does not match the signature you provided. Check your key and signing method.
[2026-02-12T04:30:53.410Z] ❌ S3 upload failed for albany/misc/general/2013/April4CC.pdf: The request signature we calculated does not match the signature you provided. Check your key and signing method.
[2026-02-12T04:30:53.414Z] ❌ S3 upload failed for albany/misc/general/2013/Nov11CC.pdf: The request signature we calculated does not match the signature you provided. Check your key and signing method.
[2026-02-12T04:30:53.446Z] ❌ S3 upload failed for albany/misc/general/2013/Oct3CC.pdf: The request signature we calculated does not match the signature you provided. Check your key and signing method.
[2026-02-12T04:30:53.458Z] ❌ S3 upload failed for albany/misc/general/2013/Feb8CC.pdf: The request signature we calculated does not match the signature you provided. Check your key and signing method.
[2026-02-12T04:30:53.470Z] ❌ S3 upload failed for albany/misc/general/2013/Sept12CC.pdf: The request signature we calculated does not match the signature you provided. Check your key and signing method.
[2026-02-12T04:30:53.484Z] ❌ S3 upload failed for albany/misc/general/2013/Dec12CC.pdf: The request signature we calculated does not match the signature you provided. Check your key and signing method.
[2026-02-12T04:30:53.501Z] ❌ S3 upload failed for albany/misc/general/2013/Aug1CC.pdf: The request signature we calculated does not match the signature you provided. Check your key and signing method.
[2026-02-12T04:30:53.514Z] ❌ S3 upload failed for albany/misc/general/2013/Nov1CC.pdf: The request signature we calculated does not match the signature you provided. Check your key and signing method.
[2026-02-12T04:30:53.529Z] ❌ S3 upload failed for albany/misc/general/2013/July18CC.pdf: The request signature we calculated does not match the signature you provided. Check your key and signing method.
[2026-02-12T04:30:53.552Z] ❌ S3 upload failed for albany/misc/general/2013/Oct18CC.pdf: The request signature we calculated does not match the signature you provided. Check your key and signing method.
[2026-02-12T04:30:53.571Z] ❌ S3 upload failed for albany/misc/general/2013/June6CC-1.pdf: The request signature we calculated does not match the signature you provided. Check your key and signing method.
[2026-02-12T04:30:53.582Z] ❌ S3 upload failed for albany/misc/general/2013/Oct18CC.pdf: The request signature we calculated does not match the signature you provided. Check your key and signing method.
[2026-02-12T04:30:53.603Z] ❌ S3 upload failed for albany/misc/general/2013/June6CC.pdf: The request signature we calculated does not match the signature you provided. Check your key and signing method.
[2026-02-12T04:30:53.609Z] ❌ S3 upload failed for albany/misc/general/2013/Sept6CC.pdf: The request signature we calculated does not match the signature you provided. Check your key and signing method.
[2026-02-12T04:30:53.633Z] ❌ S3 upload failed for albany/misc/general/2013/April4CC.pdf: The request signature we calculated does not match the signature you provided. Check your key and signing method.
[2026-02-12T04:30:53.642Z] ❌ S3 upload failed for albany/misc/general/2013/Aug2CC.pdf: The request signature we calculated does not match the signature you provided. Check your key and signing method.
[2026-02-12T04:30:53.662Z] ❌ S3 upload failed for albany/misc/general/2013/Feb8CC.pdf: The request signature we calculated does not match the signature you provided. Check your key and signing method.
[2026-02-12T04:30:53.673Z] ❌ S3 upload failed for albany/misc/general/2013/July5CC.pdf: The request signature we calculated does not match the signature you provided. Check your key and signing method.
[2026-02-12T04:30:53.674Z]    Progress: 0 uploaded, 0 skipped, 100 failed
[2026-02-12T04:30:53.687Z] ❌ S3 upload failed for albany/misc/general/2013/Dec12CC.pdf: The request signature we calculated does not match the signature you provided. Check your key and signing method.
[2026-02-12T04:30:53.722Z] ❌ S3 upload failed for albany/misc/general/2013/Nov1CC.pdf: The request signature we calculated does not match the signature you provided. Check your key and signing method.
[2026-02-12T04:30:53.729Z] ❌ S3 upload failed for albany/misc/general/2013/June7CC.pdf: The request signature we calculated does not match the signature you provided. Check your key and signing method.
[2026-02-12T04:30:53.750Z] ❌ S3 upload failed for albany/misc/general/2013/Oct18CC.pdf: The request signature we calculated does not match the signature you provided. Check your key and signing method.
[2026-02-12T04:30:53.757Z] ❌ S3 upload failed for albany/misc/general/2013/April5CC.pdf: The request signature we calculated does not match the signature you provided. Check your key and signing method.
[2026-02-12T04:30:53.784Z] ❌ S3 upload failed for albany/misc/general/2013/Oct18CC.pdf: The request signature we calculated does not match the signature you provided. Check your key and signing method.
[2026-02-12T04:30:53.788Z] ❌ S3 upload failed for albany/misc/general/2013/Feb2CC-1.pdf: The request signature we calculated does not match the signature you provided. Check your key and signing method.
[2026-02-12T04:30:53.819Z] ❌ S3 upload failed for albany/misc/general/2013/Jan5CC.pdf: The request signature we calculated does not match the signature you provided. Check your key and signing method.
[2026-02-12T04:30:53.871Z] ❌ S3 upload failed for albany/misc/general/2013/Sept6CC.pdf: The request signature we calculated does not match the signature you provided. Check your key and signing method.
[2026-02-12T04:30:53.892Z] ❌ S3 upload failed for albany/misc/general/2013/Nov3CC.pdf: The request signature we calculated does not match the signature you provided. Check your key and signing method.
[2026-02-12T04:30:53.903Z] ❌ S3 upload failed for albany/misc/general/2013/Aug2CC.pdf: The request signature we calculated does not match the signature you provided. Check your key and signing method.
[2026-02-12T04:30:53.921Z] ❌ S3 upload failed for albany/misc/general/2013/Oct6CC.pdf: The request signature we calculated does not match the signature you provided. Check your key and signing method.
[2026-02-12T04:30:53.931Z] ❌ S3 upload failed for albany/misc/general/2013/July5CC.pdf: The request signature we calculated does not match the signature you provided. Check your key and signing method.
[2026-02-12T04:30:53.932Z]    Progress: 0 uploaded, 0 skipped, 100 failed
[2026-02-12T04:30:53.953Z] ❌ S3 upload failed for albany/misc/general/2013/Sept8CC.pdf: The request signature we calculated does not match the signature you provided. Check your key and signing method.
[2026-02-12T04:30:53.963Z] ❌ S3 upload failed for albany/misc/general/2013/June7CC.pdf: The request signature we calculated does not match the signature you provided. Check your key and signing method.
[2026-02-12T04:30:53.989Z] ❌ S3 upload failed for albany/misc/general/2013/Aug18CC.pdf: The request signature we calculated does not match the signature you provided. Check your key and signing method.
[2026-02-12T04:30:53.993Z] ❌ S3 upload failed for albany/misc/general/2013/April5CC.pdf: The request signature we calculated does not match the signature you provided. Check your key and signing method.
[2026-02-12T04:30:54.021Z] ❌ S3 upload failed for albany/misc/general/2013/July18CC.pdf: The request signature we calculated does not match the signature you provided. Check your key and signing method.
[2026-02-12T04:30:54.023Z] ❌ S3 upload failed for albany/misc/general/2013/Feb2CC-1.pdf: The request signature we calculated does not match the signature you provided. Check your key and signing method.
[2026-02-12T04:30:54.064Z] ❌ S3 upload failed for albany/misc/general/2013/Jan5CC.pdf: The request signature we calculated does not match the signature you provided. Check your key and signing method.
[2026-02-12T04:30:54.068Z] ❌ S3 upload failed for albany/misc/general/2013/June23CC.pdf: The request signature we calculated does not match the signature you provided. Check your key and signing method.
[2026-02-12T04:30:54.091Z] ❌ S3 upload failed for albany/misc/general/2013/Nov3CC.pdf: The request signature we calculated does not match the signature you provided. Check your key and signing method.
[2026-02-12T04:30:54.097Z] ❌ S3 upload failed for albany/misc/general/2013/June2CC1.pdf: The request signature we calculated does not match the signature you provided. Check your key and signing method.
[2026-02-12T04:30:54.122Z] ❌ S3 upload failed for albany/misc/general/2013/Oct6CC.pdf: The request signature we calculated does not match the signature you provided. Check your key and signing method.
[2026-02-12T04:30:54.129Z] ❌ S3 upload failed for albany/misc/general/2013/May5CC.pdf: The request signature we calculated does not match the signature you provided. Check your key and signing method.
[2026-02-12T04:30:54.154Z] ❌ S3 upload failed for albany/misc/general/2013/Sept8CC.pdf: The request signature we calculated does not match the signature you provided. Check your key and signing method.
[2026-02-12T04:30:54.157Z] ❌ S3 upload failed for albany/misc/general/2013/April7CC.pdf: The request signature we calculated does not match the signature you provided. Check your key and signing method.
[2026-02-12T04:30:54.178Z] ❌ S3 upload failed for albany/misc/general/2013/Aug18CC.pdf: The request signature we calculated does not match the signature you provided. Check your key and signing method.
[2026-02-12T04:30:54.185Z] ❌ S3 upload failed for albany/misc/general/2013/Feb2CC.pdf: The request signature we calculated does not match the signature you provided. Check your key and signing method.
[2026-02-12T04:30:54.212Z] ❌ S3 upload failed for albany/misc/general/2013/Sept2CC.pdf: The request signature we calculated does not match the signature you provided. Check your key and signing method.
[2026-02-12T04:30:54.238Z] ❌ S3 upload failed for albany/misc/general/2013/July19CC.pdf: The request signature we calculated does not match the signature you provided. Check your key and signing method.
[2026-02-12T04:30:54.258Z] ❌ S3 upload failed for albany/misc/general/2013/July18CC.pdf: The request signature we calculated does not match the signature you provided. Check your key and signing method.
[2026-02-12T04:30:54.269Z] ❌ S3 upload failed for albany/misc/general/2013/July8CC1.pdf: The request signature we calculated does not match the signature you provided. Check your key and signing method.
[2026-02-12T04:30:54.293Z] ❌ S3 upload failed for albany/misc/general/2013/June23CC.pdf: The request signature we calculated does not match the signature you provided. Check your key and signing method.
[2026-02-12T04:30:54.298Z] ❌ S3 upload failed for albany/misc/general/2013/June3CC.pdf: The request signature we calculated does not match the signature you provided. Check your key and signing method.
[2026-02-12T04:30:54.327Z] ❌ S3 upload failed for albany/misc/general/2013/June2CC1.pdf: The request signature we calculated does not match the signature you provided. Check your key and signing method.
[2026-02-12T04:30:54.332Z] ❌ S3 upload failed for albany/misc/general/2013/May6CC.pdf: The request signature we calculated does not match the signature you provided. Check your key and signing method.
[2026-02-12T04:30:54.358Z] ❌ S3 upload failed for albany/misc/general/2013/May5CC.pdf: The request signature we calculated does not match the signature you provided. Check your key and signing method.
[2026-02-12T04:30:54.369Z] ❌ S3 upload failed for albany/misc/general/2013/April1CC.pdf: The request signature we calculated does not match the signature you provided. Check your key and signing method.
[2026-02-12T04:30:54.391Z] ❌ S3 upload failed for albany/misc/general/2013/April7CC.pdf: The request signature we calculated does not match the signature you provided. Check your key and signing method.
[2026-02-12T04:30:54.400Z] ❌ S3 upload failed for albany/misc/general/2013/March4CC.pdf: The request signature we calculated does not match the signature you provided. Check your key and signing method.
[2026-02-12T04:30:54.433Z] ❌ S3 upload failed for albany/misc/general/2013/Feb4CC.pdf: The request signature we calculated does not match the signature you provided. Check your key and signing method.
[2026-02-12T04:30:54.446Z] ❌ S3 upload failed for albany/misc/general/2013/Feb2CC.pdf: The request signature we calculated does not match the signature you provided. Check your key and signing method.
[2026-02-12T04:30:54.462Z] ❌ S3 upload failed for albany/misc/general/2013/Jan7CC.pdf: The request signature we calculated does not match the signature you provided. Check your key and signing method.
[2026-02-12T04:30:54.478Z] ❌ S3 upload failed for albany/misc/general/2013/Sept2CC.pdf: The request signature we calculated does not match the signature you provided. Check your key and signing method.
[2026-02-12T04:30:54.492Z] ❌ S3 upload failed for albany/misc/general/2013/Dec3CC.pdf: The request signature we calculated does not match the signature you provided. Check your key and signing method.
[2026-02-12T04:30:54.510Z] ❌ S3 upload failed for albany/misc/general/2013/July19CC.pdf: The request signature we calculated does not match the signature you provided. Check your key and signing method.
[2026-02-12T04:30:54.518Z] ❌ S3 upload failed for albany/misc/general/2013/Nov5CC.pdf: The request signature we calculated does not match the signature you provided. Check your key and signing method.
[2026-02-12T04:30:54.542Z] ❌ S3 upload failed for albany/misc/general/2013/July8CC1.pdf: The request signature we calculated does not match the signature you provided. Check your key and signing method.
[2026-02-12T04:30:54.545Z] ❌ S3 upload failed for albany/misc/general/2013/Oct1.pdf: The request signature we calculated does not match the signature you provided. Check your key and signing method.
[2026-02-12T04:30:54.574Z] ❌ S3 upload failed for albany/misc/general/2013/Sept10CC.pdf: The request signature we calculated does not match the signature you provided. Check your key and signing method.
[2026-02-12T04:30:54.585Z] ❌ S3 upload failed for albany/misc/general/2013/June3CC.pdf: The request signature we calculated does not match the signature you provided. Check your key and signing method.
[2026-02-12T04:30:54.601Z] ❌ S3 upload failed for albany/misc/general/2013/July2CC.pdf: The request signature we calculated does not match the signature you provided. Check your key and signing method.
[2026-02-12T04:30:54.616Z] ❌ S3 upload failed for albany/misc/general/2013/May6CC.pdf: The request signature we calculated does not match the signature you provided. Check your key and signing method.
[2026-02-12T04:30:54.628Z] ❌ S3 upload failed for albany/misc/general/2013/June4CC.pdf: The request signature we calculated does not match the signature you provided. Check your key and signing method.
[2026-02-12T04:30:54.647Z] ❌ S3 upload failed for albany/misc/general/2013/April1CC.pdf: The request signature we calculated does not match the signature you provided. Check your key and signing method.
[2026-02-12T04:30:54.655Z] ❌ S3 upload failed for albany/misc/general/2013/May8CC.pdf: The request signature we calculated does not match the signature you provided. Check your key and signing method.
[2026-02-12T04:30:54.680Z] ❌ S3 upload failed for albany/misc/general/2013/March4CC.pdf: The request signature we calculated does not match the signature you provided. Check your key and signing method.
[2026-02-12T04:30:54.686Z] ❌ S3 upload failed for albany/misc/general/2013/April2CC.doc: The request signature we calculated does not match the signature you provided. Check your key and signing method.
[2026-02-12T04:30:54.712Z] ❌ S3 upload failed for albany/misc/general/2013/Feb4CC.pdf: The request signature we calculated does not match the signature you provided. Check your key and signing method.
[2026-02-12T04:30:54.718Z] ❌ S3 upload failed for albany/misc/general/2013/March5CC.pdf: The request signature we calculated does not match the signature you provided. Check your key and signing method.
[2026-02-12T04:30:54.751Z] ❌ S3 upload failed for albany/misc/general/2013/Jan7CC.pdf: The request signature we calculated does not match the signature you provided. Check your key and signing method.
[2026-02-12T04:30:54.752Z] ❌ S3 upload failed for albany/misc/general/2013/Feb5CC.pdf: The request signature we calculated does not match the signature you provided. Check your key and signing method.
[2026-02-12T04:30:54.779Z] ❌ S3 upload failed for albany/misc/general/unknown/Feb10LGB.pdf: The request signature we calculated does not match the signature you provided. Check your key and signing method.
[2026-02-12T04:30:54.784Z] ❌ S3 upload failed for albany/misc/general/2013/Dec3CC.pdf: The request signature we calculated does not match the signature you provided. Check your key and signing method.
[2026-02-12T04:30:54.811Z] ❌ S3 upload failed for albany/misc/general/2013/Nov5CC.pdf: The request signature we calculated does not match the signature you provided. Check your key and signing method.
[2026-02-12T04:30:54.827Z] ❌ S3 upload failed for albany/misc/general/unknown/Aug7CC.pdf: The request signature we calculated does not match the signature you provided. Check your key and signing method.
[2026-02-12T04:30:54.849Z] ❌ S3 upload failed for albany/misc/general/2013/Oct1.pdf: The request signature we calculated does not match the signature you provided. Check your key and signing method.
[2026-02-12T04:30:54.856Z] ❌ S3 upload failed for albany/misc/general/unknown/April3CC.pdf: The request signature we calculated does not match the signature you provided. Check your key and signing method.
[2026-02-12T04:30:54.883Z] ❌ S3 upload failed for albany/misc/general/2013/Sept10CC.pdf: The request signature we calculated does not match the signature you provided. Check your key and signing method.
[2026-02-12T04:30:54.887Z] ❌ S3 upload failed for albany/misc/general/unknown/Sept4CC.pdf: The request signature we calculated does not match the signature you provided. Check your key and signing method.
[2026-02-12T04:30:54.914Z] ❌ S3 upload failed for albany/misc/general/2013/July2CC.pdf: The request signature we calculated does not match the signature you provided. Check your key and signing method.
[2026-02-12T04:30:54.919Z] ❌ S3 upload failed for albany/misc/general/unknown/April21CC.pdf: The request signature we calculated does not match the signature you provided. Check your key and signing method.
[2026-02-12T04:30:54.959Z] ❌ S3 upload failed for albany/misc/general/unknown/Nov13CC.pdf: The request signature we calculated does not match the signature you provided. Check your key and signing method.
[2026-02-12T04:30:54.964Z] ❌ S3 upload failed for albany/misc/general/2013/June4CC.pdf: The request signature we calculated does not match the signature you provided. Check your key and signing method.
[2026-02-12T04:30:54.993Z] ❌ S3 upload failed for albany/misc/general/unknown/May1CC.pdf: The request signature we calculated does not match the signature you provided. Check your key and signing method.
[2026-02-12T04:30:54.998Z] ❌ S3 upload failed for albany/misc/general/2013/May8CC.pdf: The request signature we calculated does not match the signature you provided. Check your key and signing method.
[2026-02-12T04:30:55.025Z] ❌ S3 upload failed for albany/misc/general/unknown/Dec4CC.pdf: The request signature we calculated does not match the signature you provided. Check your key and signing method.
[2026-02-12T04:30:55.027Z] ❌ S3 upload failed for albany/misc/general/2013/April2CC.doc: The request signature we calculated does not match the signature you provided. Check your key and signing method.
[2026-02-12T04:30:55.057Z] ❌ S3 upload failed for albany/misc/general/2013/March5CC.pdf: The request signature we calculated does not match the signature you provided. Check your key and signing method.
[2026-02-12T04:30:55.062Z] ❌ S3 upload failed for albany/misc/general/unknown/June12CC.pdf: The request signature we calculated does not match the signature you provided. Check your key and signing method.
[2026-02-12T04:30:55.089Z] ❌ S3 upload failed for albany/misc/general/unknown/July10CC.pdf: The request signature we calculated does not match the signature you provided. Check your key and signing method.
[2026-02-12T04:30:55.090Z] ❌ S3 upload failed for albany/misc/general/2013/Feb5CC.pdf: The request signature we calculated does not match the signature you provided. Check your key and signing method.
[2026-02-12T04:30:55.116Z] ❌ S3 upload failed for albany/misc/general/unknown/May12LGB.pdf: The request signature we calculated does not match the signature you provided. Check your key and signing method.
[2026-02-12T04:30:55.121Z] ❌ S3 upload failed for albany/misc/general/unknown/Feb10LGB.pdf: The request signature we calculated does not match the signature you provided. Check your key and signing method.
[2026-02-12T04:30:55.146Z] ❌ S3 upload failed for albany/misc/general/unknown/Oct25LGB.pdf: The request signature we calculated does not match the signature you provided. Check your key and signing method.
[2026-02-12T04:30:55.150Z] ❌ S3 upload failed for albany/misc/general/unknown/Aug7CC.pdf: The request signature we calculated does not match the signature you provided. Check your key and signing method.
[2026-02-12T04:30:55.175Z] ❌ S3 upload failed for albany/misc/general/unknown/May24LGB.pdf: The request signature we calculated does not match the signature you provided. Check your key and signing method.
[2026-02-12T04:30:55.180Z] ❌ S3 upload failed for albany/misc/general/unknown/April3CC.pdf: The request signature we calculated does not match the signature you provided. Check your key and signing method.
[2026-02-12T04:30:55.207Z] ❌ S3 upload failed for albany/misc/general/unknown/Jan24LGB.pdf: The request signature we calculated does not match the signature you provided. Check your key and signing method.
[2026-02-12T04:30:55.213Z] ❌ S3 upload failed for albany/misc/general/unknown/Sept4CC.pdf: The request signature we calculated does not match the signature you provided. Check your key and signing method.
[2026-02-12T04:30:55.236Z] ❌ S3 upload failed for albany/misc/general/unknown/June28LGB.pdf: The request signature we calculated does not match the signature you provided. Check your key and signing method.
[2026-02-12T04:30:55.237Z] ❌ S3 upload failed for albany/misc/general/unknown/April21CC.pdf: The request signature we calculated does not match the signature you provided. Check your key and signing method.
[2026-02-12T04:30:55.264Z] ❌ S3 upload failed for albany/misc/general/unknown/April25LGB.pdf: The request signature we calculated does not match the signature you provided. Check your key and signing method.
[2026-02-12T04:30:55.268Z] ❌ S3 upload failed for albany/misc/general/unknown/Nov13CC.pdf: The request signature we calculated does not match the signature you provided. Check your key and signing method.
[2026-02-12T04:30:55.291Z] ❌ S3 upload failed for albany/misc/general/unknown/July12LGB.pdf: The request signature we calculated does not match the signature you provided. Check your key and signing method.
[2026-02-12T04:30:55.292Z] ❌ S3 upload failed for albany/misc/general/unknown/May1CC.pdf: The request signature we calculated does not match the signature you provided. Check your key and signing method.
[2026-02-12T04:30:55.293Z]    Progress: 0 uploaded, 0 skipped, 150 failed
[2026-02-12T04:30:55.319Z] ❌ S3 upload failed for albany/misc/general/unknown/May9LGB.pdf: The request signature we calculated does not match the signature you provided. Check your key and signing method.
[2026-02-12T04:30:55.325Z] ❌ S3 upload failed for albany/misc/general/unknown/Dec4CC.pdf: The request signature we calculated does not match the signature you provided. Check your key and signing method.
[2026-02-12T04:30:55.345Z] ❌ S3 upload failed for albany/misc/general/unknown/July26LGB.pdf: The request signature we calculated does not match the signature you provided. Check your key and signing method.
[2026-02-12T04:30:55.351Z] ❌ S3 upload failed for albany/misc/general/unknown/June12CC.pdf: The request signature we calculated does not match the signature you provided. Check your key and signing method.
[2026-02-12T04:30:55.371Z] ❌ S3 upload failed for albany/misc/general/unknown/July19LGB.pdf: The request signature we calculated does not match the signature you provided. Check your key and signing method.
[2026-02-12T04:30:55.376Z] ❌ S3 upload failed for albany/misc/general/unknown/July10CC.pdf: The request signature we calculated does not match the signature you provided. Check your key and signing method.
[2026-02-12T04:30:55.394Z] ❌ S3 upload failed for albany/misc/general/unknown/Sept27LGB.pdf: The request signature we calculated does not match the signature you provided. Check your key and signing method.
[2026-02-12T04:30:55.403Z] ❌ S3 upload failed for albany/misc/general/unknown/May12LGB.pdf: The request signature we calculated does not match the signature you provided. Check your key and signing method.
[2026-02-12T04:30:55.417Z] ❌ S3 upload failed for albany/misc/general/unknown/Jan31LGB.pdf: The request signature we calculated does not match the signature you provided. Check your key and signing method.
[2026-02-12T04:30:55.428Z] ❌ S3 upload failed for albany/misc/general/unknown/Oct25LGB.pdf: The request signature we calculated does not match the signature you provided. Check your key and signing method.
[2026-02-12T04:30:55.450Z] ❌ S3 upload failed for albany/misc/general/unknown/May24LGB.pdf: The request signature we calculated does not match the signature you provided. Check your key and signing method.
[2026-02-12T04:30:55.452Z] ❌ S3 upload failed for albany/misc/general/unknown/April9LG.pdf: The request signature we calculated does not match the signature you provided. Check your key and signing method.
[2026-02-12T04:30:55.475Z] ❌ S3 upload failed for albany/misc/general/unknown/Jan24LGB.pdf: The request signature we calculated does not match the signature you provided. Check your key and signing method.
[2026-02-12T04:30:55.504Z] ❌ S3 upload failed for albany/misc/general/unknown/June28LGB.pdf: The request signature we calculated does not match the signature you provided. Check your key and signing method.
[2026-02-12T04:30:55.525Z] ❌ S3 upload failed for albany/misc/general/unknown/April25LGB.pdf: The request signature we calculated does not match the signature you provided. Check your key and signing method.
[2026-02-12T04:30:55.529Z] ❌ S3 upload failed for albany/misc/general/unknown/Feb3.pdf: The request signature we calculated does not match the signature you provided. Check your key and signing method.
[2026-02-12T04:30:55.550Z] ❌ S3 upload failed for albany/misc/general/unknown/July12LGB.pdf: The request signature we calculated does not match the signature you provided. Check your key and signing method.
[2026-02-12T04:30:55.551Z]    Progress: 0 uploaded, 0 skipped, 150 failed
[2026-02-12T04:30:55.554Z] ❌ S3 upload failed for albany/misc/general/unknown/April12LG.pdf: The request signature we calculated does not match the signature you provided. Check your key and signing method.
[2026-02-12T04:30:55.577Z] ❌ S3 upload failed for albany/misc/general/unknown/May9LGB.pdf: The request signature we calculated does not match the signature you provided. Check your key and signing method.
[2026-02-12T04:30:55.581Z] ❌ S3 upload failed for albany/misc/general/unknown/Feb23.pdf: The request signature we calculated does not match the signature you provided. Check your key and signing method.
[2026-02-12T04:30:55.604Z] ❌ S3 upload failed for albany/misc/general/unknown/May13LG.pdf: The request signature we calculated does not match the signature you provided. Check your key and signing method.
[2026-02-12T04:30:55.605Z] ❌ S3 upload failed for albany/misc/general/unknown/July26LGB.pdf: The request signature we calculated does not match the signature you provided. Check your key and signing method.
[2026-02-12T04:30:55.630Z] ❌ S3 upload failed for albany/misc/general/unknown/March5.pdf: The request signature we calculated does not match the signature you provided. Check your key and signing method.
[2026-02-12T04:30:55.631Z] ❌ S3 upload failed for albany/misc/general/unknown/July19LGB.pdf: The request signature we calculated does not match the signature you provided. Check your key and signing method.
[2026-02-12T04:30:55.655Z] ❌ S3 upload failed for albany/misc/general/unknown/June10LG.pdf: The request signature we calculated does not match the signature you provided. Check your key and signing method.
[2026-02-12T04:30:55.660Z] ❌ S3 upload failed for albany/misc/general/unknown/Sept27LGB.pdf: The request signature we calculated does not match the signature you provided. Check your key and signing method.
[2026-02-12T04:30:55.682Z] ❌ S3 upload failed for albany/misc/general/unknown/March19.pdf: The request signature we calculated does not match the signature you provided. Check your key and signing method.
[2026-02-12T04:30:55.685Z] ❌ S3 upload failed for albany/misc/general/unknown/Jan31LGB.pdf: The request signature we calculated does not match the signature you provided. Check your key and signing method.
[2026-02-12T04:30:55.709Z] ❌ S3 upload failed for albany/misc/general/unknown/Dec11LG.pdf: The request signature we calculated does not match the signature you provided. Check your key and signing method.
[2026-02-12T04:30:55.710Z] ❌ S3 upload failed for albany/misc/general/unknown/April9LG.pdf: The request signature we calculated does not match the signature you provided. Check your key and signing method.
[2026-02-12T04:30:55.734Z] ❌ S3 upload failed for albany/misc/general/unknown/March31LGB.pdf: The request signature we calculated does not match the signature you provided. Check your key and signing method.
[2026-02-12T04:30:55.738Z] ❌ S3 upload failed for albany/misc/general/unknown/Feb3.pdf: The request signature we calculated does not match the signature you provided. Check your key and signing method.
[2026-02-12T04:30:55.771Z] ❌ S3 upload failed for albany/misc/general/unknown/Jan27.pdf: The request signature we calculated does not match the signature you provided. Check your key and signing method.
[2026-02-12T04:30:55.786Z] ❌ S3 upload failed for albany/misc/general/unknown/April12LG.pdf: The request signature we calculated does not match the signature you provided. Check your key and signing method.
[2026-02-12T04:30:55.801Z] ❌ S3 upload failed for albany/misc/general/unknown/April5LGB.pdf: The request signature we calculated does not match the signature you provided. Check your key and signing method.
[2026-02-12T04:30:55.815Z] ❌ S3 upload failed for albany/misc/general/unknown/Feb23.pdf: The request signature we calculated does not match the signature you provided. Check your key and signing method.
[2026-02-12T04:30:55.845Z] ❌ S3 upload failed for albany/misc/general/unknown/May13LG.pdf: The request signature we calculated does not match the signature you provided. Check your key and signing method.
[2026-02-12T04:30:55.858Z] ❌ S3 upload failed for albany/misc/general/2013/MasterPlanFinal.pdf: The request signature we calculated does not match the signature you provided. Check your key and signing method.
[2026-02-12T04:30:55.876Z] ❌ S3 upload failed for albany/misc/general/unknown/March5.pdf: The request signature we calculated does not match the signature you provided. Check your key and signing method.
[2026-02-12T04:30:55.882Z] ❌ S3 upload failed for albany/forms/general/2023/APB-Form-22-Fee-Schedule-Revised_20231113.pdf: The request signature we calculated does not match the signature you provided. Check your key and signing method.
[2026-02-12T04:30:55.904Z] ❌ S3 upload failed for albany/misc/general/unknown/June10LG.pdf: The request signature we calculated does not match the signature you provided. Check your key and signing method.
[2026-02-12T04:30:55.911Z] ❌ S3 upload failed for albany/forms/general/2019/APB-Form-31-Preliminary-Consultation-Form-20191021.pdf: The request signature we calculated does not match the signature you provided. Check your key and signing method.
[2026-02-12T04:30:55.937Z] ❌ S3 upload failed for albany/misc/general/unknown/March19.pdf: The request signature we calculated does not match the signature you provided. Check your key and signing method.
[2026-02-12T04:30:55.943Z] ❌ S3 upload failed for albany/forms/general/2019/APB-Form-20-SPR-Appl.pdf: The request signature we calculated does not match the signature you provided. Check your key and signing method.
[2026-02-12T04:30:55.962Z] ❌ S3 upload failed for albany/misc/general/unknown/Dec11LG.pdf: The request signature we calculated does not match the signature you provided. Check your key and signing method.
[2026-02-12T04:30:55.968Z] ❌ S3 upload failed for albany/forms/general/2019/APB-Form-21-SPR-Chklst.pdf: The request signature we calculated does not match the signature you provided. Check your key and signing method.
[2026-02-12T04:30:55.988Z] ❌ S3 upload failed for albany/misc/general/unknown/March31LGB.pdf: The request signature we calculated does not match the signature you provided. Check your key and signing method.
[2026-02-12T04:30:56.001Z] ❌ S3 upload failed for albany/forms/general/2019/APB-Form-10-Major-Minor-BLA-Sub.-Appl_8.6.18.pdf: The request signature we calculated does not match the signature you provided. Check your key and signing method.
[2026-02-12T04:30:56.017Z] ❌ S3 upload failed for albany/misc/general/unknown/Jan27.pdf: The request signature we calculated does not match the signature you provided. Check your key and signing method.
[2026-02-12T04:30:56.026Z] ❌ S3 upload failed for albany/forms/general/2019/APB-Form-11-Maj.-Sub.-Chk-List_8.6.18.pdf: The request signature we calculated does not match the signature you provided. Check your key and signing method.
[2026-02-12T04:30:56.052Z] ❌ S3 upload failed for albany/misc/general/unknown/April5LGB.pdf: The request signature we calculated does not match the signature you provided. Check your key and signing method.
[2026-02-12T04:30:56.060Z] ❌ S3 upload failed for albany/forms/general/2019/APB-Form-13-Minor-Sub.-Chk-List_8.6.18.pdf: The request signature we calculated does not match the signature you provided. Check your key and signing method.
[2026-02-12T04:30:56.085Z] ❌ S3 upload failed for albany/misc/general/2013/MasterPlanFinal.pdf: The request signature we calculated does not match the signature you provided. Check your key and signing method.
[2026-02-12T04:30:56.084Z] ❌ S3 upload failed for albany/forms/general/2021/APB-Form-15-BLA-Chk-List_8.6.18.pdf: The request signature we calculated does not match the signature you provided. Check your key and signing method.
[2026-02-12T04:30:56.110Z] ❌ S3 upload failed for albany/forms/general/2019/APB-Form-17-Parcel-Mrgr-Appl_2017.pdf: The request signature we calculated does not match the signature you provided. Check your key and signing method.
[2026-02-12T04:30:56.111Z] ❌ S3 upload failed for albany/forms/general/2023/APB-Form-22-Fee-Schedule-Revised_20231113.pdf: The request signature we calculated does not match the signature you provided. Check your key and signing method.
[2026-02-12T04:30:56.138Z] ❌ S3 upload failed for albany/forms/general/2019/APB-Form-31-Preliminary-Consultation-Form-20191021.pdf: The request signature we calculated does not match the signature you provided. Check your key and signing method.
[2026-02-12T04:30:56.151Z] ❌ S3 upload failed for albany/minutes/general/2026/APB-20260112-Minutes-Approved.pdf: The request signature we calculated does not match the signature you provided. Check your key and signing method.
[2026-02-12T04:30:56.159Z] ❌ S3 upload failed for albany/forms/general/2019/APB-Form-20-SPR-Appl.pdf: The request signature we calculated does not match the signature you provided. Check your key and signing method.
[2026-02-12T04:30:56.185Z] ❌ S3 upload failed for albany/forms/general/2019/APB-Form-21-SPR-Chklst.pdf: The request signature we calculated does not match the signature you provided. Check your key and signing method.
[2026-02-12T04:30:56.190Z] ❌ S3 upload failed for albany/minutes/general/2026/APB-20251208-Minutes-Approved.pdf: The request signature we calculated does not match the signature you provided. Check your key and signing method.
[2026-02-12T04:30:56.215Z] ❌ S3 upload failed for albany/minutes/general/2026/APB-20251110-Minutes-Approved.pdf: The request signature we calculated does not match the signature you provided. Check your key and signing method.
[2026-02-12T04:30:56.217Z] ❌ S3 upload failed for albany/forms/general/2019/APB-Form-10-Major-Minor-BLA-Sub.-Appl_8.6.18.pdf: The request signature we calculated does not match the signature you provided. Check your key and signing method.
[2026-02-12T04:30:56.241Z] ❌ S3 upload failed for albany/forms/general/2019/APB-Form-11-Maj.-Sub.-Chk-List_8.6.18.pdf: The request signature we calculated does not match the signature you provided. Check your key and signing method.
[2026-02-12T04:30:56.244Z] ❌ S3 upload failed for albany/misc/general/2025/SKM_C3320i25111210260.pdf: The request signature we calculated does not match the signature you provided. Check your key and signing method.
[2026-02-12T04:30:56.269Z] ❌ S3 upload failed for albany/forms/general/2019/APB-Form-13-Minor-Sub.-Chk-List_8.6.18.pdf: The request signature we calculated does not match the signature you provided. Check your key and signing method.
[2026-02-12T04:30:56.274Z] ❌ S3 upload failed for albany/minutes/general/2025/APB-20250908-Minutes-Approved.pdf: The request signature we calculated does not match the signature you provided. Check your key and signing method.
[2026-02-12T04:30:56.301Z] ❌ S3 upload failed for albany/forms/general/2021/APB-Form-15-BLA-Chk-List_8.6.18.pdf: The request signature we calculated does not match the signature you provided. Check your key and signing method.
[2026-02-12T04:30:56.306Z] ❌ S3 upload failed for albany/minutes/general/2025/APB-20250811-Minutes-Approved.pdf: The request signature we calculated does not match the signature you provided. Check your key and signing method.
[2026-02-12T04:30:56.331Z] ❌ S3 upload failed for albany/forms/general/2019/APB-Form-17-Parcel-Mrgr-Appl_2017.pdf: The request signature we calculated does not match the signature you provided. Check your key and signing method.
[2026-02-12T04:30:56.333Z] ❌ S3 upload failed for albany/minutes/general/2025/APB-20250714-Minutes-Approved.pdf: The request signature we calculated does not match the signature you provided. Check your key and signing method.
[2026-02-12T04:30:56.355Z] ❌ S3 upload failed for albany/minutes/general/2025/APB-20250609-Minutes-Approved.pdf: The request signature we calculated does not match the signature you provided. Check your key and signing method.
[2026-02-12T04:30:56.358Z] ❌ S3 upload failed for albany/minutes/general/2026/APB-20260112-Minutes-Approved.pdf: The request signature we calculated does not match the signature you provided. Check your key and signing method.
[2026-02-12T04:30:56.383Z] ❌ S3 upload failed for albany/minutes/general/2026/APB-20251208-Minutes-Approved.pdf: The request signature we calculated does not match the signature you provided. Check your key and signing method.
[2026-02-12T04:30:56.384Z] ❌ S3 upload failed for albany/minutes/general/2025/APB-20250512-Minutes-Approved.pdf: The request signature we calculated does not match the signature you provided. Check your key and signing method.
[2026-02-12T04:30:56.411Z] ❌ S3 upload failed for albany/minutes/general/2025/APB-20250414-Minutes-Approved.pdf: The request signature we calculated does not match the signature you provided. Check your key and signing method.
[2026-02-12T04:30:56.412Z] ❌ S3 upload failed for albany/minutes/general/2026/APB-20251110-Minutes-Approved.pdf: The request signature we calculated does not match the signature you provided. Check your key and signing method.
[2026-02-12T04:30:56.435Z] ❌ S3 upload failed for albany/minutes/general/2025/APB-20250310-Minutes-Approved.pdf: The request signature we calculated does not match the signature you provided. Check your key and signing method.
[2026-02-12T04:30:56.442Z] ❌ S3 upload failed for albany/misc/general/2025/SKM_C3320i25111210260.pdf: The request signature we calculated does not match the signature you provided. Check your key and signing method.
[2026-02-12T04:30:56.473Z] ❌ S3 upload failed for albany/minutes/general/2025/APB-20250908-Minutes-Approved.pdf: The request signature we calculated does not match the signature you provided. Check your key and signing method.
[2026-02-12T04:30:56.482Z] ❌ S3 upload failed for albany/minutes/general/2025/APB-20250210-Minutes-Approved.pdf: The request signature we calculated does not match the signature you provided. Check your key and signing method.
[2026-02-12T04:30:56.500Z] ❌ S3 upload failed for albany/minutes/general/2025/APB-20250811-Minutes-Approved.pdf: The request signature we calculated does not match the signature you provided. Check your key and signing method.
[2026-02-12T04:30:56.514Z] ❌ S3 upload failed for albany/minutes/general/2025/APB-20250113-Minutes-Approved.pdf: The request signature we calculated does not match the signature you provided. Check your key and signing method.
[2026-02-12T04:30:56.544Z] ❌ S3 upload failed for albany/minutes/general/2025/APB-20241209-Minutes-Approved.pdf: The request signature we calculated does not match the signature you provided. Check your key and signing method.
[2026-02-12T04:30:56.570Z] ❌ S3 upload failed for albany/minutes/general/2024/APB-20241111-Minutes-Approved.pdf: The request signature we calculated does not match the signature you provided. Check your key and signing method.
[2026-02-12T04:30:56.573Z] ❌ S3 upload failed for albany/minutes/general/2025/APB-20250714-Minutes-Approved.pdf: The request signature we calculated does not match the signature you provided. Check your key and signing method.
[2026-02-12T04:30:56.600Z] ❌ S3 upload failed for albany/minutes/general/2025/APB-20250609-Minutes-Approved.pdf: The request signature we calculated does not match the signature you provided. Check your key and signing method.
[2026-02-12T04:30:56.604Z] ❌ S3 upload failed for albany/minutes/general/2024/APB-20241014-Minutes-Approved.pdf: The request signature we calculated does not match the signature you provided. Check your key and signing method.
[2026-02-12T04:30:56.634Z] ❌ S3 upload failed for albany/minutes/general/2025/APB-20250512-Minutes-Approved.pdf: The request signature we calculated does not match the signature you provided. Check your key and signing method.
[2026-02-12T04:30:56.635Z] ❌ S3 upload failed for albany/minutes/general/2024/APB-20240909-Minutes-Approved.pdf: The request signature we calculated does not match the signature you provided. Check your key and signing method.
[2026-02-12T04:30:56.664Z] ❌ S3 upload failed for albany/minutes/general/2024/APB-20240812-Minutes-Approved.pdf: The request signature we calculated does not match the signature you provided. Check your key and signing method.
[2026-02-12T04:30:56.690Z] ❌ S3 upload failed for albany/minutes/general/2025/APB-20250414-Minutes-Approved.pdf: The request signature we calculated does not match the signature you provided. Check your key and signing method.
[2026-02-12T04:30:56.715Z] ❌ S3 upload failed for albany/minutes/general/2024/APB-20240708-Minutes-Approved.pdf: The request signature we calculated does not match the signature you provided. Check your key and signing method.
[2026-02-12T04:30:56.740Z] ❌ S3 upload failed for albany/minutes/general/2024/APB-20240610-Minutes-Approved.pdf: The request signature we calculated does not match the signature you provided. Check your key and signing method.
[2026-02-12T04:30:56.760Z] ❌ S3 upload failed for albany/minutes/general/2025/APB-20250310-Minutes-Approved.pdf: The request signature we calculated does not match the signature you provided. Check your key and signing method.
[2026-02-12T04:30:56.767Z] ❌ S3 upload failed for albany/minutes/general/2024/APB-20240513-Minutes-Approved.pdf: The request signature we calculated does not match the signature you provided. Check your key and signing method.
[2026-02-12T04:30:56.788Z] ❌ S3 upload failed for albany/minutes/general/2025/APB-20250210-Minutes-Approved.pdf: The request signature we calculated does not match the signature you provided. Check your key and signing method.
[2026-02-12T04:30:56.789Z] ❌ S3 upload failed for albany/minutes/general/2024/APB-20240422-Minutes-Approved.pdf: The request signature we calculated does not match the signature you provided. Check your key and signing method.
[2026-02-12T04:30:56.820Z] ❌ S3 upload failed for albany/minutes/general/2025/APB-20250113-Minutes-Approved.pdf: The request signature we calculated does not match the signature you provided. Check your key and signing method.
[2026-02-12T04:30:56.824Z] ❌ S3 upload failed for albany/minutes/general/2024/APB-20240311-Minutes-Approved.pdf: The request signature we calculated does not match the signature you provided. Check your key and signing method.
[2026-02-12T04:30:56.827Z]    Progress: 0 uploaded, 0 skipped, 200 failed
[2026-02-12T04:30:56.849Z] ❌ S3 upload failed for albany/minutes/general/2025/APB-20241209-Minutes-Approved.pdf: The request signature we calculated does not match the signature you provided. Check your key and signing method.
[2026-02-12T04:30:56.853Z] ❌ S3 upload failed for albany/minutes/general/2024/APB-20240212-Minutes-Approved.pdf: The request signature we calculated does not match the signature you provided. Check your key and signing method.
[2026-02-12T04:30:56.876Z] ❌ S3 upload failed for albany/minutes/general/2024/APB-20241111-Minutes-Approved.pdf: The request signature we calculated does not match the signature you provided. Check your key and signing method.
[2026-02-12T04:30:56.880Z] ❌ S3 upload failed for albany/minutes/general/2023/APB-20231113-Minutes-Approved.pdf: The request signature we calculated does not match the signature you provided. Check your key and signing method.
[2026-02-12T04:30:56.907Z] ❌ S3 upload failed for albany/minutes/general/2024/APB-20241014-Minutes-Approved.pdf: The request signature we calculated does not match the signature you provided. Check your key and signing method.
[2026-02-12T04:30:56.908Z] ❌ S3 upload failed for albany/minutes/general/2023/APB-20231009-Minutes-Approved.pdf: The request signature we calculated does not match the signature you provided. Check your key and signing method.
[2026-02-12T04:30:56.932Z] ❌ S3 upload failed for albany/minutes/general/2023/APB-20230911-Minutes-Approved.pdf: The request signature we calculated does not match the signature you provided. Check your key and signing method.
[2026-02-12T04:30:56.959Z] ❌ S3 upload failed for albany/minutes/general/2023/APB-20230710-Minutes-Approved.pdf: The request signature we calculated does not match the signature you provided. Check your key and signing method.
[2026-02-12T04:30:56.964Z] ❌ S3 upload failed for albany/minutes/general/2024/APB-20240909-Minutes-Approved.pdf: The request signature we calculated does not match the signature you provided. Check your key and signing method.
[2026-02-12T04:30:56.986Z] ❌ S3 upload failed for albany/minutes/general/2023/APB-20230612-Minutes-Approved.pdf: The request signature we calculated does not match the signature you provided. Check your key and signing method.
[2026-02-12T04:30:56.991Z] ❌ S3 upload failed for albany/minutes/general/2024/APB-20240812-Minutes-Approved.pdf: The request signature we calculated does not match the signature you provided. Check your key and signing method.
[2026-02-12T04:30:57.009Z] ❌ S3 upload failed for albany/minutes/general/2023/APB-20230508-Minutes-Approved.pdf: The request signature we calculated does not match the signature you provided. Check your key and signing method.
[2026-02-12T04:30:57.016Z] ❌ S3 upload failed for albany/minutes/general/2024/APB-20240708-Minutes-Approved.pdf: The request signature we calculated does not match the signature you provided. Check your key and signing method.
[2026-02-12T04:30:57.033Z] ❌ S3 upload failed for albany/minutes/general/2023/APB-20230410-Minutes-Approved.pdf: The request signature we calculated does not match the signature you provided. Check your key and signing method.
[2026-02-12T04:30:57.042Z] ❌ S3 upload failed for albany/minutes/general/2024/APB-20240610-Minutes-Approved.pdf: The request signature we calculated does not match the signature you provided. Check your key and signing method.
[2026-02-12T04:30:57.057Z] ❌ S3 upload failed for albany/minutes/general/2023/APB-20230313-Minutes-Approved.pdf: The request signature we calculated does not match the signature you provided. Check your key and signing method.
[2026-02-12T04:30:57.063Z] ❌ S3 upload failed for albany/minutes/general/2024/APB-20240513-Minutes-Approved.pdf: The request signature we calculated does not match the signature you provided. Check your key and signing method.
[2026-02-12T04:30:57.082Z] ❌ S3 upload failed for albany/minutes/general/2023/APB-20230213-Minutes-Approved.pdf: The request signature we calculated does not match the signature you provided. Check your key and signing method.
[2026-02-12T04:30:57.093Z] ❌ S3 upload failed for albany/minutes/general/2024/APB-20240422-Minutes-Approved.pdf: The request signature we calculated does not match the signature you provided. Check your key and signing method.
[2026-02-12T04:30:57.131Z] ❌ S3 upload failed for albany/minutes/general/2024/APB-20240311-Minutes-Approved.pdf: The request signature we calculated does not match the signature you provided. Check your key and signing method.
[2026-02-12T04:30:57.132Z] ❌ S3 upload failed for albany/minutes/general/2023/APB-20230109-Minutes-Approved.pdf: The request signature we calculated does not match the signature you provided. Check your key and signing method.
[2026-02-12T04:30:57.132Z]    Progress: 0 uploaded, 0 skipped, 200 failed
[2026-02-12T04:30:57.156Z] ❌ S3 upload failed for albany/minutes/general/2023/APB-20221212-Minutes-Approved.pdf: The request signature we calculated does not match the signature you provided. Check your key and signing method.
[2026-02-12T04:30:57.171Z] ❌ S3 upload failed for albany/minutes/general/2024/APB-20240212-Minutes-Approved.pdf: The request signature we calculated does not match the signature you provided. Check your key and signing method.
[2026-02-12T04:30:57.179Z] ❌ S3 upload failed for albany/minutes/general/2023/APB-20221114-Minutes-Approved.pdf: The request signature we calculated does not match the signature you provided. Check your key and signing method.
[2026-02-12T04:30:57.194Z] ❌ S3 upload failed for albany/minutes/general/2023/APB-20231113-Minutes-Approved.pdf: The request signature we calculated does not match the signature you provided. Check your key and signing method.
[2026-02-12T04:30:57.205Z] ❌ S3 upload failed for albany/minutes/general/2022/APB-20221010-Minutes-Approved.pdf: The request signature we calculated does not match the signature you provided. Check your key and signing method.
[2026-02-12T04:30:57.226Z] ❌ S3 upload failed for albany/minutes/general/2023/APB-20231009-Minutes-Approved.pdf: The request signature we calculated does not match the signature you provided. Check your key and signing method.
[2026-02-12T04:30:57.232Z] ❌ S3 upload failed for albany/minutes/general/2022/APB-20220912-Minutes-Approved.pdf: The request signature we calculated does not match the signature you provided. Check your key and signing method.
[2026-02-12T04:30:57.249Z] ❌ S3 upload failed for albany/minutes/general/2023/APB-20230911-Minutes-Approved.pdf: The request signature we calculated does not match the signature you provided. Check your key and signing method.
[2026-02-12T04:30:57.268Z] ❌ S3 upload failed for albany/minutes/general/2022/APB-20220808-Minutes-Approved.pdf: The request signature we calculated does not match the signature you provided. Check your key and signing method.
[2026-02-12T04:30:57.277Z] ❌ S3 upload failed for albany/minutes/general/2023/APB-20230710-Minutes-Approved.pdf: The request signature we calculated does not match the signature you provided. Check your key and signing method.
[2026-02-12T04:30:57.295Z] ❌ S3 upload failed for albany/minutes/general/2022/APB-20220613-Minutes-Approved.pdf: The request signature we calculated does not match the signature you provided. Check your key and signing method.
[2026-02-12T04:30:57.314Z] ❌ S3 upload failed for albany/minutes/general/2023/APB-20230612-Minutes-Approved.pdf: The request signature we calculated does not match the signature you provided. Check your key and signing method.
[2026-02-12T04:30:57.319Z] ❌ S3 upload failed for albany/minutes/general/2022/APB-20220509-Minutes-Approved.pdf: The request signature we calculated does not match the signature you provided. Check your key and signing method.
[2026-02-12T04:30:57.337Z] ❌ S3 upload failed for albany/minutes/general/2023/APB-20230508-Minutes-Approved.pdf: The request signature we calculated does not match the signature you provided. Check your key and signing method.
[2026-02-12T04:30:57.346Z] ❌ S3 upload failed for albany/minutes/general/2022/APB-20220411-Minutes-Approved.pdf: The request signature we calculated does not match the signature you provided. Check your key and signing method.
[2026-02-12T04:30:57.362Z] ❌ S3 upload failed for albany/minutes/general/2023/APB-20230410-Minutes-Approved.pdf: The request signature we calculated does not match the signature you provided. Check your key and signing method.
[2026-02-12T04:30:57.371Z] ❌ S3 upload failed for albany/minutes/general/2022/APB-20220314-Minutes-Approved.pdf: The request signature we calculated does not match the signature you provided. Check your key and signing method.
[2026-02-12T04:30:57.390Z] ❌ S3 upload failed for albany/minutes/general/2023/APB-20230313-Minutes-Approved.pdf: The request signature we calculated does not match the signature you provided. Check your key and signing method.
[2026-02-12T04:30:57.399Z] ❌ S3 upload failed for albany/minutes/general/2022/APB-20220110-Minutes-Approved.pdf: The request signature we calculated does not match the signature you provided. Check your key and signing method.
[2026-02-12T04:30:57.415Z] ❌ S3 upload failed for albany/minutes/general/2023/APB-20230213-Minutes-Approved.pdf: The request signature we calculated does not match the signature you provided. Check your key and signing method.
[2026-02-12T04:30:57.422Z] ❌ S3 upload failed for albany/minutes/general/2022/APB-20211213-Minutes-Approved.pdf: The request signature we calculated does not match the signature you provided. Check your key and signing method.
[2026-02-12T04:30:57.441Z] ❌ S3 upload failed for albany/minutes/general/2023/APB-20230109-Minutes-Approved.pdf: The request signature we calculated does not match the signature you provided. Check your key and signing method.
[2026-02-12T04:30:57.448Z] ❌ S3 upload failed for albany/minutes/general/2021/APB-20211108-Minutes-Approved.pdf: The request signature we calculated does not match the signature you provided. Check your key and signing method.
[2026-02-12T04:30:57.466Z] ❌ S3 upload failed for albany/minutes/general/2023/APB-20221212-Minutes-Approved.pdf: The request signature we calculated does not match the signature you provided. Check your key and signing method.
[2026-02-12T04:30:57.483Z] ❌ S3 upload failed for albany/minutes/general/2021/APB-20211018-Minutes-Approved.pdf: The request signature we calculated does not match the signature you provided. Check your key and signing method.
[2026-02-12T04:30:57.500Z] ❌ S3 upload failed for albany/minutes/general/2023/APB-20221114-Minutes-Approved.pdf: The request signature we calculated does not match the signature you provided. Check your key and signing method.
[2026-02-12T04:30:57.509Z] ❌ S3 upload failed for albany/minutes/general/2021/APB-20210913-Minutes-Approved.pdf: The request signature we calculated does not match the signature you provided. Check your key and signing method.
[2026-02-12T04:30:57.526Z] ❌ S3 upload failed for albany/minutes/general/2022/APB-20221010-Minutes-Approved.pdf: The request signature we calculated does not match the signature you provided. Check your key and signing method.
[2026-02-12T04:30:57.533Z] ❌ S3 upload failed for albany/minutes/general/2021/APB-20210809-Minutes-Approved.pdf: The request signature we calculated does not match the signature you provided. Check your key and signing method.
[2026-02-12T04:30:57.553Z] ❌ S3 upload failed for albany/minutes/general/2022/APB-20220912-Minutes-Approved.pdf: The request signature we calculated does not match the signature you provided. Check your key and signing method.
[2026-02-12T04:30:57.579Z] ❌ S3 upload failed for albany/minutes/general/2022/APB-20220808-Minutes-Approved.pdf: The request signature we calculated does not match the signature you provided. Check your key and signing method.
[2026-02-12T04:30:57.601Z] ❌ S3 upload failed for albany/minutes/general/2021/APB-20210712-Minutes-Approved.pdf: The request signature we calculated does not match the signature you provided. Check your key and signing method.
[2026-02-12T04:30:57.605Z] ❌ S3 upload failed for albany/minutes/general/2022/APB-20220613-Minutes-Approved.pdf: The request signature we calculated does not match the signature you provided. Check your key and signing method.
[2026-02-12T04:30:57.629Z] ❌ S3 upload failed for albany/minutes/general/2022/APB-20220509-Minutes-Approved.pdf: The request signature we calculated does not match the signature you provided. Check your key and signing method.
[2026-02-12T04:30:57.649Z] ❌ S3 upload failed for albany/minutes/general/2021/APB-20210614-Minutes-Approved.pdf: The request signature we calculated does not match the signature you provided. Check your key and signing method.
[2026-02-12T04:30:57.657Z] ❌ S3 upload failed for albany/minutes/general/2022/APB-20220411-Minutes-Approved.pdf: The request signature we calculated does not match the signature you provided. Check your key and signing method.
[2026-02-12T04:30:57.673Z] ❌ S3 upload failed for albany/minutes/general/2021/APB-20210510-Minutes-Approved.pdf: The request signature we calculated does not match the signature you provided. Check your key and signing method.
[2026-02-12T04:30:57.681Z] ❌ S3 upload failed for albany/minutes/general/2022/APB-20220314-Minutes-Approved.pdf: The request signature we calculated does not match the signature you provided. Check your key and signing method.
[2026-02-12T04:30:57.699Z] ❌ S3 upload failed for albany/minutes/general/2021/APB-20210412-Minutes-Approved.pdf: The request signature we calculated does not match the signature you provided. Check your key and signing method.
[2026-02-12T04:30:57.709Z] ❌ S3 upload failed for albany/minutes/general/2022/APB-20220110-Minutes-Approved.pdf: The request signature we calculated does not match the signature you provided. Check your key and signing method.
[2026-02-12T04:30:57.723Z] ❌ S3 upload failed for albany/minutes/general/2021/APB-20210308-Minutes-Approved.pdf: The request signature we calculated does not match the signature you provided. Check your key and signing method.
[2026-02-12T04:30:57.740Z] ❌ S3 upload failed for albany/minutes/general/2021/APB-20210111-Minutes.pdf: The request signature we calculated does not match the signature you provided. Check your key and signing method.
[2026-02-12T04:30:57.741Z] ❌ S3 upload failed for albany/minutes/general/2022/APB-20211213-Minutes-Approved.pdf: The request signature we calculated does not match the signature you provided. Check your key and signing method.
[2026-02-12T04:30:57.768Z] ❌ S3 upload failed for albany/minutes/general/2021/APB-20201214-Minutes-Approved.pdf: The request signature we calculated does not match the signature you provided. Check your key and signing method.
[2026-02-12T04:30:57.770Z] ❌ S3 upload failed for albany/minutes/general/2021/APB-20211108-Minutes-Approved.pdf: The request signature we calculated does not match the signature you provided. Check your key and signing method.
[2026-02-12T04:30:57.797Z] ❌ S3 upload failed for albany/minutes/general/2020/APB-20201109-Minutes-Approved.pdf: The request signature we calculated does not match the signature you provided. Check your key and signing method.
[2026-02-12T04:30:57.827Z] ❌ S3 upload failed for albany/minutes/general/2020/APB-20201012-Minutes-Approved.pdf: The request signature we calculated does not match the signature you provided. Check your key and signing method.
[2026-02-12T04:30:57.857Z] ❌ S3 upload failed for albany/minutes/general/2020/APB-20200914-Minutes-Approved.pdf: The request signature we calculated does not match the signature you provided. Check your key and signing method.
[2026-02-12T04:30:57.861Z] ❌ S3 upload failed for albany/minutes/general/2021/APB-20211018-Minutes-Approved.pdf: The request signature we calculated does not match the signature you provided. Check your key and signing method.
[2026-02-12T04:30:57.886Z] ❌ S3 upload failed for albany/minutes/general/2021/APB-20210913-Minutes-Approved.pdf: The request signature we calculated does not match the signature you provided. Check your key and signing method.
[2026-02-12T04:30:57.887Z] ❌ S3 upload failed for albany/minutes/general/2020/APB-20200810-Minutes-Approved.pdf: The request signature we calculated does not match the signature you provided. Check your key and signing method.
[2026-02-12T04:30:57.912Z] ❌ S3 upload failed for albany/minutes/general/2021/APB-20210809-Minutes-Approved.pdf: The request signature we calculated does not match the signature you provided. Check your key and signing method.
[2026-02-12T04:30:57.916Z] ❌ S3 upload failed for albany/minutes/general/2020/APB-20200713-Minutes-Approved.pdf: The request signature we calculated does not match the signature you provided. Check your key and signing method.
[2026-02-12T04:30:57.945Z] ❌ S3 upload failed for albany/minutes/general/2021/APB-20210712-Minutes-Approved.pdf: The request signature we calculated does not match the signature you provided. Check your key and signing method.
[2026-02-12T04:30:57.953Z] ❌ S3 upload failed for albany/minutes/general/2020/APB-20200608-Minutes-Approved.pdf: The request signature we calculated does not match the signature you provided. Check your key and signing method.
[2026-02-12T04:30:57.966Z] ❌ S3 upload failed for albany/minutes/general/2021/APB-20210614-Minutes-Approved.pdf: The request signature we calculated does not match the signature you provided. Check your key and signing method.
[2026-02-12T04:30:57.988Z] ❌ S3 upload failed for albany/minutes/general/2020/APB-20200511-Minutes-Approved.pdf: The request signature we calculated does not match the signature you provided. Check your key and signing method.
[2026-02-12T04:30:57.989Z] ❌ S3 upload failed for albany/minutes/general/2021/APB-20210510-Minutes-Approved.pdf: The request signature we calculated does not match the signature you provided. Check your key and signing method.
[2026-02-12T04:30:58.015Z] ❌ S3 upload failed for albany/misc/general/2020/APB-20200413-Meeting-canceled.pdf: The request signature we calculated does not match the signature you provided. Check your key and signing method.
[2026-02-12T04:30:58.030Z] ❌ S3 upload failed for albany/minutes/general/2021/APB-20210412-Minutes-Approved.pdf: The request signature we calculated does not match the signature you provided. Check your key and signing method.
[2026-02-12T04:30:58.044Z] ❌ S3 upload failed for albany/minutes/general/2020/APB-20200309-Minutes-Approved.pdf: The request signature we calculated does not match the signature you provided. Check your key and signing method.
[2026-02-12T04:30:58.069Z] ❌ S3 upload failed for albany/minutes/general/2020/APB-20200210-Minutes-Approved.pdf: The request signature we calculated does not match the signature you provided. Check your key and signing method.
[2026-02-12T04:30:58.090Z] ❌ S3 upload failed for albany/minutes/general/2021/APB-20210308-Minutes-Approved.pdf: The request signature we calculated does not match the signature you provided. Check your key and signing method.
[2026-02-12T04:30:58.093Z] ❌ S3 upload failed for albany/minutes/general/2020/APB-20200113-Minutes-Approved.pdf: The request signature we calculated does not match the signature you provided. Check your key and signing method.
[2026-02-12T04:30:58.115Z] ❌ S3 upload failed for albany/minutes/general/2021/APB-20210111-Minutes.pdf: The request signature we calculated does not match the signature you provided. Check your key and signing method.
[2026-02-12T04:30:58.129Z] ❌ S3 upload failed for albany/misc/general/2020/Dec9PB.pdf: The request signature we calculated does not match the signature you provided. Check your key and signing method.
[2026-02-12T04:30:58.147Z] ❌ S3 upload failed for albany/minutes/general/2021/APB-20201214-Minutes-Approved.pdf: The request signature we calculated does not match the signature you provided. Check your key and signing method.
[2026-02-12T04:30:58.148Z] ❌ S3 upload failed for albany/misc/general/2019/Nov19PB.pdf: The request signature we calculated does not match the signature you provided. Check your key and signing method.
[2026-02-12T04:30:58.176Z] ❌ S3 upload failed for albany/minutes/general/2020/APB-20201109-Minutes-Approved.pdf: The request signature we calculated does not match the signature you provided. Check your key and signing method.
[2026-02-12T04:30:58.179Z] ❌ S3 upload failed for albany/misc/general/2019/Oct14PB.pdf: The request signature we calculated does not match the signature you provided. Check your key and signing method.
[2026-02-12T04:30:58.202Z] ❌ S3 upload failed for albany/minutes/general/2020/APB-20201012-Minutes-Approved.pdf: The request signature we calculated does not match the signature you provided. Check your key and signing method.
[2026-02-12T04:30:58.218Z] ❌ S3 upload failed for albany/misc/general/2019/Sept9PB.pdf: The request signature we calculated does not match the signature you provided. Check your key and signing method.
[2026-02-12T04:30:58.243Z] ❌ S3 upload failed for albany/minutes/general/2020/APB-20200914-Minutes-Approved.pdf: The request signature we calculated does not match the signature you provided. Check your key and signing method.
[2026-02-12T04:30:58.266Z] ❌ S3 upload failed for albany/misc/general/2019/Aug12PB.pdf: The request signature we calculated does not match the signature you provided. Check your key and signing method.
[2026-02-12T04:30:58.272Z] ❌ S3 upload failed for albany/minutes/general/2020/APB-20200810-Minutes-Approved.pdf: The request signature we calculated does not match the signature you provided. Check your key and signing method.
[2026-02-12T04:30:58.291Z] ❌ S3 upload failed for albany/misc/general/2019/July8PB.pdf: The request signature we calculated does not match the signature you provided. Check your key and signing method.
[2026-02-12T04:30:58.292Z]    Progress: 0 uploaded, 0 skipped, 250 failed
[2026-02-12T04:30:58.298Z] ❌ S3 upload failed for albany/minutes/general/2020/APB-20200713-Minutes-Approved.pdf: The request signature we calculated does not match the signature you provided. Check your key and signing method.
[2026-02-12T04:30:58.333Z] ❌ S3 upload failed for albany/minutes/general/2020/APB-20200608-Minutes-Approved.pdf: The request signature we calculated does not match the signature you provided. Check your key and signing method.
[2026-02-12T04:30:58.347Z] ❌ S3 upload failed for albany/misc/general/2019/June10PB.pdf: The request signature we calculated does not match the signature you provided. Check your key and signing method.
[2026-02-12T04:30:58.373Z] ❌ S3 upload failed for albany/minutes/general/2020/APB-20200511-Minutes-Approved.pdf: The request signature we calculated does not match the signature you provided. Check your key and signing method.
[2026-02-12T04:30:58.374Z] ❌ S3 upload failed for albany/misc/general/2019/May13PB.pdf: The request signature we calculated does not match the signature you provided. Check your key and signing method.
[2026-02-12T04:30:58.402Z] ❌ S3 upload failed for albany/misc/general/2019/April8PB.pdf: The request signature we calculated does not match the signature you provided. Check your key and signing method.
[2026-02-12T04:30:58.402Z] ❌ S3 upload failed for albany/misc/general/2020/APB-20200413-Meeting-canceled.pdf: The request signature we calculated does not match the signature you provided. Check your key and signing method.
[2026-02-12T04:30:58.430Z] ❌ S3 upload failed for albany/misc/general/2019/March11PB.pdf: The request signature we calculated does not match the signature you provided. Check your key and signing method.
[2026-02-12T04:30:58.431Z] ❌ S3 upload failed for albany/minutes/general/2020/APB-20200309-Minutes-Approved.pdf: The request signature we calculated does not match the signature you provided. Check your key and signing method.
[2026-02-12T04:30:58.458Z] ❌ S3 upload failed for albany/misc/general/2019/Feb19PB.pdf: The request signature we calculated does not match the signature you provided. Check your key and signing method.
[2026-02-12T04:30:58.460Z] ❌ S3 upload failed for albany/minutes/general/2020/APB-20200210-Minutes-Approved.pdf: The request signature we calculated does not match the signature you provided. Check your key and signing method.
[2026-02-12T04:30:58.486Z] ❌ S3 upload failed for albany/misc/general/2019/Jan28PB.pdf: The request signature we calculated does not match the signature you provided. Check your key and signing method.
[2026-02-12T04:30:58.489Z] ❌ S3 upload failed for albany/minutes/general/2020/APB-20200113-Minutes-Approved.pdf: The request signature we calculated does not match the signature you provided. Check your key and signing method.
[2026-02-12T04:30:58.518Z] ❌ S3 upload failed for albany/misc/general/2020/Dec9PB.pdf: The request signature we calculated does not match the signature you provided. Check your key and signing method.
[2026-02-12T04:30:58.535Z] ❌ S3 upload failed for albany/misc/general/2019/CIP-Jan-17.pdf: The request signature we calculated does not match the signature you provided. Check your key and signing method.
[2026-02-12T04:30:58.558Z] ❌ S3 upload failed for albany/misc/general/2019/Nov19PB.pdf: The request signature we calculated does not match the signature you provided. Check your key and signing method.
[2026-02-12T04:30:58.561Z] ❌ S3 upload failed for albany/misc/general/2019/Jan14PB.pdf: The request signature we calculated does not match the signature you provided. Check your key and signing method.
[2026-02-12T04:30:58.590Z] ❌ S3 upload failed for albany/misc/general/2019/Oct14PB.pdf: The request signature we calculated does not match the signature you provided. Check your key and signing method.
[2026-02-12T04:30:58.593Z] ❌ S3 upload failed for albany/misc/general/2019/Dec10PB.pdf: The request signature we calculated does not match the signature you provided. Check your key and signing method.
[2026-02-12T04:30:58.615Z] ❌ S3 upload failed for albany/misc/general/2019/Sept9PB.pdf: The request signature we calculated does not match the signature you provided. Check your key and signing method.
[2026-02-12T04:30:58.625Z] ❌ S3 upload failed for albany/misc/general/2018/Nov12PB.pdf: The request signature we calculated does not match the signature you provided. Check your key and signing method.
[2026-02-12T04:30:58.639Z] ❌ S3 upload failed for albany/misc/general/2019/Aug12PB.pdf: The request signature we calculated does not match the signature you provided. Check your key and signing method.
[2026-02-12T04:30:58.658Z] ❌ S3 upload failed for albany/misc/general/2018/Oct8PB.pdf: The request signature we calculated does not match the signature you provided. Check your key and signing method.
[2026-02-12T04:30:58.661Z] ❌ S3 upload failed for albany/misc/general/2019/July8PB.pdf: The request signature we calculated does not match the signature you provided. Check your key and signing method.
[2026-02-12T04:30:58.662Z]    Progress: 0 uploaded, 0 skipped, 250 failed
[2026-02-12T04:30:58.687Z] ❌ S3 upload failed for albany/misc/general/2018/Sept10PB.pdf: The request signature we calculated does not match the signature you provided. Check your key and signing method.
[2026-02-12T04:30:58.690Z] ❌ S3 upload failed for albany/misc/general/2019/June10PB.pdf: The request signature we calculated does not match the signature you provided. Check your key and signing method.
[2026-02-12T04:30:58.712Z] ❌ S3 upload failed for albany/misc/general/2018/Aug13PB.pdf: The request signature we calculated does not match the signature you provided. Check your key and signing method.
[2026-02-12T04:30:58.717Z] ❌ S3 upload failed for albany/misc/general/2019/May13PB.pdf: The request signature we calculated does not match the signature you provided. Check your key and signing method.
[2026-02-12T04:30:58.743Z] ❌ S3 upload failed for albany/misc/general/2018/July9PB.pdf: The request signature we calculated does not match the signature you provided. Check your key and signing method.
[2026-02-12T04:30:58.747Z] ❌ S3 upload failed for albany/misc/general/2019/April8PB.pdf: The request signature we calculated does not match the signature you provided. Check your key and signing method.
[2026-02-12T04:30:58.772Z] ❌ S3 upload failed for albany/misc/general/2019/March11PB.pdf: The request signature we calculated does not match the signature you provided. Check your key and signing method.
[2026-02-12T04:30:58.796Z] ❌ S3 upload failed for albany/misc/general/2019/Feb19PB.pdf: The request signature we calculated does not match the signature you provided. Check your key and signing method.
[2026-02-12T04:30:58.819Z] ❌ S3 upload failed for albany/misc/general/2019/Jan28PB.pdf: The request signature we calculated does not match the signature you provided. Check your key and signing method.
[2026-02-12T04:30:58.835Z] ❌ S3 upload failed for albany/misc/general/2018/June18PB.pdf: The request signature we calculated does not match the signature you provided. Check your key and signing method.
[2026-02-12T04:30:58.851Z] ❌ S3 upload failed for albany/misc/general/2019/CIP-Jan-17.pdf: The request signature we calculated does not match the signature you provided. Check your key and signing method.
[2026-02-12T04:30:58.862Z] ❌ S3 upload failed for albany/misc/general/2018/May14PB.pdf: The request signature we calculated does not match the signature you provided. Check your key and signing method.
[2026-02-12T04:30:58.877Z] ❌ S3 upload failed for albany/misc/general/2019/Jan14PB.pdf: The request signature we calculated does not match the signature you provided. Check your key and signing method.
[2026-02-12T04:30:58.887Z] ❌ S3 upload failed for albany/misc/general/2018/April9PB.pdf: The request signature we calculated does not match the signature you provided. Check your key and signing method.
[2026-02-12T04:30:58.904Z] ❌ S3 upload failed for albany/misc/general/2019/Dec10PB.pdf: The request signature we calculated does not match the signature you provided. Check your key and signing method.
[2026-02-12T04:30:58.912Z] ❌ S3 upload failed for albany/misc/general/2018/March5PB.pdf: The request signature we calculated does not match the signature you provided. Check your key and signing method.
[2026-02-12T04:30:58.933Z] ❌ S3 upload failed for albany/misc/general/2018/Nov12PB.pdf: The request signature we calculated does not match the signature you provided. Check your key and signing method.
[2026-02-12T04:30:58.941Z] ❌ S3 upload failed for albany/misc/general/2018/Feb12PB.pdf: The request signature we calculated does not match the signature you provided. Check your key and signing method.
[2026-02-12T04:30:58.963Z] ❌ S3 upload failed for albany/misc/general/2018/Oct8PB.pdf: The request signature we calculated does not match the signature you provided. Check your key and signing method.
[2026-02-12T04:30:58.964Z] ❌ S3 upload failed for albany/misc/general/2018/January-8-2018.pdf: The request signature we calculated does not match the signature you provided. Check your key and signing method.
[2026-02-12T04:30:58.990Z] ❌ S3 upload failed for albany/minutes/general/2025/ZBA-20241024-Minutes-Approved.pdf: The request signature we calculated does not match the signature you provided. Check your key and signing method.
[2026-02-12T04:30:58.990Z] ❌ S3 upload failed for albany/misc/general/2018/Sept10PB.pdf: The request signature we calculated does not match the signature you provided. Check your key and signing method.
[2026-02-12T04:30:59.015Z] ❌ S3 upload failed for albany/minutes/general/2025/ZBA-20240409-Minutes-Approved.pdf: The request signature we calculated does not match the signature you provided. Check your key and signing method.
[2026-02-12T04:30:59.023Z] ❌ S3 upload failed for albany/misc/general/2018/Aug13PB.pdf: The request signature we calculated does not match the signature you provided. Check your key and signing method.
[2026-02-12T04:30:59.041Z] ❌ S3 upload failed for albany/minutes/general/2024/ZBA-20210721-Minutes-Approved.pdf: The request signature we calculated does not match the signature you provided. Check your key and signing method.
[2026-02-12T04:30:59.070Z] ❌ S3 upload failed for albany/misc/general/2018/July9PB.pdf: The request signature we calculated does not match the signature you provided. Check your key and signing method.
[2026-02-12T04:30:59.071Z] ❌ S3 upload failed for albany/minutes/general/2024/ZBA-20210622-Minutes-Approved.pdf: The request signature we calculated does not match the signature you provided. Check your key and signing method.
[2026-02-12T04:30:59.097Z] ❌ S3 upload failed for albany/minutes/general/2024/ZBA-20240409-Minutes-Approved.pdf: The request signature we calculated does not match the signature you provided. Check your key and signing method.
[2026-02-12T04:30:59.114Z] ❌ S3 upload failed for albany/misc/general/2018/June18PB.pdf: The request signature we calculated does not match the signature you provided. Check your key and signing method.
[2026-02-12T04:30:59.137Z] ❌ S3 upload failed for albany/misc/general/2023/EOP_Final_Jul10_19.pdf: The request signature we calculated does not match the signature you provided. Check your key and signing method.
[2026-02-12T04:30:59.143Z] ❌ S3 upload failed for albany/misc/general/2018/May14PB.pdf: The request signature we calculated does not match the signature you provided. Check your key and signing method.
[2026-02-12T04:30:59.172Z] ❌ S3 upload failed for albany/misc/general/2023/Alba_HMP_Final_Aug25_17.pdf: The request signature we calculated does not match the signature you provided. Check your key and signing method.
[2026-02-12T04:30:59.180Z] ❌ S3 upload failed for albany/misc/general/2018/April9PB.pdf: The request signature we calculated does not match the signature you provided. Check your key and signing method.
[2026-02-12T04:30:59.201Z] ❌ S3 upload failed for albany/misc/general/2018/March5PB.pdf: The request signature we calculated does not match the signature you provided. Check your key and signing method.
[2026-02-12T04:30:59.203Z] ❌ S3 upload failed for albany/misc/general/2023/SKM_C3320i23110111360.pdf: The request signature we calculated does not match the signature you provided. Check your key and signing method.
[2026-02-12T04:30:59.248Z] ❌ S3 upload failed for albany/misc/general/2018/Feb12PB.pdf: The request signature we calculated does not match the signature you provided. Check your key and signing method.
[2026-02-12T04:30:59.249Z] ❌ S3 upload failed for albany/misc/general/2023/Canada-St-Cemetery-Map.pdf: The request signature we calculated does not match the signature you provided. Check your key and signing method.
[2026-02-12T04:30:59.273Z] ❌ S3 upload failed for albany/misc/general/2018/January-8-2018.pdf: The request signature we calculated does not match the signature you provided. Check your key and signing method.
[2026-02-12T04:30:59.290Z] ❌ S3 upload failed for albany/misc/general/2023/Hammond-Cemetery-Map.pdf: The request signature we calculated does not match the signature you provided. Check your key and signing method.
[2026-02-12T04:30:59.301Z] ❌ S3 upload failed for albany/minutes/general/2025/ZBA-20241024-Minutes-Approved.pdf: The request signature we calculated does not match the signature you provided. Check your key and signing method.
[2026-02-12T04:30:59.318Z] ❌ S3 upload failed for albany/misc/general/2023/High-St-Cemetery-Enlarged.pdf: The request signature we calculated does not match the signature you provided. Check your key and signing method.
[2026-02-12T04:30:59.334Z] ❌ S3 upload failed for albany/minutes/general/2025/ZBA-20240409-Minutes-Approved.pdf: The request signature we calculated does not match the signature you provided. Check your key and signing method.
[2026-02-12T04:30:59.355Z] ❌ S3 upload failed for albany/minutes/general/2024/ZBA-20210721-Minutes-Approved.pdf: The request signature we calculated does not match the signature you provided. Check your key and signing method.
[2026-02-12T04:30:59.358Z] ❌ S3 upload failed for albany/misc/general/2023/Jewell-Cemetery-Map-with-extension-plots.pdf: The request signature we calculated does not match the signature you provided. Check your key and signing method.
[2026-02-12T04:30:59.383Z] ❌ S3 upload failed for albany/minutes/general/2024/ZBA-20210622-Minutes-Approved.pdf: The request signature we calculated does not match the signature you provided. Check your key and signing method.
[2026-02-12T04:30:59.387Z] ❌ S3 upload failed for albany/misc/general/2023/Passaconaway-Cemetery-Map.pdf: The request signature we calculated does not match the signature you provided. Check your key and signing method.
[2026-02-12T04:30:59.415Z] ❌ S3 upload failed for albany/misc/general/2023/Request-for-Cemetery-Lots.doc: The request signature we calculated does not match the signature you provided. Check your key and signing method.
[2026-02-12T04:30:59.416Z] ❌ S3 upload failed for albany/minutes/general/2024/ZBA-20240409-Minutes-Approved.pdf: The request signature we calculated does not match the signature you provided. Check your key and signing method.
[2026-02-12T04:30:59.454Z] ❌ S3 upload failed for albany/misc/general/2023/EOP_Final_Jul10_19.pdf: The request signature we calculated does not match the signature you provided. Check your key and signing method.
[2026-02-12T04:30:59.458Z] ❌ S3 upload failed for albany/policies/general/2019/Rules-of-Procedure-August-2019-Policy-BOS-2.1.pdf: The request signature we calculated does not match the signature you provided. Check your key and signing method.
[2026-02-12T04:30:59.486Z] ❌ S3 upload failed for albany/policies/general/2013/Rules-of-Procedure-2016-Policy-BOS-1.1-2.pdf: The request signature we calculated does not match the signature you provided. Check your key and signing method.
[2026-02-12T04:30:59.495Z] ❌ S3 upload failed for albany/misc/general/2023/Alba_HMP_Final_Aug25_17.pdf: The request signature we calculated does not match the signature you provided. Check your key and signing method.
[2026-02-12T04:30:59.516Z] ❌ S3 upload failed for albany/policies/general/2013/Security-Camera-2016-Policy-BOS-1.2.pdf: The request signature we calculated does not match the signature you provided. Check your key and signing method.
[2026-02-12T04:30:59.538Z] ❌ S3 upload failed for albany/misc/general/2023/SKM_C3320i23110111360.pdf: The request signature we calculated does not match the signature you provided. Check your key and signing method.
[2026-02-12T04:30:59.555Z] ❌ S3 upload failed for albany/policies/general/2019/Winter-Maintenace-Policy-2019-Policy-BOS-2.5.pdf: The request signature we calculated does not match the signature you provided. Check your key and signing method.
[2026-02-12T04:30:59.583Z] ❌ S3 upload failed for albany/policies/general/2019/Non-Profit-Funding-Request-2019-Policy-BOS-2.6.pdf: The request signature we calculated does not match the signature you provided. Check your key and signing method.
[2026-02-12T04:30:59.594Z] ❌ S3 upload failed for albany/misc/general/2023/Canada-St-Cemetery-Map.pdf: The request signature we calculated does not match the signature you provided. Check your key and signing method.
[2026-02-12T04:30:59.610Z] ❌ S3 upload failed for albany/misc/general/2020/Building-Permit_2020-Residential.pdf: The request signature we calculated does not match the signature you provided. Check your key and signing method.
[2026-02-12T04:30:59.635Z] ❌ S3 upload failed for albany/misc/general/2013/ResidentialEnergyCode.pdf: The request signature we calculated does not match the signature you provided. Check your key and signing method.
[2026-02-12T04:30:59.639Z] ❌ S3 upload failed for albany/misc/general/2023/Hammond-Cemetery-Map.pdf: The request signature we calculated does not match the signature you provided. Check your key and signing method.
[2026-02-12T04:30:59.666Z] ❌ S3 upload failed for albany/misc/general/2021/Building-Permit_2020-Commercial.pdf: The request signature we calculated does not match the signature you provided. Check your key and signing method.
[2026-02-12T04:30:59.671Z] ❌ S3 upload failed for albany/misc/general/2023/High-St-Cemetery-Enlarged.pdf: The request signature we calculated does not match the signature you provided. Check your key and signing method.
[2026-02-12T04:30:59.692Z] ❌ S3 upload failed for albany/misc/general/2020/SignPermit.pdf: The request signature we calculated does not match the signature you provided. Check your key and signing method.
[2026-02-12T04:30:59.700Z] ❌ S3 upload failed for albany/misc/general/2023/Jewell-Cemetery-Map-with-extension-plots.pdf: The request signature we calculated does not match the signature you provided. Check your key and signing method.
[2026-02-12T04:30:59.719Z] ❌ S3 upload failed for albany/misc/general/2020/DrivewayPermit.pdf: The request signature we calculated does not match the signature you provided. Check your key and signing method.
[2026-02-12T04:30:59.728Z] ❌ S3 upload failed for albany/misc/general/2023/Passaconaway-Cemetery-Map.pdf: The request signature we calculated does not match the signature you provided. Check your key and signing method.
[2026-02-12T04:30:59.743Z] ❌ S3 upload failed for albany/forms/general/2020/VendingCartApplication.pdf: The request signature we calculated does not match the signature you provided. Check your key and signing method.
[2026-02-12T04:30:59.754Z] ❌ S3 upload failed for albany/misc/general/2023/Request-for-Cemetery-Lots.doc: The request signature we calculated does not match the signature you provided. Check your key and signing method.
[2026-02-12T04:30:59.773Z] ❌ S3 upload failed for albany/ordinances/general/2020/ZONING-ORDINANCE_Amended-03.10.2020.pdf: The request signature we calculated does not match the signature you provided. Check your key and signing method.
[2026-02-12T04:30:59.779Z] ❌ S3 upload failed for albany/policies/general/2019/Rules-of-Procedure-August-2019-Policy-BOS-2.1.pdf: The request signature we calculated does not match the signature you provided. Check your key and signing method.
[2026-02-12T04:30:59.808Z] ❌ S3 upload failed for albany/policies/general/2013/Rules-of-Procedure-2016-Policy-BOS-1.1-2.pdf: The request signature we calculated does not match the signature you provided. Check your key and signing method.
[2026-02-12T04:30:59.808Z] ❌ S3 upload failed for albany/misc/general/unknown/SubdivisionRegs.pdf: The request signature we calculated does not match the signature you provided. Check your key and signing method.
[2026-02-12T04:30:59.840Z] ❌ S3 upload failed for albany/regulations/general/2013/16FEB22-Site-Plan-Regulations-Final.pdf: The request signature we calculated does not match the signature you provided. Check your key and signing method.
[2026-02-12T04:30:59.842Z] ❌ S3 upload failed for albany/policies/general/2013/Security-Camera-2016-Policy-BOS-1.2.pdf: The request signature we calculated does not match the signature you provided. Check your key and signing method.
[2026-02-12T04:30:59.869Z] ❌ S3 upload failed for albany/policies/general/2019/Winter-Maintenace-Policy-2019-Policy-BOS-2.5.pdf: The request signature we calculated does not match the signature you provided. Check your key and signing method.
[2026-02-12T04:30:59.877Z] ❌ S3 upload failed for albany/regulations/general/2019/Driveway-Regulations-20110113.pdf: The request signature we calculated does not match the signature you provided. Check your key and signing method.
[2026-02-12T04:30:59.892Z] ❌ S3 upload failed for albany/policies/general/2019/Non-Profit-Funding-Request-2019-Policy-BOS-2.6.pdf: The request signature we calculated does not match the signature you provided. Check your key and signing method.
[2026-02-12T04:30:59.913Z] ❌ S3 upload failed for albany/misc/general/2020/Building-Permit_2020-Residential.pdf: The request signature we calculated does not match the signature you provided. Check your key and signing method.
[2026-02-12T04:30:59.922Z] ❌ S3 upload failed for albany/regulations/general/2009/DrivewayRegulations092009.pdf: The request signature we calculated does not match the signature you provided. Check your key and signing method.
[2026-02-12T04:30:59.922Z]    Progress: 0 uploaded, 0 skipped, 300 failed
[2026-02-12T04:30:59.938Z] ❌ S3 upload failed for albany/misc/general/2013/ResidentialEnergyCode.pdf: The request signature we calculated does not match the signature you provided. Check your key and signing method.
[2026-02-12T04:30:59.951Z] ❌ S3 upload failed for albany/forms/general/unknown/ALBANYReformattedDOGORD.pdf: The request signature we calculated does not match the signature you provided. Check your key and signing method.
[2026-02-12T04:30:59.975Z] ❌ S3 upload failed for albany/misc/general/unknown/CodeofEthics.pdf: The request signature we calculated does not match the signature you provided. Check your key and signing method.
[2026-02-12T04:31:00.009Z] ❌ S3 upload failed for albany/misc/general/2021/Town-of-Albany-NH-Street-Standards-for-Design-Construction-Details_01.13.2020.pdf: The request signature we calculated does not match the signature you provided. Check your key and signing method.
[2026-02-12T04:31:00.015Z] ❌ S3 upload failed for albany/misc/general/2021/Building-Permit_2020-Commercial.pdf: The request signature we calculated does not match the signature you provided. Check your key and signing method.
[2026-02-12T04:31:00.039Z] ❌ S3 upload failed for albany/ordinances/general/2018/BOS-1.1-PARKING-ORDINANCE-2018-as-amended.pdf: The request signature we calculated does not match the signature you provided. Check your key and signing method.
[2026-02-12T04:31:00.052Z] ❌ S3 upload failed for albany/misc/general/2020/SignPermit.pdf: The request signature we calculated does not match the signature you provided. Check your key and signing method.
[2026-02-12T04:31:00.086Z] ❌ S3 upload failed for albany/ordinances/general/unknown/NoiseOrdinance.pdf: The request signature we calculated does not match the signature you provided. Check your key and signing method.
[2026-02-12T04:31:00.100Z] ❌ S3 upload failed for albany/misc/general/2020/DrivewayPermit.pdf: The request signature we calculated does not match the signature you provided. Check your key and signing method.
[2026-02-12T04:31:00.121Z] ❌ S3 upload failed for albany/ordinances/general/2013/Drinking-loitering-2016-Ordinance-BOS-1.2.pdf: The request signature we calculated does not match the signature you provided. Check your key and signing method.
[2026-02-12T04:31:00.147Z] ❌ S3 upload failed for albany/forms/general/2020/VendingCartApplication.pdf: The request signature we calculated does not match the signature you provided. Check your key and signing method.
[2026-02-12T04:31:00.153Z] ❌ S3 upload failed for albany/misc/general/2013/BOS-1.3-SpeedLimit-NoParkingZones.pdf: The request signature we calculated does not match the signature you provided. Check your key and signing method.
[2026-02-12T04:31:00.177Z] ❌ S3 upload failed for albany/ordinances/general/2013/BOS-1.4-Noise-Ordinance.pdf: The request signature we calculated does not match the signature you provided. Check your key and signing method.
[2026-02-12T04:31:00.184Z] ❌ S3 upload failed for albany/ordinances/general/2020/ZONING-ORDINANCE_Amended-03.10.2020.pdf: The request signature we calculated does not match the signature you provided. Check your key and signing method.
[2026-02-12T04:31:00.214Z] ❌ S3 upload failed for albany/ordinances/general/2013/BOS-1.5-Posted-Roads-Ordinance.pdf: The request signature we calculated does not match the signature you provided. Check your key and signing method.
[2026-02-12T04:31:00.219Z] ❌ S3 upload failed for albany/misc/general/unknown/SubdivisionRegs.pdf: The request signature we calculated does not match the signature you provided. Check your key and signing method.
[2026-02-12T04:31:00.252Z] ❌ S3 upload failed for albany/regulations/general/2013/16FEB22-Site-Plan-Regulations-Final.pdf: The request signature we calculated does not match the signature you provided. Check your key and signing method.
[2026-02-12T04:31:00.257Z] ❌ S3 upload failed for albany/misc/general/2013/BOS-1.6-Video-recording-of-meetings.pdf: The request signature we calculated does not match the signature you provided. Check your key and signing method.
[2026-02-12T04:31:00.279Z] ❌ S3 upload failed for albany/regulations/general/2019/Driveway-Regulations-20110113.pdf: The request signature we calculated does not match the signature you provided. Check your key and signing method.
[2026-02-12T04:31:00.290Z] ❌ S3 upload failed for albany/ordinances/general/2018/BOS-1.7-Camping-Ordinance-2018-as-amended.pdf: The request signature we calculated does not match the signature you provided. Check your key and signing method.
[2026-02-12T04:31:00.306Z] ❌ S3 upload failed for albany/regulations/general/2009/DrivewayRegulations092009.pdf: The request signature we calculated does not match the signature you provided. Check your key and signing method.
[2026-02-12T04:31:00.307Z]    Progress: 0 uploaded, 0 skipped, 300 failed
[2026-02-12T04:31:00.339Z] ❌ S3 upload failed for albany/forms/general/unknown/ALBANYReformattedDOGORD.pdf: The request signature we calculated does not match the signature you provided. Check your key and signing method.
[2026-02-12T04:31:00.360Z] ❌ S3 upload failed for albany/misc/general/2025/AlbanyNH2025-revised.pdf: The request signature we calculated does not match the signature you provided. Check your key and signing method.
[2026-02-12T04:31:00.376Z] ❌ S3 upload failed for albany/misc/general/unknown/CodeofEthics.pdf: The request signature we calculated does not match the signature you provided. Check your key and signing method.
[2026-02-12T04:31:00.404Z] ❌ S3 upload failed for albany/misc/general/2022/Map-1-1.pdf: The request signature we calculated does not match the signature you provided. Check your key and signing method.
[2026-02-12T04:31:00.412Z] ❌ S3 upload failed for albany/misc/general/2021/Town-of-Albany-NH-Street-Standards-for-Design-Construction-Details_01.13.2020.pdf: The request signature we calculated does not match the signature you provided. Check your key and signing method.
[2026-02-12T04:31:00.451Z] ❌ S3 upload failed for albany/misc/general/2022/Map-2.pdf: The request signature we calculated does not match the signature you provided. Check your key and signing method.
[2026-02-12T04:31:00.453Z] ❌ S3 upload failed for albany/ordinances/general/2018/BOS-1.1-PARKING-ORDINANCE-2018-as-amended.pdf: The request signature we calculated does not match the signature you provided. Check your key and signing method.
[2026-02-12T04:31:00.482Z] ❌ S3 upload failed for albany/ordinances/general/unknown/NoiseOrdinance.pdf: The request signature we calculated does not match the signature you provided. Check your key and signing method.
[2026-02-12T04:31:00.483Z] ❌ S3 upload failed for albany/misc/general/2022/Map-3.pdf: The request signature we calculated does not match the signature you provided. Check your key and signing method.
[2026-02-12T04:31:00.536Z] ❌ S3 upload failed for albany/misc/general/2022/Map-3A-3I.pdf: The request signature we calculated does not match the signature you provided. Check your key and signing method.
[2026-02-12T04:31:00.542Z] ❌ S3 upload failed for albany/ordinances/general/2013/Drinking-loitering-2016-Ordinance-BOS-1.2.pdf: The request signature we calculated does not match the signature you provided. Check your key and signing method.
[2026-02-12T04:31:00.571Z] ❌ S3 upload failed for albany/misc/general/2013/BOS-1.3-SpeedLimit-NoParkingZones.pdf: The request signature we calculated does not match the signature you provided. Check your key and signing method.
[2026-02-12T04:31:00.585Z] ❌ S3 upload failed for albany/misc/general/2022/Map-4.pdf: The request signature we calculated does not match the signature you provided. Check your key and signing method.
[2026-02-12T04:31:00.609Z] ❌ S3 upload failed for albany/ordinances/general/2013/BOS-1.4-Noise-Ordinance.pdf: The request signature we calculated does not match the signature you provided. Check your key and signing method.
[2026-02-12T04:31:00.636Z] ❌ S3 upload failed for albany/ordinances/general/2013/BOS-1.5-Posted-Roads-Ordinance.pdf: The request signature we calculated does not match the signature you provided. Check your key and signing method.
[2026-02-12T04:31:00.639Z] ❌ S3 upload failed for albany/misc/general/2022/Map-5N_2021.pdf: The request signature we calculated does not match the signature you provided. Check your key and signing method.
[2026-02-12T04:31:00.669Z] ❌ S3 upload failed for albany/misc/general/2013/BOS-1.6-Video-recording-of-meetings.pdf: The request signature we calculated does not match the signature you provided. Check your key and signing method.
[2026-02-12T04:31:00.690Z] ❌ S3 upload failed for albany/misc/general/2022/Map-5S_2021.pdf: The request signature we calculated does not match the signature you provided. Check your key and signing method.
[2026-02-12T04:31:00.698Z] ❌ S3 upload failed for albany/ordinances/general/2018/BOS-1.7-Camping-Ordinance-2018-as-amended.pdf: The request signature we calculated does not match the signature you provided. Check your key and signing method.
[2026-02-12T04:31:00.750Z] ❌ S3 upload failed for albany/misc/general/2022/Map-6_2021.pdf: The request signature we calculated does not match the signature you provided. Check your key and signing method.
[2026-02-12T04:31:00.763Z] ❌ S3 upload failed for albany/misc/general/2025/AlbanyNH2025-revised.pdf: The request signature we calculated does not match the signature you provided. Check your key and signing method.
[2026-02-12T04:31:00.779Z] ❌ S3 upload failed for albany/misc/general/2022/Map-6A_2021.pdf: The request signature we calculated does not match the signature you provided. Check your key and signing method.
[2026-02-12T04:31:00.807Z] ❌ S3 upload failed for albany/misc/general/2022/Map-7_2021.pdf: The request signature we calculated does not match the signature you provided. Check your key and signing method.
[2026-02-12T04:31:00.808Z] ❌ S3 upload failed for albany/misc/general/2022/Map-1-1.pdf: The request signature we calculated does not match the signature you provided. Check your key and signing method.
[2026-02-12T04:31:00.840Z] ❌ S3 upload failed for albany/misc/general/2022/Map-8_2021.pdf: The request signature we calculated does not match the signature you provided. Check your key and signing method.
[2026-02-12T04:31:00.866Z] ❌ S3 upload failed for albany/misc/general/2022/Map-9_2021.pdf: The request signature we calculated does not match the signature you provided. Check your key and signing method.
[2026-02-12T04:31:00.865Z] ❌ S3 upload failed for albany/misc/general/2022/Map-2.pdf: The request signature we calculated does not match the signature you provided. Check your key and signing method.
[2026-02-12T04:31:00.898Z] ❌ S3 upload failed for albany/misc/general/2022/Map-3.pdf: The request signature we calculated does not match the signature you provided. Check your key and signing method.
[2026-02-12T04:31:00.900Z] ❌ S3 upload failed for albany/misc/general/2022/Map-9A_2021.pdf: The request signature we calculated does not match the signature you provided. Check your key and signing method.
[2026-02-12T04:31:00.927Z] ❌ S3 upload failed for albany/misc/general/2022/Map-3A-3I.pdf: The request signature we calculated does not match the signature you provided. Check your key and signing method.
[2026-02-12T04:31:00.933Z] ❌ S3 upload failed for albany/misc/general/2022/Map-10_2021.pdf: The request signature we calculated does not match the signature you provided. Check your key and signing method.
[2026-02-12T04:31:00.960Z] ❌ S3 upload failed for albany/misc/general/2022/Map-4.pdf: The request signature we calculated does not match the signature you provided. Check your key and signing method.
[2026-02-12T04:31:00.969Z] ❌ S3 upload failed for albany/misc/general/2022/Map-11_2021.pdf: The request signature we calculated does not match the signature you provided. Check your key and signing method.
[2026-02-12T04:31:00.996Z] ❌ S3 upload failed for albany/misc/general/2022/Map-5N_2021.pdf: The request signature we calculated does not match the signature you provided. Check your key and signing method.
[2026-02-12T04:31:01.003Z] ❌ S3 upload failed for albany/misc/general/2022/Map-12_2021.pdf: The request signature we calculated does not match the signature you provided. Check your key and signing method.
[2026-02-12T04:31:01.035Z] ❌ S3 upload failed for albany/misc/general/2022/Map-13_2021.pdf: The request signature we calculated does not match the signature you provided. Check your key and signing method.
[2026-02-12T04:31:01.035Z] ❌ S3 upload failed for albany/misc/general/2022/Map-5S_2021.pdf: The request signature we calculated does not match the signature you provided. Check your key and signing method.
[2026-02-12T04:31:01.069Z] ❌ S3 upload failed for albany/misc/general/2022/Map-14_2021.pdf: The request signature we calculated does not match the signature you provided. Check your key and signing method.
[2026-02-12T04:31:01.072Z] ❌ S3 upload failed for albany/misc/general/2022/Map-6_2021.pdf: The request signature we calculated does not match the signature you provided. Check your key and signing method.
[2026-02-12T04:31:01.099Z] ❌ S3 upload failed for albany/misc/general/2022/Map-6A_2021.pdf: The request signature we calculated does not match the signature you provided. Check your key and signing method.
[2026-02-12T04:31:01.103Z] ❌ S3 upload failed for albany/misc/general/2018/Index.pdf: The request signature we calculated does not match the signature you provided. Check your key and signing method.
[2026-02-12T04:31:01.129Z] ❌ S3 upload failed for albany/misc/general/2022/Map-7_2021.pdf: The request signature we calculated does not match the signature you provided. Check your key and signing method.
[2026-02-12T04:31:01.130Z] ❌ S3 upload failed for albany/misc/general/2026/SKM_C3320i26012008491.pdf: The request signature we calculated does not match the signature you provided. Check your key and signing method.
[2026-02-12T04:31:01.161Z] ❌ S3 upload failed for albany/misc/general/2026/SKM_C3320i26012912340.pdf: The request signature we calculated does not match the signature you provided. Check your key and signing method.
[2026-02-12T04:31:01.165Z] ❌ S3 upload failed for albany/misc/general/2022/Map-8_2021.pdf: The request signature we calculated does not match the signature you provided. Check your key and signing method.
[2026-02-12T04:31:01.188Z] ❌ S3 upload failed for albany/misc/general/2026/SKM_C3320i26020509260.pdf: The request signature we calculated does not match the signature you provided. Check your key and signing method.
[2026-02-12T04:31:01.199Z] ❌ S3 upload failed for albany/misc/general/2022/Map-9_2021.pdf: The request signature we calculated does not match the signature you provided. Check your key and signing method.
[2026-02-12T04:31:01.228Z] ❌ S3 upload failed for albany/misc/general/2026/SKM_C3320i26012008490.pdf: The request signature we calculated does not match the signature you provided. Check your key and signing method.
[2026-02-12T04:31:01.229Z] ❌ S3 upload failed for albany/misc/general/2022/Map-9A_2021.pdf: The request signature we calculated does not match the signature you provided. Check your key and signing method.
[2026-02-12T04:31:01.262Z] ❌ S3 upload failed for albany/misc/general/2025/SKM_C3320i25123010100.pdf: The request signature we calculated does not match the signature you provided. Check your key and signing method.
[2026-02-12T04:31:01.263Z] ❌ S3 upload failed for albany/misc/general/2022/Map-10_2021.pdf: The request signature we calculated does not match the signature you provided. Check your key and signing method.
[2026-02-12T04:31:01.288Z] ❌ S3 upload failed for albany/misc/general/2022/Map-11_2021.pdf: The request signature we calculated does not match the signature you provided. Check your key and signing method.
[2026-02-12T04:31:01.292Z] ❌ S3 upload failed for albany/misc/general/2025/SKM_C3320i25121110180.pdf: The request signature we calculated does not match the signature you provided. Check your key and signing method.
[2026-02-12T04:31:01.326Z] ❌ S3 upload failed for albany/misc/general/2022/Map-12_2021.pdf: The request signature we calculated does not match the signature you provided. Check your key and signing method.
[2026-02-12T04:31:01.327Z] ❌ S3 upload failed for albany/misc/general/2025/SKM_C3320i25112517270.pdf: The request signature we calculated does not match the signature you provided. Check your key and signing method.
[2026-02-12T04:31:01.356Z] ❌ S3 upload failed for albany/misc/general/2025/SKM_C3320i25111312290.pdf: The request signature we calculated does not match the signature you provided. Check your key and signing method.
[2026-02-12T04:31:01.368Z] ❌ S3 upload failed for albany/misc/general/2022/Map-13_2021.pdf: The request signature we calculated does not match the signature you provided. Check your key and signing method.
[2026-02-12T04:31:01.380Z] ❌ S3 upload failed for albany/misc/general/2025/SKM_C3320i25111312280.pdf: The request signature we calculated does not match the signature you provided. Check your key and signing method.
[2026-02-12T04:31:01.406Z] ❌ S3 upload failed for albany/misc/general/2022/Map-14_2021.pdf: The request signature we calculated does not match the signature you provided. Check your key and signing method.
[2026-02-12T04:31:01.434Z] ❌ S3 upload failed for albany/misc/general/2018/Index.pdf: The request signature we calculated does not match the signature you provided. Check your key and signing method.
[2026-02-12T04:31:01.439Z] ❌ S3 upload failed for albany/misc/general/2025/SKM_C3320i25102216080.pdf: The request signature we calculated does not match the signature you provided. Check your key and signing method.
[2026-02-12T04:31:01.461Z] ❌ S3 upload failed for albany/misc/general/2026/SKM_C3320i26012008491.pdf: The request signature we calculated does not match the signature you provided. Check your key and signing method.
[2026-02-12T04:31:01.473Z] ❌ S3 upload failed for albany/misc/general/2025/SKM_C3320i25100908050.pdf: The request signature we calculated does not match the signature you provided. Check your key and signing method.
[2026-02-12T04:31:01.485Z] ❌ S3 upload failed for albany/misc/general/2026/SKM_C3320i26012912340.pdf: The request signature we calculated does not match the signature you provided. Check your key and signing method.
[2026-02-12T04:31:01.503Z] ❌ S3 upload failed for albany/misc/general/2025/SKM_C3320i25092507170-1.pdf: The request signature we calculated does not match the signature you provided. Check your key and signing method.
[2026-02-12T04:31:01.518Z] ❌ S3 upload failed for albany/misc/general/2026/SKM_C3320i26020509260.pdf: The request signature we calculated does not match the signature you provided. Check your key and signing method.
[2026-02-12T04:31:01.533Z] ❌ S3 upload failed for albany/misc/general/2025/SKM_C3320i25091108250.pdf: The request signature we calculated does not match the signature you provided. Check your key and signing method.
[2026-02-12T04:31:01.549Z] ❌ S3 upload failed for albany/misc/general/2026/SKM_C3320i26012008490.pdf: The request signature we calculated does not match the signature you provided. Check your key and signing method.
[2026-02-12T04:31:01.567Z] ❌ S3 upload failed for albany/misc/general/2025/SKM_C3320i25082807290.pdf: The request signature we calculated does not match the signature you provided. Check your key and signing method.
[2026-02-12T04:31:01.573Z] ❌ S3 upload failed for albany/misc/general/2025/SKM_C3320i25123010100.pdf: The request signature we calculated does not match the signature you provided. Check your key and signing method.
[2026-02-12T04:31:01.596Z] ❌ S3 upload failed for albany/misc/general/2025/SKM_C3320i25081408050.pdf: The request signature we calculated does not match the signature you provided. Check your key and signing method.
[2026-02-12T04:31:01.604Z] ❌ S3 upload failed for albany/misc/general/2025/SKM_C3320i25121110180.pdf: The request signature we calculated does not match the signature you provided. Check your key and signing method.
[2026-02-12T04:31:01.623Z] ❌ S3 upload failed for albany/misc/general/2025/SKM_C3320i25072408150.pdf: The request signature we calculated does not match the signature you provided. Check your key and signing method.
[2026-02-12T04:31:01.635Z] ❌ S3 upload failed for albany/misc/general/2025/SKM_C3320i25112517270.pdf: The request signature we calculated does not match the signature you provided. Check your key and signing method.
[2026-02-12T04:31:01.650Z] ❌ S3 upload failed for albany/misc/general/2025/SKM_C3320i25070915490.pdf: The request signature we calculated does not match the signature you provided. Check your key and signing method.
[2026-02-12T04:31:01.663Z] ❌ S3 upload failed for albany/misc/general/2025/SKM_C3320i25111312290.pdf: The request signature we calculated does not match the signature you provided. Check your key and signing method.
[2026-02-12T04:31:01.680Z] ❌ S3 upload failed for albany/misc/general/2025/SKM_C3320i25062607370.pdf: The request signature we calculated does not match the signature you provided. Check your key and signing method.
[2026-02-12T04:31:01.691Z] ❌ S3 upload failed for albany/misc/general/2025/SKM_C3320i25111312280.pdf: The request signature we calculated does not match the signature you provided. Check your key and signing method.
[2026-02-12T04:31:01.719Z] ❌ S3 upload failed for albany/minutes/general/2025/05282025-Minutes.pdf: The request signature we calculated does not match the signature you provided. Check your key and signing method.
[2026-02-12T04:31:01.720Z] ❌ S3 upload failed for albany/misc/general/2025/SKM_C3320i25102216080.pdf: The request signature we calculated does not match the signature you provided. Check your key and signing method.
[2026-02-12T04:31:01.721Z]    Progress: 0 uploaded, 0 skipped, 350 failed
[2026-02-12T04:31:01.757Z] ❌ S3 upload failed for albany/misc/general/2025/SKM_C3320i25052909530.pdf: The request signature we calculated does not match the signature you provided. Check your key and signing method.
[2026-02-12T04:31:01.763Z] ❌ S3 upload failed for albany/misc/general/2025/SKM_C3320i25100908050.pdf: The request signature we calculated does not match the signature you provided. Check your key and signing method.
[2026-02-12T04:31:01.796Z] ❌ S3 upload failed for albany/misc/general/2025/SKM_C3320i25051508200.pdf: The request signature we calculated does not match the signature you provided. Check your key and signing method.
[2026-02-12T04:31:01.798Z] ❌ S3 upload failed for albany/misc/general/2025/SKM_C3320i25092507170-1.pdf: The request signature we calculated does not match the signature you provided. Check your key and signing method.
[2026-02-12T04:31:01.825Z] ❌ S3 upload failed for albany/misc/general/2025/SKM_C3320i25042809270.pdf: The request signature we calculated does not match the signature you provided. Check your key and signing method.
[2026-02-12T04:31:01.827Z] ❌ S3 upload failed for albany/misc/general/2025/SKM_C3320i25091108250.pdf: The request signature we calculated does not match the signature you provided. Check your key and signing method.
[2026-02-12T04:31:01.850Z] ❌ S3 upload failed for albany/misc/general/2025/SKM_C3320i25041007060.pdf: The request signature we calculated does not match the signature you provided. Check your key and signing method.
[2026-02-12T04:31:01.858Z] ❌ S3 upload failed for albany/misc/general/2025/SKM_C3320i25082807290.pdf: The request signature we calculated does not match the signature you provided. Check your key and signing method.
[2026-02-12T04:31:01.873Z] ❌ S3 upload failed for albany/misc/general/2025/SKM_C3320i25032013170.pdf: The request signature we calculated does not match the signature you provided. Check your key and signing method.
[2026-02-12T04:31:01.885Z] ❌ S3 upload failed for albany/misc/general/2025/SKM_C3320i25081408050.pdf: The request signature we calculated does not match the signature you provided. Check your key and signing method.
[2026-02-12T04:31:01.907Z] ❌ S3 upload failed for albany/misc/general/2025/SKM_C3320i25030611370.pdf: The request signature we calculated does not match the signature you provided. Check your key and signing method.
[2026-02-12T04:31:01.911Z] ❌ S3 upload failed for albany/misc/general/2025/SKM_C3320i25072408150.pdf: The request signature we calculated does not match the signature you provided. Check your key and signing method.
[2026-02-12T04:31:01.930Z] ❌ S3 upload failed for albany/misc/general/2025/SKM_C3320i25022009010.pdf: The request signature we calculated does not match the signature you provided. Check your key and signing method.
[2026-02-12T04:31:01.944Z] ❌ S3 upload failed for albany/misc/general/2025/SKM_C3320i25070915490.pdf: The request signature we calculated does not match the signature you provided. Check your key and signing method.
[2026-02-12T04:31:01.982Z] ❌ S3 upload failed for albany/misc/general/2025/SKM_C3320i25062607370.pdf: The request signature we calculated does not match the signature you provided. Check your key and signing method.
[2026-02-12T04:31:02.002Z] ❌ S3 upload failed for albany/misc/general/2025/SKM_C3320i25022009030.pdf: The request signature we calculated does not match the signature you provided. Check your key and signing method.
[2026-02-12T04:31:02.016Z] ❌ S3 upload failed for albany/minutes/general/2025/05282025-Minutes.pdf: The request signature we calculated does not match the signature you provided. Check your key and signing method.
[2026-02-12T04:31:02.017Z]    Progress: 0 uploaded, 0 skipped, 350 failed
[2026-02-12T04:31:02.032Z] ❌ S3 upload failed for albany/misc/general/2025/SKM_C3320i25012308230.pdf: The request signature we calculated does not match the signature you provided. Check your key and signing method.
[2026-02-12T04:31:02.049Z] ❌ S3 upload failed for albany/misc/general/2025/SKM_C3320i25052909530.pdf: The request signature we calculated does not match the signature you provided. Check your key and signing method.
[2026-02-12T04:31:02.072Z] ❌ S3 upload failed for albany/misc/general/2025/SKM_C3320i25010914010.pdf: The request signature we calculated does not match the signature you provided. Check your key and signing method.
[2026-02-12T04:31:02.089Z] ❌ S3 upload failed for albany/misc/general/2025/SKM_C3320i25051508200.pdf: The request signature we calculated does not match the signature you provided. Check your key and signing method.
[2026-02-12T04:31:02.098Z] ❌ S3 upload failed for albany/misc/general/2024/SKM_C3320i24123013320.pdf: The request signature we calculated does not match the signature you provided. Check your key and signing method.
[2026-02-12T04:31:02.119Z] ❌ S3 upload failed for albany/misc/general/2025/SKM_C3320i25042809270.pdf: The request signature we calculated does not match the signature you provided. Check your key and signing method.
[2026-02-12T04:31:02.122Z] ❌ S3 upload failed for albany/misc/general/2024/SKM_C3320i24123013310.pdf: The request signature we calculated does not match the signature you provided. Check your key and signing method.
[2026-02-12T04:31:02.155Z] ❌ S3 upload failed for albany/misc/general/2025/SKM_C3320i25041007060.pdf: The request signature we calculated does not match the signature you provided. Check your key and signing method.
[2026-02-12T04:31:02.156Z] ❌ S3 upload failed for albany/misc/general/2024/SKM_C3320i24112113210-1.pdf: The request signature we calculated does not match the signature you provided. Check your key and signing method.
[2026-02-12T04:31:02.180Z] ❌ S3 upload failed for albany/misc/general/2025/SKM_C3320i25032013170.pdf: The request signature we calculated does not match the signature you provided. Check your key and signing method.
[2026-02-12T04:31:02.188Z] ❌ S3 upload failed for albany/misc/general/2024/SKM_C3320i24110613330-1.pdf: The request signature we calculated does not match the signature you provided. Check your key and signing method.
[2026-02-12T04:31:02.203Z] ❌ S3 upload failed for albany/misc/general/2025/SKM_C3320i25030611370.pdf: The request signature we calculated does not match the signature you provided. Check your key and signing method.
[2026-02-12T04:31:02.224Z] ❌ S3 upload failed for albany/minutes/general/2024/ABS_Minutes_10082024.pdf: The request signature we calculated does not match the signature you provided. Check your key and signing method.
[2026-02-12T04:31:02.233Z] ❌ S3 upload failed for albany/misc/general/2025/SKM_C3320i25022009010.pdf: The request signature we calculated does not match the signature you provided. Check your key and signing method.
[2026-02-12T04:31:02.255Z] ❌ S3 upload failed for albany/minutes/general/2024/ABS_Minutes_09242024.pdf: The request signature we calculated does not match the signature you provided. Check your key and signing method.
[2026-02-12T04:31:02.266Z] ❌ S3 upload failed for albany/misc/general/2025/SKM_C3320i25022009030.pdf: The request signature we calculated does not match the signature you provided. Check your key and signing method.
[2026-02-12T04:31:02.287Z] ❌ S3 upload failed for albany/misc/general/2024/SKM_C3320i24092611590.pdf: The request signature we calculated does not match the signature you provided. Check your key and signing method.
[2026-02-12T04:31:02.303Z] ❌ S3 upload failed for albany/misc/general/2025/SKM_C3320i25012308230.pdf: The request signature we calculated does not match the signature you provided. Check your key and signing method.
[2026-02-12T04:31:02.320Z] ❌ S3 upload failed for albany/minutes/general/2024/ABS_minutes_08282024.pdf: The request signature we calculated does not match the signature you provided. Check your key and signing method.
[2026-02-12T04:31:02.344Z] ❌ S3 upload failed for albany/misc/general/2025/SKM_C3320i25010914010.pdf: The request signature we calculated does not match the signature you provided. Check your key and signing method.
[2026-02-12T04:31:02.368Z] ❌ S3 upload failed for albany/misc/general/2024/SKM_C3320i24123013320.pdf: The request signature we calculated does not match the signature you provided. Check your key and signing method.
[2026-02-12T04:31:02.382Z] ❌ S3 upload failed for albany/misc/general/2024/SKM_C3320i24090410050.pdf: The request signature we calculated does not match the signature you provided. Check your key and signing method.
[2026-02-12T04:31:02.394Z] ❌ S3 upload failed for albany/misc/general/2024/SKM_C3320i24123013310.pdf: The request signature we calculated does not match the signature you provided. Check your key and signing method.
[2026-02-12T04:31:02.412Z] ❌ S3 upload failed for albany/misc/general/2024/SKM_C3320i24081416140.pdf: The request signature we calculated does not match the signature you provided. Check your key and signing method.
[2026-02-12T04:31:02.423Z] ❌ S3 upload failed for albany/misc/general/2024/SKM_C3320i24112113210-1.pdf: The request signature we calculated does not match the signature you provided. Check your key and signing method.
[2026-02-12T04:31:02.453Z] ❌ S3 upload failed for albany/misc/general/2024/SKM_C3320i24072911310.pdf: The request signature we calculated does not match the signature you provided. Check your key and signing method.
[2026-02-12T04:31:02.492Z] ❌ S3 upload failed for albany/misc/general/2024/SKM_C3320i24072913270.pdf: The request signature we calculated does not match the signature you provided. Check your key and signing method.
[2026-02-12T04:31:02.504Z] ❌ S3 upload failed for albany/misc/general/2024/SKM_C3320i24110613330-1.pdf: The request signature we calculated does not match the signature you provided. Check your key and signing method.
[2026-02-12T04:31:02.525Z] ❌ S3 upload failed for albany/misc/general/2024/SKM_C3320i24071508000.pdf: The request signature we calculated does not match the signature you provided. Check your key and signing method.
[2026-02-12T04:31:02.526Z] ❌ S3 upload failed for albany/minutes/general/2024/ABS_Minutes_10082024.pdf: The request signature we calculated does not match the signature you provided. Check your key and signing method.
[2026-02-12T04:31:02.556Z] ❌ S3 upload failed for albany/minutes/general/2024/ABS_Minutes_09242024.pdf: The request signature we calculated does not match the signature you provided. Check your key and signing method.
[2026-02-12T04:31:02.558Z] ❌ S3 upload failed for albany/misc/general/2024/SKM_C3320i24071508370.pdf: The request signature we calculated does not match the signature you provided. Check your key and signing method.
[2026-02-12T04:31:02.588Z] ❌ S3 upload failed for albany/misc/general/2024/SKM_C3320i24081416090.pdf: The request signature we calculated does not match the signature you provided. Check your key and signing method.
[2026-02-12T04:31:02.613Z] ❌ S3 upload failed for albany/misc/general/2024/SKM_C3320i24092611590.pdf: The request signature we calculated does not match the signature you provided. Check your key and signing method.
[2026-02-12T04:31:02.616Z] ❌ S3 upload failed for albany/minutes/general/2024/ABS_Minutes_05082024.pdf: The request signature we calculated does not match the signature you provided. Check your key and signing method.
[2026-02-12T04:31:02.669Z] ❌ S3 upload failed for albany/minutes/general/2024/ABS_minutes_08282024.pdf: The request signature we calculated does not match the signature you provided. Check your key and signing method.
[2026-02-12T04:31:02.695Z] ❌ S3 upload failed for albany/misc/general/2024/SKM_C3320i24090410050.pdf: The request signature we calculated does not match the signature you provided. Check your key and signing method.
[2026-02-12T04:31:02.701Z] ❌ S3 upload failed for albany/misc/general/2024/SKM_C3320i24051308050.pdf: The request signature we calculated does not match the signature you provided. Check your key and signing method.
[2026-02-12T04:31:02.729Z] ❌ S3 upload failed for albany/misc/general/2024/SKM_C3320i24081416140.pdf: The request signature we calculated does not match the signature you provided. Check your key and signing method.
[2026-02-12T04:31:02.731Z] ❌ S3 upload failed for albany/misc/general/2024/SKM_C3320i24051308120.pdf: The request signature we calculated does not match the signature you provided. Check your key and signing method.
[2026-02-12T04:31:02.759Z] ❌ S3 upload failed for albany/misc/general/2024/SKM_C3320i24072911310.pdf: The request signature we calculated does not match the signature you provided. Check your key and signing method.
[2026-02-12T04:31:02.773Z] ❌ S3 upload failed for albany/misc/general/2024/ASB-Meeting_03272024.pdf: The request signature we calculated does not match the signature you provided. Check your key and signing method.
[2026-02-12T04:31:02.785Z] ❌ S3 upload failed for albany/misc/general/2024/SKM_C3320i24072913270.pdf: The request signature we calculated does not match the signature you provided. Check your key and signing method.
[2026-02-12T04:31:02.797Z] ❌ S3 upload failed for albany/misc/general/2024/ASB-Meeting_03122024.pdf: The request signature we calculated does not match the signature you provided. Check your key and signing method.
[2026-02-12T04:31:02.820Z] ❌ S3 upload failed for albany/misc/general/2024/SKM_C3320i24071508000.pdf: The request signature we calculated does not match the signature you provided. Check your key and signing method.
[2026-02-12T04:31:02.835Z] ❌ S3 upload failed for albany/misc/general/2024/SKM_C3320i24022609520.pdf: The request signature we calculated does not match the signature you provided. Check your key and signing method.
[2026-02-12T04:31:02.856Z] ❌ S3 upload failed for albany/misc/general/2024/SKM_C3320i24071508370.pdf: The request signature we calculated does not match the signature you provided. Check your key and signing method.
[2026-02-12T04:31:02.859Z] ❌ S3 upload failed for albany/misc/general/2024/SKM_C3320i24012411060.pdf: The request signature we calculated does not match the signature you provided. Check your key and signing method.
[2026-02-12T04:31:02.885Z] ❌ S3 upload failed for albany/misc/general/2024/SKM_C3320i24021214260-1.pdf: The request signature we calculated does not match the signature you provided. Check your key and signing method.
[2026-02-12T04:31:02.886Z] ❌ S3 upload failed for albany/misc/general/2024/SKM_C3320i24081416090.pdf: The request signature we calculated does not match the signature you provided. Check your key and signing method.
[2026-02-12T04:31:02.912Z] ❌ S3 upload failed for albany/misc/general/2024/SKM_C3320i24021214250-1.pdf: The request signature we calculated does not match the signature you provided. Check your key and signing method.
[2026-02-12T04:31:02.936Z] ❌ S3 upload failed for albany/misc/general/2024/SKM_C3320i24011612210.pdf: The request signature we calculated does not match the signature you provided. Check your key and signing method.
[2026-02-12T04:31:02.958Z] ❌ S3 upload failed for albany/minutes/general/2024/ABS_Minutes_05082024.pdf: The request signature we calculated does not match the signature you provided. Check your key and signing method.
[2026-02-12T04:31:02.997Z] ❌ S3 upload failed for albany/misc/general/2024/SKM_C3320i24051308050.pdf: The request signature we calculated does not match the signature you provided. Check your key and signing method.
[2026-02-12T04:31:03.003Z] ❌ S3 upload failed for albany/misc/general/2024/SKM_C3320i24010312180.pdf: The request signature we calculated does not match the signature you provided. Check your key and signing method.
[2026-02-12T04:31:03.026Z] ❌ S3 upload failed for albany/misc/general/2024/SKM_C3320i24051308120.pdf: The request signature we calculated does not match the signature you provided. Check your key and signing method.
[2026-02-12T04:31:03.038Z] ❌ S3 upload failed for albany/misc/general/2023/SKM_C3320i23121812570.pdf: The request signature we calculated does not match the signature you provided. Check your key and signing method.
[2026-02-12T04:31:03.055Z] ❌ S3 upload failed for albany/misc/general/2024/ASB-Meeting_03272024.pdf: The request signature we calculated does not match the signature you provided. Check your key and signing method.
[2026-02-12T04:31:03.081Z] ❌ S3 upload failed for albany/misc/general/2024/ASB-Meeting_03122024.pdf: The request signature we calculated does not match the signature you provided. Check your key and signing method.
[2026-02-12T04:31:03.113Z] ❌ S3 upload failed for albany/misc/general/2024/SKM_C3320i24022609520.pdf: The request signature we calculated does not match the signature you provided. Check your key and signing method.
[2026-02-12T04:31:03.112Z] ❌ S3 upload failed for albany/misc/general/2023/SKM_C3320i23120513420.pdf: The request signature we calculated does not match the signature you provided. Check your key and signing method.
[2026-02-12T04:31:03.137Z] ❌ S3 upload failed for albany/misc/general/2024/SKM_C3320i24012411060.pdf: The request signature we calculated does not match the signature you provided. Check your key and signing method.
[2026-02-12T04:31:03.141Z] ❌ S3 upload failed for albany/misc/general/2023/SKM_C3320i23110819210.pdf: The request signature we calculated does not match the signature you provided. Check your key and signing method.
[2026-02-12T04:31:03.168Z] ❌ S3 upload failed for albany/misc/general/2024/SKM_C3320i24021214260-1.pdf: The request signature we calculated does not match the signature you provided. Check your key and signing method.
[2026-02-12T04:31:03.171Z] ❌ S3 upload failed for albany/misc/general/2023/SKM_C3320i23103007150.pdf: The request signature we calculated does not match the signature you provided. Check your key and signing method.
[2026-02-12T04:31:03.204Z] ❌ S3 upload failed for albany/minutes/general/2023/ABS_Minutes_09272023.pdf: The request signature we calculated does not match the signature you provided. Check your key and signing method.
[2026-02-12T04:31:03.214Z] ❌ S3 upload failed for albany/misc/general/2024/SKM_C3320i24021214250-1.pdf: The request signature we calculated does not match the signature you provided. Check your key and signing method.
[2026-02-12T04:31:03.232Z] ❌ S3 upload failed for albany/misc/general/2023/SKM_C3320i23092718250.pdf: The request signature we calculated does not match the signature you provided. Check your key and signing method.
[2026-02-12T04:31:03.242Z] ❌ S3 upload failed for albany/misc/general/2024/SKM_C3320i24011612210.pdf: The request signature we calculated does not match the signature you provided. Check your key and signing method.
[2026-02-12T04:31:03.260Z] ❌ S3 upload failed for albany/misc/general/2023/SKM_C3320i23091108580.pdf: The request signature we calculated does not match the signature you provided. Check your key and signing method.
[2026-02-12T04:31:03.275Z] ❌ S3 upload failed for albany/misc/general/2024/SKM_C3320i24010312180.pdf: The request signature we calculated does not match the signature you provided. Check your key and signing method.
[2026-02-12T04:31:03.293Z] ❌ S3 upload failed for albany/misc/general/2023/SKM_C3320i23082808030.pdf: The request signature we calculated does not match the signature you provided. Check your key and signing method.
[2026-02-12T04:31:03.340Z] ❌ S3 upload failed for albany/misc/general/2023/SKM_C3320i23121812570.pdf: The request signature we calculated does not match the signature you provided. Check your key and signing method.
[2026-02-12T04:31:03.341Z] ❌ S3 upload failed for albany/misc/general/2023/SKM_C3320i23081409050.pdf: The request signature we calculated does not match the signature you provided. Check your key and signing method.
[2026-02-12T04:31:03.372Z] ❌ S3 upload failed for albany/misc/general/2023/SKM_C3320i23120513420.pdf: The request signature we calculated does not match the signature you provided. Check your key and signing method.
[2026-02-12T04:31:03.379Z] ❌ S3 upload failed for albany/misc/general/2023/SKM_C3320i23071708300.pdf: The request signature we calculated does not match the signature you provided. Check your key and signing method.
[2026-02-12T04:31:03.416Z] ❌ S3 upload failed for albany/misc/general/2023/SKM_C3320i23061418320.pdf: The request signature we calculated does not match the signature you provided. Check your key and signing method.
[2026-02-12T04:31:03.431Z] ❌ S3 upload failed for albany/misc/general/2023/SKM_C3320i23110819210.pdf: The request signature we calculated does not match the signature you provided. Check your key and signing method.
[2026-02-12T04:31:03.447Z] ❌ S3 upload failed for albany/misc/general/2023/SKM_C3320i23060508490.pdf: The request signature we calculated does not match the signature you provided. Check your key and signing method.
[2026-02-12T04:31:03.461Z] ❌ S3 upload failed for albany/misc/general/2023/SKM_C3320i23103007150.pdf: The request signature we calculated does not match the signature you provided. Check your key and signing method.
[2026-02-12T04:31:03.473Z] ❌ S3 upload failed for albany/minutes/general/2023/ABS_Minutes_04262023.pdf: The request signature we calculated does not match the signature you provided. Check your key and signing method.
[2026-02-12T04:31:03.486Z] ❌ S3 upload failed for albany/minutes/general/2023/ABS_Minutes_09272023.pdf: The request signature we calculated does not match the signature you provided. Check your key and signing method.
[2026-02-12T04:31:03.502Z] ❌ S3 upload failed for albany/minutes/general/2023/ABS_Minutes_04122023.pdf: The request signature we calculated does not match the signature you provided. Check your key and signing method.
[2026-02-12T04:31:03.503Z]    Progress: 0 uploaded, 0 skipped, 400 failed
[2026-02-12T04:31:03.517Z] ❌ S3 upload failed for albany/misc/general/2023/SKM_C3320i23092718250.pdf: The request signature we calculated does not match the signature you provided. Check your key and signing method.
[2026-02-12T04:31:03.535Z] ❌ S3 upload failed for albany/minutes/general/2023/ABS_Minutes_03292023.pdf: The request signature we calculated does not match the signature you provided. Check your key and signing method.
[2026-02-12T04:31:03.554Z] ❌ S3 upload failed for albany/misc/general/2023/SKM_C3320i23091108580.pdf: The request signature we calculated does not match the signature you provided. Check your key and signing method.
[2026-02-12T04:31:03.564Z] ❌ S3 upload failed for albany/misc/general/2023/SKM_C3320i23040408100.pdf: The request signature we calculated does not match the signature you provided. Check your key and signing method.
[2026-02-12T04:31:03.577Z] ❌ S3 upload failed for albany/misc/general/2023/SKM_C3320i23082808030.pdf: The request signature we calculated does not match the signature you provided. Check your key and signing method.
[2026-02-12T04:31:03.595Z] ❌ S3 upload failed for albany/misc/general/2023/SKM_C3320i23030818550.pdf: The request signature we calculated does not match the signature you provided. Check your key and signing method.
[2026-02-12T04:31:03.620Z] ❌ S3 upload failed for albany/misc/general/2023/SKM_C3320i23081409050.pdf: The request signature we calculated does not match the signature you provided. Check your key and signing method.
[2026-02-12T04:31:03.628Z] ❌ S3 upload failed for albany/misc/general/2023/SKM_C3320i23022218090.pdf: The request signature we calculated does not match the signature you provided. Check your key and signing method.
[2026-02-12T04:31:03.647Z] ❌ S3 upload failed for albany/misc/general/2023/SKM_C3320i23071708300.pdf: The request signature we calculated does not match the signature you provided. Check your key and signing method.
[2026-02-12T04:31:03.677Z] ❌ S3 upload failed for albany/misc/general/2023/SKM_C3320i23061418320.pdf: The request signature we calculated does not match the signature you provided. Check your key and signing method.
[2026-02-12T04:31:03.702Z] ❌ S3 upload failed for albany/misc/general/2023/SKM_C3320i23021308330.pdf: The request signature we calculated does not match the signature you provided. Check your key and signing method.
[2026-02-12T04:31:03.708Z] ❌ S3 upload failed for albany/misc/general/2023/SKM_C3320i23060508490.pdf: The request signature we calculated does not match the signature you provided. Check your key and signing method.
[2026-02-12T04:31:03.740Z] ❌ S3 upload failed for albany/misc/general/2023/SKM_C3320i23020117520.pdf: The request signature we calculated does not match the signature you provided. Check your key and signing method.
[2026-02-12T04:31:03.743Z] ❌ S3 upload failed for albany/minutes/general/2023/ABS_Minutes_04262023.pdf: The request signature we calculated does not match the signature you provided. Check your key and signing method.
[2026-02-12T04:31:03.770Z] ❌ S3 upload failed for albany/misc/general/2023/SKM_C3320i23011708271.pdf: The request signature we calculated does not match the signature you provided. Check your key and signing method.
[2026-02-12T04:31:03.778Z] ❌ S3 upload failed for albany/minutes/general/2023/ABS_Minutes_04122023.pdf: The request signature we calculated does not match the signature you provided. Check your key and signing method.
[2026-02-12T04:31:03.780Z]    Progress: 0 uploaded, 0 skipped, 400 failed
[2026-02-12T04:31:03.801Z] ❌ S3 upload failed for albany/misc/general/2023/SKM_C3320i23010308410.pdf: The request signature we calculated does not match the signature you provided. Check your key and signing method.
[2026-02-12T04:31:03.805Z] ❌ S3 upload failed for albany/minutes/general/2023/ABS_Minutes_03292023.pdf: The request signature we calculated does not match the signature you provided. Check your key and signing method.
[2026-02-12T04:31:03.841Z] ❌ S3 upload failed for albany/misc/general/2023/SKM_C3320i23040408100.pdf: The request signature we calculated does not match the signature you provided. Check your key and signing method.
[2026-02-12T04:31:03.842Z] ❌ S3 upload failed for albany/misc/general/2022/SKM_C3320i22121909200.pdf: The request signature we calculated does not match the signature you provided. Check your key and signing method.
[2026-02-12T04:31:03.866Z] ❌ S3 upload failed for albany/misc/general/2023/SKM_C3320i23030818550.pdf: The request signature we calculated does not match the signature you provided. Check your key and signing method.
[2026-02-12T04:31:03.871Z] ❌ S3 upload failed for albany/misc/general/2022/SKM_C3320i22121208020.pdf: The request signature we calculated does not match the signature you provided. Check your key and signing method.
[2026-02-12T04:31:03.894Z] ❌ S3 upload failed for albany/misc/general/2023/SKM_C3320i23022218090.pdf: The request signature we calculated does not match the signature you provided. Check your key and signing method.
[2026-02-12T04:31:03.910Z] ❌ S3 upload failed for albany/misc/general/2022/SKM_C3320i22121208490.pdf: The request signature we calculated does not match the signature you provided. Check your key and signing method.
[2026-02-12T04:31:03.942Z] ❌ S3 upload failed for albany/misc/general/2023/SKM_C3320i23021308330.pdf: The request signature we calculated does not match the signature you provided. Check your key and signing method.
[2026-02-12T04:31:03.946Z] ❌ S3 upload failed for albany/minutes/general/2022/ABS_Minutes_10192022.pdf: The request signature we calculated does not match the signature you provided. Check your key and signing method.
[2026-02-12T04:31:03.975Z] ❌ S3 upload failed for albany/misc/general/2023/SKM_C3320i23020117520.pdf: The request signature we calculated does not match the signature you provided. Check your key and signing method.
[2026-02-12T04:31:03.980Z] ❌ S3 upload failed for albany/misc/general/2022/SKM_C3320i22101917390.pdf: The request signature we calculated does not match the signature you provided. Check your key and signing method.
[2026-02-12T04:31:04.005Z] ❌ S3 upload failed for albany/misc/general/2023/SKM_C3320i23011708271.pdf: The request signature we calculated does not match the signature you provided. Check your key and signing method.
[2026-02-12T04:31:04.017Z] ❌ S3 upload failed for albany/misc/general/2022/SKM_C3320i22092818080.pdf: The request signature we calculated does not match the signature you provided. Check your key and signing method.
[2026-02-12T04:31:04.036Z] ❌ S3 upload failed for albany/misc/general/2023/SKM_C3320i23010308410.pdf: The request signature we calculated does not match the signature you provided. Check your key and signing method.
[2026-02-12T04:31:04.047Z] ❌ S3 upload failed for albany/minutes/general/2022/ABS_Minutes_08242022.pdf: The request signature we calculated does not match the signature you provided. Check your key and signing method.
[2026-02-12T04:31:04.058Z] ❌ S3 upload failed for albany/misc/general/2022/SKM_C3320i22121909200.pdf: The request signature we calculated does not match the signature you provided. Check your key and signing method.
[2026-02-12T04:31:04.083Z] ❌ S3 upload failed for albany/minutes/general/2022/ABS_Minutes_08102022.pdf: The request signature we calculated does not match the signature you provided. Check your key and signing method.
[2026-02-12T04:31:04.094Z] ❌ S3 upload failed for albany/misc/general/2022/SKM_C3320i22121208020.pdf: The request signature we calculated does not match the signature you provided. Check your key and signing method.
[2026-02-12T04:31:04.114Z] ❌ S3 upload failed for albany/misc/general/2022/SKM_C3320i22081017550.pdf: The request signature we calculated does not match the signature you provided. Check your key and signing method.
[2026-02-12T04:31:04.120Z] ❌ S3 upload failed for albany/misc/general/2022/SKM_C3320i22121208490.pdf: The request signature we calculated does not match the signature you provided. Check your key and signing method.
[2026-02-12T04:31:04.146Z] ❌ S3 upload failed for albany/minutes/general/2022/ABS_Minutes_10192022.pdf: The request signature we calculated does not match the signature you provided. Check your key and signing method.
[2026-02-12T04:31:04.148Z] ❌ S3 upload failed for albany/misc/general/2022/SKM_C3320i22080108300.pdf: The request signature we calculated does not match the signature you provided. Check your key and signing method.
[2026-02-12T04:31:04.171Z] ❌ S3 upload failed for albany/misc/general/2022/SKM_C3320i22101917390.pdf: The request signature we calculated does not match the signature you provided. Check your key and signing method.
[2026-02-12T04:31:04.177Z] ❌ S3 upload failed for albany/misc/general/2022/SKM_C3320i22071810520.pdf: The request signature we calculated does not match the signature you provided. Check your key and signing method.
[2026-02-12T04:31:04.199Z] ❌ S3 upload failed for albany/misc/general/2022/SKM_C3320i22092818080.pdf: The request signature we calculated does not match the signature you provided. Check your key and signing method.
[2026-02-12T04:31:04.203Z] ❌ S3 upload failed for albany/misc/general/2022/SKM_C3320i22070611110.pdf: The request signature we calculated does not match the signature you provided. Check your key and signing method.
[2026-02-12T04:31:04.229Z] ❌ S3 upload failed for albany/minutes/general/2022/ABS_Minutes_08242022.pdf: The request signature we calculated does not match the signature you provided. Check your key and signing method.
[2026-02-12T04:31:04.232Z] ❌ S3 upload failed for albany/misc/general/2022/SKM_C3320i22061307550.pdf: The request signature we calculated does not match the signature you provided. Check your key and signing method.
[2026-02-12T04:31:04.262Z] ❌ S3 upload failed for albany/misc/general/2022/SKM_C3320i22053115160.pdf: The request signature we calculated does not match the signature you provided. Check your key and signing method.
[2026-02-12T04:31:04.270Z] ❌ S3 upload failed for albany/minutes/general/2022/ABS_Minutes_08102022.pdf: The request signature we calculated does not match the signature you provided. Check your key and signing method.
[2026-02-12T04:31:04.295Z] ❌ S3 upload failed for albany/misc/general/2022/SKM_C3320i22051117270.pdf: The request signature we calculated does not match the signature you provided. Check your key and signing method.
[2026-02-12T04:31:04.299Z] ❌ S3 upload failed for albany/misc/general/2022/SKM_C3320i22081017550.pdf: The request signature we calculated does not match the signature you provided. Check your key and signing method.
[2026-02-12T04:31:04.327Z] ❌ S3 upload failed for albany/misc/general/2022/SKM_C3320i22042717340.pdf: The request signature we calculated does not match the signature you provided. Check your key and signing method.
[2026-02-12T04:31:04.326Z] ❌ S3 upload failed for albany/misc/general/2022/SKM_C3320i22080108300.pdf: The request signature we calculated does not match the signature you provided. Check your key and signing method.
[2026-02-12T04:31:04.354Z] ❌ S3 upload failed for albany/misc/general/2022/SKM_C3320i22071810520.pdf: The request signature we calculated does not match the signature you provided. Check your key and signing method.
[2026-02-12T04:31:04.366Z] ❌ S3 upload failed for albany/misc/general/2022/SKM_C3320i22042510260.pdf: The request signature we calculated does not match the signature you provided. Check your key and signing method.
[2026-02-12T04:31:04.380Z] ❌ S3 upload failed for albany/misc/general/2022/SKM_C3320i22070611110.pdf: The request signature we calculated does not match the signature you provided. Check your key and signing method.
[2026-02-12T04:31:04.401Z] ❌ S3 upload failed for albany/misc/general/2022/SKM_C3320i22061307550.pdf: The request signature we calculated does not match the signature you provided. Check your key and signing method.
[2026-02-12T04:31:04.404Z] ❌ S3 upload failed for albany/minutes/general/2022/ABS_Minutes_03232022.pdf: The request signature we calculated does not match the signature you provided. Check your key and signing method.
[2026-02-12T04:31:04.431Z] ❌ S3 upload failed for albany/minutes/general/2022/ABS_Minutes_02162022.pdf: The request signature we calculated does not match the signature you provided. Check your key and signing method.
[2026-02-12T04:31:04.438Z] ❌ S3 upload failed for albany/misc/general/2022/SKM_C3320i22053115160.pdf: The request signature we calculated does not match the signature you provided. Check your key and signing method.
[2026-02-12T04:31:04.454Z] ❌ S3 upload failed for albany/minutes/general/2022/ABS_Minutes_02022022.pdf: The request signature we calculated does not match the signature you provided. Check your key and signing method.
[2026-02-12T04:31:04.481Z] ❌ S3 upload failed for albany/misc/general/2022/SKM_C3320i22051117270.pdf: The request signature we calculated does not match the signature you provided. Check your key and signing method.
[2026-02-12T04:31:04.485Z] ❌ S3 upload failed for albany/misc/general/2022/SKM_C3320i22020811590.pdf: The request signature we calculated does not match the signature you provided. Check your key and signing method.
[2026-02-12T04:31:04.516Z] ❌ S3 upload failed for albany/misc/general/2022/SKM_C3320i22042717340.pdf: The request signature we calculated does not match the signature you provided. Check your key and signing method.
[2026-02-12T04:31:04.518Z] ❌ S3 upload failed for albany/minutes/general/2022/ASB-Minutes_01192022.pdf: The request signature we calculated does not match the signature you provided. Check your key and signing method.
[2026-02-12T04:31:04.554Z] ❌ S3 upload failed for albany/misc/general/2022/SKM_C3320i22042510260.pdf: The request signature we calculated does not match the signature you provided. Check your key and signing method.
[2026-02-12T04:31:04.583Z] ❌ S3 upload failed for albany/minutes/general/2022/ABS_Minutes_03232022.pdf: The request signature we calculated does not match the signature you provided. Check your key and signing method.
[2026-02-12T04:31:04.588Z] ❌ S3 upload failed for albany/minutes/general/2022/ABS_Minutes_12082021_approved.pdf: The request signature we calculated does not match the signature you provided. Check your key and signing method.
[2026-02-12T04:31:04.616Z] ❌ S3 upload failed for albany/minutes/general/2022/ABS_Minutes_02162022.pdf: The request signature we calculated does not match the signature you provided. Check your key and signing method.
[2026-02-12T04:31:04.617Z] ❌ S3 upload failed for albany/misc/general/2022/ABS_November-17-2021_approved.pdf: The request signature we calculated does not match the signature you provided. Check your key and signing method.
[2026-02-12T04:31:04.645Z] ❌ S3 upload failed for albany/minutes/general/2022/ABS_Minutes_02022022.pdf: The request signature we calculated does not match the signature you provided. Check your key and signing method.
[2026-02-12T04:31:04.649Z] ❌ S3 upload failed for albany/misc/general/2021/SKM_C3320i21112212500.pdf: The request signature we calculated does not match the signature you provided. Check your key and signing method.
[2026-02-12T04:31:04.675Z] ❌ S3 upload failed for albany/misc/general/2021/SKM_C3320i21110808220.pdf: The request signature we calculated does not match the signature you provided. Check your key and signing method.
[2026-02-12T04:31:04.704Z] ❌ S3 upload failed for albany/misc/general/2022/SKM_C3320i22020811590.pdf: The request signature we calculated does not match the signature you provided. Check your key and signing method.
[2026-02-12T04:31:04.705Z] ❌ S3 upload failed for albany/misc/general/2021/SKM_C3320i21101809541.pdf: The request signature we calculated does not match the signature you provided. Check your key and signing method.
[2026-02-12T04:31:04.729Z] ❌ S3 upload failed for albany/minutes/general/2022/ASB-Minutes_01192022.pdf: The request signature we calculated does not match the signature you provided. Check your key and signing method.
[2026-02-12T04:31:04.735Z] ❌ S3 upload failed for albany/misc/general/2021/SKM_C3320i21101214360.pdf: The request signature we calculated does not match the signature you provided. Check your key and signing method.
[2026-02-12T04:31:04.756Z] ❌ S3 upload failed for albany/minutes/general/2022/ABS_Minutes_12082021_approved.pdf: The request signature we calculated does not match the signature you provided. Check your key and signing method.
[2026-02-12T04:31:04.760Z] ❌ S3 upload failed for albany/minutes/general/2021/ABS_Minutes_08252021_approved.pdf: The request signature we calculated does not match the signature you provided. Check your key and signing method.
[2026-02-12T04:31:04.784Z] ❌ S3 upload failed for albany/misc/general/2022/ABS_November-17-2021_approved.pdf: The request signature we calculated does not match the signature you provided. Check your key and signing method.
[2026-02-12T04:31:04.795Z] ❌ S3 upload failed for albany/misc/general/2021/SKM_C3320i21083008160.pdf: The request signature we calculated does not match the signature you provided. Check your key and signing method.
[2026-02-12T04:31:04.814Z] ❌ S3 upload failed for albany/misc/general/2021/SKM_C3320i21112212500.pdf: The request signature we calculated does not match the signature you provided. Check your key and signing method.
[2026-02-12T04:31:04.828Z] ❌ S3 upload failed for albany/misc/general/2021/SKM_C3320i21081614330.pdf: The request signature we calculated does not match the signature you provided. Check your key and signing method.
[2026-02-12T04:31:04.850Z] ❌ S3 upload failed for albany/misc/general/2021/SKM_C3320i21110808220.pdf: The request signature we calculated does not match the signature you provided. Check your key and signing method.
[2026-02-12T04:31:04.852Z] ❌ S3 upload failed for albany/minutes/general/2021/ABS_Minutes_07142021.pdf: The request signature we calculated does not match the signature you provided. Check your key and signing method.
[2026-02-12T04:31:04.886Z] ❌ S3 upload failed for albany/minutes/general/2021/ABS_Minutes_06232021.pdf: The request signature we calculated does not match the signature you provided. Check your key and signing method.
[2026-02-12T04:31:04.922Z] ❌ S3 upload failed for albany/minutes/general/2021/ASB_Minutes_06162021.pdf: The request signature we calculated does not match the signature you provided. Check your key and signing method.
[2026-02-12T04:31:04.924Z] ❌ S3 upload failed for albany/misc/general/2021/SKM_C3320i21101809541.pdf: The request signature we calculated does not match the signature you provided. Check your key and signing method.
[2026-02-12T04:31:04.947Z] ❌ S3 upload failed for albany/misc/general/2021/SKM_C3320i21101214360.pdf: The request signature we calculated does not match the signature you provided. Check your key and signing method.
[2026-02-12T04:31:04.952Z] ❌ S3 upload failed for albany/minutes/general/2021/ABS_Minutes_06092021.doc: The request signature we calculated does not match the signature you provided. Check your key and signing method.
[2026-02-12T04:31:04.978Z] ❌ S3 upload failed for albany/misc/general/2021/SKM_C3320i21062110260.pdf: The request signature we calculated does not match the signature you provided. Check your key and signing method.
[2026-02-12T04:31:04.980Z] ❌ S3 upload failed for albany/minutes/general/2021/ABS_Minutes_08252021_approved.pdf: The request signature we calculated does not match the signature you provided. Check your key and signing method.
[2026-02-12T04:31:05.009Z] ❌ S3 upload failed for albany/misc/general/2021/SKM_C3320i21060108480.pdf: The request signature we calculated does not match the signature you provided. Check your key and signing method.
[2026-02-12T04:31:05.011Z] ❌ S3 upload failed for albany/misc/general/2021/SKM_C3320i21083008160.pdf: The request signature we calculated does not match the signature you provided. Check your key and signing method.
[2026-02-12T04:31:05.036Z] ❌ S3 upload failed for albany/misc/general/2021/SKM_C3320i21051712100.pdf: The request signature we calculated does not match the signature you provided. Check your key and signing method.
[2026-02-12T04:31:05.037Z] ❌ S3 upload failed for albany/misc/general/2021/SKM_C3320i21081614330.pdf: The request signature we calculated does not match the signature you provided. Check your key and signing method.
[2026-02-12T04:31:05.063Z] ❌ S3 upload failed for albany/minutes/general/2021/ABS_Minutes_04142021.pdf: The request signature we calculated does not match the signature you provided. Check your key and signing method.
[2026-02-12T04:31:05.071Z] ❌ S3 upload failed for albany/minutes/general/2021/ABS_Minutes_07142021.pdf: The request signature we calculated does not match the signature you provided. Check your key and signing method.
[2026-02-12T04:31:05.104Z] ❌ S3 upload failed for albany/minutes/general/2021/ABS_Minutes_06232021.pdf: The request signature we calculated does not match the signature you provided. Check your key and signing method.
[2026-02-12T04:31:05.137Z] ❌ S3 upload failed for albany/minutes/general/2021/ASB_Minutes_06162021.pdf: The request signature we calculated does not match the signature you provided. Check your key and signing method.
[2026-02-12T04:31:05.138Z] ❌ S3 upload failed for albany/misc/general/2021/SKM_C3320i21042611140.pdf: The request signature we calculated does not match the signature you provided. Check your key and signing method.
[2026-02-12T04:31:05.168Z] ❌ S3 upload failed for albany/minutes/general/2021/ABS_Minutes_06092021.doc: The request signature we calculated does not match the signature you provided. Check your key and signing method.
[2026-02-12T04:31:05.169Z] ❌ S3 upload failed for albany/minutes/general/2021/ABS_Minutes_03172021.pdf: The request signature we calculated does not match the signature you provided. Check your key and signing method.
[2026-02-12T04:31:05.201Z] ❌ S3 upload failed for albany/misc/general/2021/SKM_C3320i21032208040.pdf: The request signature we calculated does not match the signature you provided. Check your key and signing method.
[2026-02-12T04:31:05.200Z] ❌ S3 upload failed for albany/misc/general/2021/SKM_C3320i21062110260.pdf: The request signature we calculated does not match the signature you provided. Check your key and signing method.
[2026-02-12T04:31:05.202Z]    Progress: 0 uploaded, 0 skipped, 450 failed
[2026-02-12T04:31:05.235Z] ❌ S3 upload failed for albany/minutes/general/2021/ASB_Minutes_02172021.pdf: The request signature we calculated does not match the signature you provided. Check your key and signing method.
[2026-02-12T04:31:05.239Z] ❌ S3 upload failed for albany/misc/general/2021/SKM_C3320i21060108480.pdf: The request signature we calculated does not match the signature you provided. Check your key and signing method.
[2026-02-12T04:31:05.262Z] ❌ S3 upload failed for albany/minutes/general/2021/ABS_Minutes_02102021.pdf: The request signature we calculated does not match the signature you provided. Check your key and signing method.
[2026-02-12T04:31:05.269Z] ❌ S3 upload failed for albany/misc/general/2021/SKM_C3320i21051712100.pdf: The request signature we calculated does not match the signature you provided. Check your key and signing method.
[2026-02-12T04:31:05.294Z] ❌ S3 upload failed for albany/minutes/general/2021/ASB_MInutes_02032021.pdf: The request signature we calculated does not match the signature you provided. Check your key and signing method.
[2026-02-12T04:31:05.301Z] ❌ S3 upload failed for albany/minutes/general/2021/ABS_Minutes_04142021.pdf: The request signature we calculated does not match the signature you provided. Check your key and signing method.
[2026-02-12T04:31:05.337Z] ❌ S3 upload failed for albany/misc/general/2021/SKM_C3320i21042611140.pdf: The request signature we calculated does not match the signature you provided. Check your key and signing method.
[2026-02-12T04:31:05.338Z] ❌ S3 upload failed for albany/minutes/general/2021/2021-Budget-Public-Hearing-Minutes-02032021.pdf: The request signature we calculated does not match the signature you provided. Check your key and signing method.
[2026-02-12T04:31:05.369Z] ❌ S3 upload failed for albany/minutes/general/2021/ASB-MInutes-01272021.pdf: The request signature we calculated does not match the signature you provided. Check your key and signing method.
[2026-02-12T04:31:05.374Z] ❌ S3 upload failed for albany/minutes/general/2021/ABS_Minutes_03172021.pdf: The request signature we calculated does not match the signature you provided. Check your key and signing method.
[2026-02-12T04:31:05.399Z] ❌ S3 upload failed for albany/misc/general/2021/SKM_C3320i21012213360.pdf: The request signature we calculated does not match the signature you provided. Check your key and signing method.
[2026-02-12T04:31:05.418Z] ❌ S3 upload failed for albany/misc/general/2021/SKM_C3320i21032208040.pdf: The request signature we calculated does not match the signature you provided. Check your key and signing method.
[2026-02-12T04:31:05.419Z]    Progress: 0 uploaded, 0 skipped, 450 failed
[2026-02-12T04:31:05.423Z] ❌ S3 upload failed for albany/minutes/general/2021/ABS_Minutes_01062021.pdf: The request signature we calculated does not match the signature you provided. Check your key and signing method.
[2026-02-12T04:31:05.445Z] ❌ S3 upload failed for albany/minutes/general/2021/ASB_Minutes_02172021.pdf: The request signature we calculated does not match the signature you provided. Check your key and signing method.
[2026-02-12T04:31:05.470Z] ❌ S3 upload failed for albany/minutes/general/2021/ABS_Minutes_02102021.pdf: The request signature we calculated does not match the signature you provided. Check your key and signing method.
[2026-02-12T04:31:05.497Z] ❌ S3 upload failed for albany/minutes/general/2021/ASB_MInutes_02032021.pdf: The request signature we calculated does not match the signature you provided. Check your key and signing method.
[2026-02-12T04:31:05.515Z] ❌ S3 upload failed for albany/misc/general/2019/Dec4.pdf: The request signature we calculated does not match the signature you provided. Check your key and signing method.
[2026-02-12T04:31:05.523Z] ❌ S3 upload failed for albany/minutes/general/2021/2021-Budget-Public-Hearing-Minutes-02032021.pdf: The request signature we calculated does not match the signature you provided. Check your key and signing method.
[2026-02-12T04:31:05.545Z] ❌ S3 upload failed for albany/minutes/general/2021/ABS_Minutes_12302020.pdf: The request signature we calculated does not match the signature you provided. Check your key and signing method.
[2026-02-12T04:31:05.554Z] ❌ S3 upload failed for albany/minutes/general/2021/ASB-MInutes-01272021.pdf: The request signature we calculated does not match the signature you provided. Check your key and signing method.
[2026-02-12T04:31:05.581Z] ❌ S3 upload failed for albany/minutes/general/2021/ABS_Minutes_12162020-.pdf: The request signature we calculated does not match the signature you provided. Check your key and signing method.
[2026-02-12T04:31:05.594Z] ❌ S3 upload failed for albany/misc/general/2021/SKM_C3320i21012213360.pdf: The request signature we calculated does not match the signature you provided. Check your key and signing method.
[2026-02-12T04:31:05.611Z] ❌ S3 upload failed for albany/minutes/general/2020/ABS_Minutes_12092020_approved.pdf: The request signature we calculated does not match the signature you provided. Check your key and signing method.
[2026-02-12T04:31:05.629Z] ❌ S3 upload failed for albany/minutes/general/2021/ABS_Minutes_01062021.pdf: The request signature we calculated does not match the signature you provided. Check your key and signing method.
[2026-02-12T04:31:05.644Z] ❌ S3 upload failed for albany/misc/general/2020/ABS_Minues_12022020.doc: The request signature we calculated does not match the signature you provided. Check your key and signing method.
[2026-02-12T04:31:05.661Z] ❌ S3 upload failed for albany/misc/general/2019/Dec4.pdf: The request signature we calculated does not match the signature you provided. Check your key and signing method.
[2026-02-12T04:31:05.675Z] ❌ S3 upload failed for albany/minutes/general/2020/ABS_Minutes_11252020.pdf: The request signature we calculated does not match the signature you provided. Check your key and signing method.
[2026-02-12T04:31:05.693Z] ❌ S3 upload failed for albany/minutes/general/2021/ABS_Minutes_12302020.pdf: The request signature we calculated does not match the signature you provided. Check your key and signing method.
[2026-02-12T04:31:05.711Z] ❌ S3 upload failed for albany/minutes/general/2020/ASB_Minutes_11182020.pdf: The request signature we calculated does not match the signature you provided. Check your key and signing method.
[2026-02-12T04:31:05.727Z] ❌ S3 upload failed for albany/minutes/general/2021/ABS_Minutes_12162020-.pdf: The request signature we calculated does not match the signature you provided. Check your key and signing method.
[2026-02-12T04:31:05.754Z] ❌ S3 upload failed for albany/minutes/general/2020/ABS_Minutes_12092020_approved.pdf: The request signature we calculated does not match the signature you provided. Check your key and signing method.
[2026-02-12T04:31:05.770Z] ❌ S3 upload failed for albany/minutes/general/2020/ABS_Minutes_11042020.pdf: The request signature we calculated does not match the signature you provided. Check your key and signing method.
[2026-02-12T04:31:05.784Z] ❌ S3 upload failed for albany/misc/general/2020/ABS_Minues_12022020.doc: The request signature we calculated does not match the signature you provided. Check your key and signing method.
[2026-02-12T04:31:05.797Z] ❌ S3 upload failed for albany/minutes/general/2020/ABS_Minutes_10272020.pdf: The request signature we calculated does not match the signature you provided. Check your key and signing method.
[2026-02-12T04:31:05.813Z] ❌ S3 upload failed for albany/minutes/general/2020/ABS_Minutes_11252020.pdf: The request signature we calculated does not match the signature you provided. Check your key and signing method.
[2026-02-12T04:31:05.833Z] ❌ S3 upload failed for albany/minutes/general/2020/ABS_Minutes_10212020.pdf: The request signature we calculated does not match the signature you provided. Check your key and signing method.
[2026-02-12T04:31:05.841Z] ❌ S3 upload failed for albany/minutes/general/2020/ASB_Minutes_11182020.pdf: The request signature we calculated does not match the signature you provided. Check your key and signing method.
[2026-02-12T04:31:05.864Z] ❌ S3 upload failed for albany/minutes/general/2020/ASB-Minutes-10072020_approved.pdf: The request signature we calculated does not match the signature you provided. Check your key and signing method.
[2026-02-12T04:31:05.867Z] ❌ S3 upload failed for albany/minutes/general/2020/ABS_Minutes_11042020.pdf: The request signature we calculated does not match the signature you provided. Check your key and signing method.
[2026-02-12T04:31:05.907Z] ❌ S3 upload failed for albany/minutes/general/2020/ABS_Minutes_10272020.pdf: The request signature we calculated does not match the signature you provided. Check your key and signing method.
[2026-02-12T04:31:05.925Z] ❌ S3 upload failed for albany/minutes/general/2020/ABS_Minutes_09302020.pdf: The request signature we calculated does not match the signature you provided. Check your key and signing method.
[2026-02-12T04:31:05.931Z] ❌ S3 upload failed for albany/minutes/general/2020/ABS_Minutes_10212020.pdf: The request signature we calculated does not match the signature you provided. Check your key and signing method.
[2026-02-12T04:31:05.960Z] ❌ S3 upload failed for albany/minutes/general/2020/ABS_Minutes_09232020.pdf: The request signature we calculated does not match the signature you provided. Check your key and signing method.
[2026-02-12T04:31:05.980Z] ❌ S3 upload failed for albany/minutes/general/2020/ASB-Minutes-10072020_approved.pdf: The request signature we calculated does not match the signature you provided. Check your key and signing method.
[2026-02-12T04:31:05.990Z] ❌ S3 upload failed for albany/minutes/general/2020/ABS_Minutes_09162020_approved.pdf: The request signature we calculated does not match the signature you provided. Check your key and signing method.
[2026-02-12T04:31:06.004Z] ❌ S3 upload failed for albany/minutes/general/2020/ABS_Minutes_09302020.pdf: The request signature we calculated does not match the signature you provided. Check your key and signing method.
[2026-02-12T04:31:06.031Z] ❌ S3 upload failed for albany/minutes/general/2020/ABS_Minutes_09022020_approved.pdf: The request signature we calculated does not match the signature you provided. Check your key and signing method.
[2026-02-12T04:31:06.030Z] ❌ S3 upload failed for albany/minutes/general/2020/ABS_Minutes_09232020.pdf: The request signature we calculated does not match the signature you provided. Check your key and signing method.
[2026-02-12T04:31:06.057Z] ❌ S3 upload failed for albany/minutes/general/2020/ABS_Minutes_09162020_approved.pdf: The request signature we calculated does not match the signature you provided. Check your key and signing method.
[2026-02-12T04:31:06.059Z] ❌ S3 upload failed for albany/misc/general/2020/ASB-Minues-08192020_approved.pdf: The request signature we calculated does not match the signature you provided. Check your key and signing method.
[2026-02-12T04:31:06.082Z] ❌ S3 upload failed for albany/minutes/general/2020/ABS_Minutes_09022020_approved.pdf: The request signature we calculated does not match the signature you provided. Check your key and signing method.
[2026-02-12T04:31:06.089Z] ❌ S3 upload failed for albany/minutes/general/2020/ASB-Minutes-08122020_approved.pdf: The request signature we calculated does not match the signature you provided. Check your key and signing method.
[2026-02-12T04:31:06.111Z] ❌ S3 upload failed for albany/misc/general/2020/ASB-Minues-08192020_approved.pdf: The request signature we calculated does not match the signature you provided. Check your key and signing method.
[2026-02-12T04:31:06.126Z] ❌ S3 upload failed for albany/minutes/general/2020/ABS_Minutes_08052020_revised.pdf: The request signature we calculated does not match the signature you provided. Check your key and signing method.
[2026-02-12T04:31:06.147Z] ❌ S3 upload failed for albany/minutes/general/2020/ASB-Minutes-08122020_approved.pdf: The request signature we calculated does not match the signature you provided. Check your key and signing method.
[2026-02-12T04:31:06.155Z] ❌ S3 upload failed for albany/minutes/general/2020/ABS_Minutes_07222020.pdf: The request signature we calculated does not match the signature you provided. Check your key and signing method.
[2026-02-12T04:31:06.184Z] ❌ S3 upload failed for albany/minutes/general/2020/ASB-Minutes-07152020.pdf: The request signature we calculated does not match the signature you provided. Check your key and signing method.
[2026-02-12T04:31:06.187Z] ❌ S3 upload failed for albany/minutes/general/2020/ABS_Minutes_08052020_revised.pdf: The request signature we calculated does not match the signature you provided. Check your key and signing method.
[2026-02-12T04:31:06.219Z] ❌ S3 upload failed for albany/minutes/general/2020/ABS_Minutes_07222020.pdf: The request signature we calculated does not match the signature you provided. Check your key and signing method.
[2026-02-12T04:31:06.220Z] ❌ S3 upload failed for albany/minutes/general/2020/ASB-Minutes-07012020.pdf: The request signature we calculated does not match the signature you provided. Check your key and signing method.
[2026-02-12T04:31:06.247Z] ❌ S3 upload failed for albany/minutes/general/2020/ASB-Minutes-06242020.pdf: The request signature we calculated does not match the signature you provided. Check your key and signing method.
[2026-02-12T04:31:06.250Z] ❌ S3 upload failed for albany/minutes/general/2020/ASB-Minutes-07152020.pdf: The request signature we calculated does not match the signature you provided. Check your key and signing method.
[2026-02-12T04:31:06.278Z] ❌ S3 upload failed for albany/minutes/general/2020/ASB-Minutes-06172020.pdf: The request signature we calculated does not match the signature you provided. Check your key and signing method.
[2026-02-12T04:31:06.278Z] ❌ S3 upload failed for albany/minutes/general/2020/ASB-Minutes-07012020.pdf: The request signature we calculated does not match the signature you provided. Check your key and signing method.
[2026-02-12T04:31:06.311Z] ❌ S3 upload failed for albany/minutes/general/2020/ASB-Minutes-06102020.pdf: The request signature we calculated does not match the signature you provided. Check your key and signing method.
[2026-02-12T04:31:06.317Z] ❌ S3 upload failed for albany/minutes/general/2020/ASB-Minutes-06242020.pdf: The request signature we calculated does not match the signature you provided. Check your key and signing method.
[2026-02-12T04:31:06.349Z] ❌ S3 upload failed for albany/minutes/general/2020/ASB-Minutes-06172020.pdf: The request signature we calculated does not match the signature you provided. Check your key and signing method.
[2026-02-12T04:31:06.380Z] ❌ S3 upload failed for albany/minutes/general/2020/ASB-Minutes-06102020.pdf: The request signature we calculated does not match the signature you provided. Check your key and signing method.
[2026-02-12T04:31:06.389Z] ❌ S3 upload failed for albany/minutes/general/2020/ASB_Minutes_05272020.pdf: The request signature we calculated does not match the signature you provided. Check your key and signing method.
[2026-02-12T04:31:06.413Z] ❌ S3 upload failed for albany/minutes/general/2020/ASB_Minutes_05272020.pdf: The request signature we calculated does not match the signature you provided. Check your key and signing method.
[2026-02-12T04:31:06.435Z] ❌ S3 upload failed for albany/minutes/general/2020/ASB-Minutes_05202020.pdf: The request signature we calculated does not match the signature you provided. Check your key and signing method.
[2026-02-12T04:31:06.442Z] ❌ S3 upload failed for albany/minutes/general/2020/ASB-Minutes_05202020.pdf: The request signature we calculated does not match the signature you provided. Check your key and signing method.
[2026-02-12T04:31:06.467Z] ❌ S3 upload failed for albany/minutes/general/2020/ASB_Minutes_05132020.pdf: The request signature we calculated does not match the signature you provided. Check your key and signing method.
[2026-02-12T04:31:06.474Z] ❌ S3 upload failed for albany/minutes/general/2020/ASB_Minutes_05132020.pdf: The request signature we calculated does not match the signature you provided. Check your key and signing method.
[2026-02-12T04:31:06.494Z] ❌ S3 upload failed for albany/minutes/general/2020/ABS_Minutes_05062020.pdf: The request signature we calculated does not match the signature you provided. Check your key and signing method.
[2026-02-12T04:31:06.504Z] ❌ S3 upload failed for albany/minutes/general/2020/ABS_Minutes_05062020.pdf: The request signature we calculated does not match the signature you provided. Check your key and signing method.
[2026-02-12T04:31:06.529Z] ❌ S3 upload failed for albany/minutes/general/2020/ASB-Minutes_04.29.2020.pdf: The request signature we calculated does not match the signature you provided. Check your key and signing method.
[2026-02-12T04:31:06.536Z] ❌ S3 upload failed for albany/minutes/general/2020/ASB-Minutes_04.29.2020.pdf: The request signature we calculated does not match the signature you provided. Check your key and signing method.
[2026-02-12T04:31:06.558Z] ❌ S3 upload failed for albany/minutes/general/2020/ASB-Minutes_04.22.2020.pdf: The request signature we calculated does not match the signature you provided. Check your key and signing method.
[2026-02-12T04:31:06.597Z] ❌ S3 upload failed for albany/minutes/general/2020/ASB-Minutes_04.08.2020.pdf: The request signature we calculated does not match the signature you provided. Check your key and signing method.
[2026-02-12T04:31:06.617Z] ❌ S3 upload failed for albany/minutes/general/2020/ASB-Minutes_04.22.2020.pdf: The request signature we calculated does not match the signature you provided. Check your key and signing method.
[2026-02-12T04:31:06.646Z] ❌ S3 upload failed for albany/minutes/general/2020/ASB-Minutes_04.08.2020.pdf: The request signature we calculated does not match the signature you provided. Check your key and signing method.
[2026-02-12T04:31:06.658Z] ❌ S3 upload failed for albany/misc/general/2020/April-1-2020.pdf: The request signature we calculated does not match the signature you provided. Check your key and signing method.
[2026-02-12T04:31:06.684Z] ❌ S3 upload failed for albany/minutes/general/2020/ASB-Minutes_3_18_20.pdf: The request signature we calculated does not match the signature you provided. Check your key and signing method.
[2026-02-12T04:31:06.685Z] ❌ S3 upload failed for albany/misc/general/2020/April-1-2020.pdf: The request signature we calculated does not match the signature you provided. Check your key and signing method.
[2026-02-12T04:31:06.712Z] ❌ S3 upload failed for albany/minutes/general/2020/ASB-Minutes_3_18_20.pdf: The request signature we calculated does not match the signature you provided. Check your key and signing method.
[2026-02-12T04:31:06.713Z] ❌ S3 upload failed for albany/minutes/general/2020/ASB-Minutes_3_11_20-1.pdf: The request signature we calculated does not match the signature you provided. Check your key and signing method.
[2026-02-12T04:31:06.744Z] ❌ S3 upload failed for albany/minutes/general/2020/ASB-Minutes_3_11_20-1.pdf: The request signature we calculated does not match the signature you provided. Check your key and signing method.
[2026-02-12T04:31:06.749Z] ❌ S3 upload failed for albany/minutes/general/2020/ASB-Minutes_3_4_20-1.pdf: The request signature we calculated does not match the signature you provided. Check your key and signing method.
[2026-02-12T04:31:06.773Z] ❌ S3 upload failed for albany/minutes/general/2020/ASB-Minutes_3_4_20-1.pdf: The request signature we calculated does not match the signature you provided. Check your key and signing method.
[2026-02-12T04:31:06.784Z] ❌ S3 upload failed for albany/minutes/general/2020/ASB-Minutes_2_26_20.pdf: The request signature we calculated does not match the signature you provided. Check your key and signing method.
[2026-02-12T04:31:06.812Z] ❌ S3 upload failed for albany/minutes/general/2020/ASB-Minutes_2_26_20.pdf: The request signature we calculated does not match the signature you provided. Check your key and signing method.
[2026-02-12T04:31:06.827Z] ❌ S3 upload failed for albany/minutes/general/2020/ASB-Minutes_2.19.20.pdf: The request signature we calculated does not match the signature you provided. Check your key and signing method.
[2026-02-12T04:31:06.837Z] ❌ S3 upload failed for albany/minutes/general/2020/ASB-Minutes_2.19.20.pdf: The request signature we calculated does not match the signature you provided. Check your key and signing method.
[2026-02-12T04:31:06.857Z] ❌ S3 upload failed for albany/minutes/general/2020/ASB-Minutes_2.12.20.pdf: The request signature we calculated does not match the signature you provided. Check your key and signing method.
[2026-02-12T04:31:06.872Z] ❌ S3 upload failed for albany/minutes/general/2020/ASB-Minutes_2.12.20.pdf: The request signature we calculated does not match the signature you provided. Check your key and signing method.
[2026-02-12T04:31:06.884Z] ❌ S3 upload failed for albany/minutes/general/2020/ASB-Minutes_2.5.20.pdf: The request signature we calculated does not match the signature you provided. Check your key and signing method.
[2026-02-12T04:31:06.904Z] ❌ S3 upload failed for albany/minutes/general/2020/ASB-Minutes_1.29.20.pdf: The request signature we calculated does not match the signature you provided. Check your key and signing method.
[2026-02-12T04:31:06.909Z] ❌ S3 upload failed for albany/minutes/general/2020/ASB-Minutes_2.5.20.pdf: The request signature we calculated does not match the signature you provided. Check your key and signing method.
[2026-02-12T04:31:06.934Z] ❌ S3 upload failed for albany/minutes/general/2020/ASB-Minutes_1.15.20.pdf: The request signature we calculated does not match the signature you provided. Check your key and signing method.
[2026-02-12T04:31:06.945Z] ❌ S3 upload failed for albany/minutes/general/2020/ASB-Minutes_1.29.20.pdf: The request signature we calculated does not match the signature you provided. Check your key and signing method.
[2026-02-12T04:31:06.962Z] ❌ S3 upload failed for albany/minutes/general/2020/ASB-Minutes_1.8.20.pdf: The request signature we calculated does not match the signature you provided. Check your key and signing method.
[2026-02-12T04:31:06.978Z] ❌ S3 upload failed for albany/minutes/general/2020/ASB-Minutes_1.15.20.pdf: The request signature we calculated does not match the signature you provided. Check your key and signing method.
[2026-02-12T04:31:06.989Z] ❌ S3 upload failed for albany/misc/general/2020/Dec18NP.pdf: The request signature we calculated does not match the signature you provided. Check your key and signing method.
[2026-02-12T04:31:06.990Z]    Progress: 0 uploaded, 0 skipped, 500 failed
[2026-02-12T04:31:07.012Z] ❌ S3 upload failed for albany/minutes/general/2020/ASB-Minutes_1.8.20.pdf: The request signature we calculated does not match the signature you provided. Check your key and signing method.
[2026-02-12T04:31:07.013Z] ❌ S3 upload failed for albany/misc/general/2020/Dec18.pdf: The request signature we calculated does not match the signature you provided. Check your key and signing method.
[2026-02-12T04:31:07.041Z] ❌ S3 upload failed for albany/misc/general/2020/Dec18NP.pdf: The request signature we calculated does not match the signature you provided. Check your key and signing method.
[2026-02-12T04:31:07.041Z]    Progress: 0 uploaded, 0 skipped, 500 failed
[2026-02-12T04:31:07.043Z] ❌ S3 upload failed for albany/misc/general/2020/Dec11.pdf: The request signature we calculated does not match the signature you provided. Check your key and signing method.
[2026-02-12T04:31:07.069Z] ❌ S3 upload failed for albany/misc/general/2020/Dec18.pdf: The request signature we calculated does not match the signature you provided. Check your key and signing method.
[2026-02-12T04:31:07.077Z] ❌ S3 upload failed for albany/misc/general/2019/Oct23.pdf: The request signature we calculated does not match the signature you provided. Check your key and signing method.
[2026-02-12T04:31:07.108Z] ❌ S3 upload failed for albany/misc/general/2019/Oct16.pdf: The request signature we calculated does not match the signature you provided. Check your key and signing method.
[2026-02-12T04:31:07.110Z] ❌ S3 upload failed for albany/misc/general/2020/Dec11.pdf: The request signature we calculated does not match the signature you provided. Check your key and signing method.
[2026-02-12T04:31:07.133Z] ❌ S3 upload failed for albany/misc/general/2019/Oct23.pdf: The request signature we calculated does not match the signature you provided. Check your key and signing method.
[2026-02-12T04:31:07.148Z] ❌ S3 upload failed for albany/misc/general/2019/Oct9.pdf: The request signature we calculated does not match the signature you provided. Check your key and signing method.
[2026-02-12T04:31:07.165Z] ❌ S3 upload failed for albany/misc/general/2019/Oct16.pdf: The request signature we calculated does not match the signature you provided. Check your key and signing method.
[2026-02-12T04:31:07.177Z] ❌ S3 upload failed for albany/misc/general/2019/Oct2.pdf: The request signature we calculated does not match the signature you provided. Check your key and signing method.
[2026-02-12T04:31:07.200Z] ❌ S3 upload failed for albany/misc/general/2019/Oct9.pdf: The request signature we calculated does not match the signature you provided. Check your key and signing method.
[2026-02-12T04:31:07.210Z] ❌ S3 upload failed for albany/misc/general/2019/Sept25.pdf: The request signature we calculated does not match the signature you provided. Check your key and signing method.
[2026-02-12T04:31:07.222Z] ❌ S3 upload failed for albany/misc/general/2019/Oct2.pdf: The request signature we calculated does not match the signature you provided. Check your key and signing method.
[2026-02-12T04:31:07.242Z] ❌ S3 upload failed for albany/misc/general/2019/Sept18-Amended.pdf: The request signature we calculated does not match the signature you provided. Check your key and signing method.
[2026-02-12T04:31:07.250Z] ❌ S3 upload failed for albany/misc/general/2019/Sept25.pdf: The request signature we calculated does not match the signature you provided. Check your key and signing method.
[2026-02-12T04:31:07.274Z] ❌ S3 upload failed for albany/misc/general/2019/Sept11.pdf: The request signature we calculated does not match the signature you provided. Check your key and signing method.
[2026-02-12T04:31:07.281Z] ❌ S3 upload failed for albany/misc/general/2019/Sept18-Amended.pdf: The request signature we calculated does not match the signature you provided. Check your key and signing method.
[2026-02-12T04:31:07.302Z] ❌ S3 upload failed for albany/misc/general/2019/Sept4.pdf: The request signature we calculated does not match the signature you provided. Check your key and signing method.
[2026-02-12T04:31:07.315Z] ❌ S3 upload failed for albany/misc/general/2019/Sept11.pdf: The request signature we calculated does not match the signature you provided. Check your key and signing method.
[2026-02-12T04:31:07.342Z] ❌ S3 upload failed for albany/misc/general/2019/Sept4.pdf: The request signature we calculated does not match the signature you provided. Check your key and signing method.
[2026-02-12T04:31:07.371Z] ❌ S3 upload failed for albany/misc/general/2019/Aug28.pdf: The request signature we calculated does not match the signature you provided. Check your key and signing method.
[2026-02-12T04:31:07.382Z] ❌ S3 upload failed for albany/misc/general/2019/Aug28.pdf: The request signature we calculated does not match the signature you provided. Check your key and signing method.
[2026-02-12T04:31:07.409Z] ❌ S3 upload failed for albany/misc/general/2019/Aug14.pdf: The request signature we calculated does not match the signature you provided. Check your key and signing method.
[2026-02-12T04:31:07.415Z] ❌ S3 upload failed for albany/misc/general/2019/Aug14.pdf: The request signature we calculated does not match the signature you provided. Check your key and signing method.
[2026-02-12T04:31:07.438Z] ❌ S3 upload failed for albany/misc/general/2019/July24.pdf: The request signature we calculated does not match the signature you provided. Check your key and signing method.
[2026-02-12T04:31:07.448Z] ❌ S3 upload failed for albany/misc/general/2019/July24.pdf: The request signature we calculated does not match the signature you provided. Check your key and signing method.
[2026-02-12T04:31:07.468Z] ❌ S3 upload failed for albany/misc/general/2019/July10.pdf: The request signature we calculated does not match the signature you provided. Check your key and signing method.
[2026-02-12T04:31:07.476Z] ❌ S3 upload failed for albany/misc/general/2019/July10.pdf: The request signature we calculated does not match the signature you provided. Check your key and signing method.
[2026-02-12T04:31:07.498Z] ❌ S3 upload failed for albany/misc/general/2019/June26.pdf: The request signature we calculated does not match the signature you provided. Check your key and signing method.
[2026-02-12T04:31:07.506Z] ❌ S3 upload failed for albany/misc/general/2019/June26.pdf: The request signature we calculated does not match the signature you provided. Check your key and signing method.
[2026-02-12T04:31:07.542Z] ❌ S3 upload failed for albany/misc/general/2019/June12.pdf: The request signature we calculated does not match the signature you provided. Check your key and signing method.
[2026-02-12T04:31:07.552Z] ❌ S3 upload failed for albany/misc/general/2019/June12.pdf: The request signature we calculated does not match the signature you provided. Check your key and signing method.
[2026-02-12T04:31:07.569Z] ❌ S3 upload failed for albany/misc/general/2019/May22.pdf: The request signature we calculated does not match the signature you provided. Check your key and signing method.
[2026-02-12T04:31:07.598Z] ❌ S3 upload failed for albany/misc/general/2019/May15amended.pdf: The request signature we calculated does not match the signature you provided. Check your key and signing method.
[2026-02-12T04:31:07.623Z] ❌ S3 upload failed for albany/misc/general/2019/May22.pdf: The request signature we calculated does not match the signature you provided. Check your key and signing method.
[2026-02-12T04:31:07.627Z] ❌ S3 upload failed for albany/misc/general/2019/May8.pdf: The request signature we calculated does not match the signature you provided. Check your key and signing method.
[2026-02-12T04:31:07.656Z] ❌ S3 upload failed for albany/misc/general/2019/May15amended.pdf: The request signature we calculated does not match the signature you provided. Check your key and signing method.
[2026-02-12T04:31:07.659Z] ❌ S3 upload failed for albany/misc/general/2019/May1.pdf: The request signature we calculated does not match the signature you provided. Check your key and signing method.
[2026-02-12T04:31:07.686Z] ❌ S3 upload failed for albany/misc/general/2019/May8.pdf: The request signature we calculated does not match the signature you provided. Check your key and signing method.
[2026-02-12T04:31:07.686Z] ❌ S3 upload failed for albany/misc/general/2019/April24.pdf: The request signature we calculated does not match the signature you provided. Check your key and signing method.
[2026-02-12T04:31:07.717Z] ❌ S3 upload failed for albany/misc/general/2019/May1.pdf: The request signature we calculated does not match the signature you provided. Check your key and signing method.
[2026-02-12T04:31:07.718Z] ❌ S3 upload failed for albany/misc/general/2019/April17.pdf: The request signature we calculated does not match the signature you provided. Check your key and signing method.
[2026-02-12T04:31:07.749Z] ❌ S3 upload failed for albany/misc/general/2019/April10.pdf: The request signature we calculated does not match the signature you provided. Check your key and signing method.
[2026-02-12T04:31:07.757Z] ❌ S3 upload failed for albany/misc/general/2019/April24.pdf: The request signature we calculated does not match the signature you provided. Check your key and signing method.
[2026-02-12T04:31:07.773Z] ❌ S3 upload failed for albany/misc/general/2019/April3.pdf: The request signature we calculated does not match the signature you provided. Check your key and signing method.
[2026-02-12T04:31:07.787Z] ❌ S3 upload failed for albany/misc/general/2019/April17.pdf: The request signature we calculated does not match the signature you provided. Check your key and signing method.
[2026-02-12T04:31:07.802Z] ❌ S3 upload failed for albany/misc/general/2019/March27.pdf: The request signature we calculated does not match the signature you provided. Check your key and signing method.
[2026-02-12T04:31:07.820Z] ❌ S3 upload failed for albany/misc/general/2019/March20.pdf: The request signature we calculated does not match the signature you provided. Check your key and signing method.
[2026-02-12T04:31:07.822Z] ❌ S3 upload failed for albany/misc/general/2019/April10.pdf: The request signature we calculated does not match the signature you provided. Check your key and signing method.
[2026-02-12T04:31:07.847Z] ❌ S3 upload failed for albany/misc/general/2019/April3.pdf: The request signature we calculated does not match the signature you provided. Check your key and signing method.
[2026-02-12T04:31:07.848Z] ❌ S3 upload failed for albany/misc/general/2019/March5.pdf: The request signature we calculated does not match the signature you provided. Check your key and signing method.
[2026-02-12T04:31:07.873Z] ❌ S3 upload failed for albany/misc/general/2019/March27.pdf: The request signature we calculated does not match the signature you provided. Check your key and signing method.
[2026-02-12T04:31:07.877Z] ❌ S3 upload failed for albany/misc/general/2019/Feb27.pdf: The request signature we calculated does not match the signature you provided. Check your key and signing method.
[2026-02-12T04:31:07.904Z] ❌ S3 upload failed for albany/misc/general/2019/Feb20.pdf: The request signature we calculated does not match the signature you provided. Check your key and signing method.
[2026-02-12T04:31:07.904Z] ❌ S3 upload failed for albany/misc/general/2019/March20.pdf: The request signature we calculated does not match the signature you provided. Check your key and signing method.
[2026-02-12T04:31:07.932Z] ❌ S3 upload failed for albany/misc/general/2019/March5.pdf: The request signature we calculated does not match the signature you provided. Check your key and signing method.
[2026-02-12T04:31:07.939Z] ❌ S3 upload failed for albany/misc/general/2019/Feb13.pdf: The request signature we calculated does not match the signature you provided. Check your key and signing method.
[2026-02-12T04:31:07.959Z] ❌ S3 upload failed for albany/misc/general/2019/Feb27.pdf: The request signature we calculated does not match the signature you provided. Check your key and signing method.
[2026-02-12T04:31:07.980Z] ❌ S3 upload failed for albany/misc/general/2019/Feb6.pdf: The request signature we calculated does not match the signature you provided. Check your key and signing method.
[2026-02-12T04:31:07.981Z] ❌ S3 upload failed for albany/misc/general/2019/Feb20.pdf: The request signature we calculated does not match the signature you provided. Check your key and signing method.
[2026-02-12T04:31:08.012Z] ❌ S3 upload failed for albany/misc/general/2019/Feb13.pdf: The request signature we calculated does not match the signature you provided. Check your key and signing method.
[2026-02-12T04:31:08.015Z] ❌ S3 upload failed for albany/misc/general/2019/Jan30.pdf: The request signature we calculated does not match the signature you provided. Check your key and signing method.
[2026-02-12T04:31:08.042Z] ❌ S3 upload failed for albany/misc/general/2019/Jan23.pdf: The request signature we calculated does not match the signature you provided. Check your key and signing method.
[2026-02-12T04:31:08.043Z] ❌ S3 upload failed for albany/misc/general/2019/Feb6.pdf: The request signature we calculated does not match the signature you provided. Check your key and signing method.
[2026-02-12T04:31:08.076Z] ❌ S3 upload failed for albany/misc/general/2019/Jan16.pdf: The request signature we calculated does not match the signature you provided. Check your key and signing method.
[2026-02-12T04:31:08.071Z] ❌ S3 upload failed for albany/misc/general/2019/Jan30.pdf: The request signature we calculated does not match the signature you provided. Check your key and signing method.
[2026-02-12T04:31:08.107Z] ❌ S3 upload failed for albany/misc/general/2019/Jan9.pdf: The request signature we calculated does not match the signature you provided. Check your key and signing method.
[2026-02-12T04:31:08.106Z] ❌ S3 upload failed for albany/misc/general/2019/Jan23.pdf: The request signature we calculated does not match the signature you provided. Check your key and signing method.
[2026-02-12T04:31:08.145Z] ❌ S3 upload failed for albany/misc/general/2019/Jan16.pdf: The request signature we calculated does not match the signature you provided. Check your key and signing method.
[2026-02-12T04:31:08.146Z] ❌ S3 upload failed for albany/misc/general/2019/Jan2.pdf: The request signature we calculated does not match the signature you provided. Check your key and signing method.
[2026-02-12T04:31:08.186Z] ❌ S3 upload failed for albany/misc/general/2019/Dec19A.pdf: The request signature we calculated does not match the signature you provided. Check your key and signing method.
[2026-02-12T04:31:08.215Z] ❌ S3 upload failed for albany/misc/general/2018/Dec12.pdf: The request signature we calculated does not match the signature you provided. Check your key and signing method.
[2026-02-12T04:31:08.227Z] ❌ S3 upload failed for albany/misc/general/2019/Jan9.pdf: The request signature we calculated does not match the signature you provided. Check your key and signing method.
[2026-02-12T04:31:08.250Z] ❌ S3 upload failed for albany/misc/general/2018/Dec5.pdf: The request signature we calculated does not match the signature you provided. Check your key and signing method.
[2026-02-12T04:31:08.272Z] ❌ S3 upload failed for albany/misc/general/2019/Jan2.pdf: The request signature we calculated does not match the signature you provided. Check your key and signing method.
[2026-02-12T04:31:08.293Z] ❌ S3 upload failed for albany/misc/general/2018/Nov28.pdf: The request signature we calculated does not match the signature you provided. Check your key and signing method.
[2026-02-12T04:31:08.309Z] ❌ S3 upload failed for albany/misc/general/2019/Dec19A.pdf: The request signature we calculated does not match the signature you provided. Check your key and signing method.
[2026-02-12T04:31:08.327Z] ❌ S3 upload failed for albany/misc/general/2018/Nov14.pdf: The request signature we calculated does not match the signature you provided. Check your key and signing method.
[2026-02-12T04:31:08.340Z] ❌ S3 upload failed for albany/misc/general/2018/Dec12.pdf: The request signature we calculated does not match the signature you provided. Check your key and signing method.
[2026-02-12T04:31:08.360Z] ❌ S3 upload failed for albany/misc/general/2018/Nov7.pdf: The request signature we calculated does not match the signature you provided. Check your key and signing method.
[2026-02-12T04:31:08.368Z] ❌ S3 upload failed for albany/misc/general/2018/Dec5.pdf: The request signature we calculated does not match the signature you provided. Check your key and signing method.
[2026-02-12T04:31:08.388Z] ❌ S3 upload failed for albany/misc/general/2018/Oct24.pdf: The request signature we calculated does not match the signature you provided. Check your key and signing method.
[2026-02-12T04:31:08.400Z] ❌ S3 upload failed for albany/misc/general/2018/Nov28.pdf: The request signature we calculated does not match the signature you provided. Check your key and signing method.
[2026-02-12T04:31:08.414Z] ❌ S3 upload failed for albany/misc/general/2018/Oct17.pdf: The request signature we calculated does not match the signature you provided. Check your key and signing method.
[2026-02-12T04:31:08.431Z] ❌ S3 upload failed for albany/misc/general/2018/Nov14.pdf: The request signature we calculated does not match the signature you provided. Check your key and signing method.
[2026-02-12T04:31:08.443Z] ❌ S3 upload failed for albany/misc/general/2018/Oct10.pdf: The request signature we calculated does not match the signature you provided. Check your key and signing method.
[2026-02-12T04:31:08.457Z] ❌ S3 upload failed for albany/misc/general/2018/Nov7.pdf: The request signature we calculated does not match the signature you provided. Check your key and signing method.
[2026-02-12T04:31:08.473Z] ❌ S3 upload failed for albany/misc/general/2018/Oct3.pdf: The request signature we calculated does not match the signature you provided. Check your key and signing method.
[2026-02-12T04:31:08.502Z] ❌ S3 upload failed for albany/misc/general/2018/Oct24.pdf: The request signature we calculated does not match the signature you provided. Check your key and signing method.
[2026-02-12T04:31:08.504Z] ❌ S3 upload failed for albany/misc/general/2018/Sept26.pdf: The request signature we calculated does not match the signature you provided. Check your key and signing method.
[2026-02-12T04:31:08.532Z] ❌ S3 upload failed for albany/misc/general/2018/Oct17.pdf: The request signature we calculated does not match the signature you provided. Check your key and signing method.
[2026-02-12T04:31:08.536Z] ❌ S3 upload failed for albany/misc/general/2018/Sept19.pdf: The request signature we calculated does not match the signature you provided. Check your key and signing method.
[2026-02-12T04:31:08.563Z] ❌ S3 upload failed for albany/misc/general/2018/Oct10.pdf: The request signature we calculated does not match the signature you provided. Check your key and signing method.
[2026-02-12T04:31:08.568Z] ❌ S3 upload failed for albany/misc/general/2018/Sept12.pdf: The request signature we calculated does not match the signature you provided. Check your key and signing method.
[2026-02-12T04:31:08.627Z] ❌ S3 upload failed for albany/misc/general/2018/Oct3.pdf: The request signature we calculated does not match the signature you provided. Check your key and signing method.
[2026-02-12T04:31:08.631Z] ❌ S3 upload failed for albany/misc/general/2018/Sept5.pdf: The request signature we calculated does not match the signature you provided. Check your key and signing method.
[2026-02-12T04:31:08.633Z]    Progress: 0 uploaded, 0 skipped, 550 failed
[2026-02-12T04:31:08.662Z] ❌ S3 upload failed for albany/misc/general/2018/Aug22.pdf: The request signature we calculated does not match the signature you provided. Check your key and signing method.
[2026-02-12T04:31:08.661Z] ❌ S3 upload failed for albany/misc/general/2018/Sept26.pdf: The request signature we calculated does not match the signature you provided. Check your key and signing method.
[2026-02-12T04:31:08.694Z] ❌ S3 upload failed for albany/misc/general/2018/Aug8-Amended.pdf: The request signature we calculated does not match the signature you provided. Check your key and signing method.
[2026-02-12T04:31:08.697Z] ❌ S3 upload failed for albany/misc/general/2018/Sept19.pdf: The request signature we calculated does not match the signature you provided. Check your key and signing method.
[2026-02-12T04:31:08.726Z] ❌ S3 upload failed for albany/misc/general/2018/July25.pdf: The request signature we calculated does not match the signature you provided. Check your key and signing method.
[2026-02-12T04:31:08.729Z] ❌ S3 upload failed for albany/misc/general/2018/Sept12.pdf: The request signature we calculated does not match the signature you provided. Check your key and signing method.
[2026-02-12T04:31:08.757Z] ❌ S3 upload failed for albany/misc/general/2018/Sept5.pdf: The request signature we calculated does not match the signature you provided. Check your key and signing method.
[2026-02-12T04:31:08.758Z]    Progress: 0 uploaded, 0 skipped, 550 failed
[2026-02-12T04:31:08.765Z] ❌ S3 upload failed for albany/misc/general/2018/July18.pdf: The request signature we calculated does not match the signature you provided. Check your key and signing method.
[2026-02-12T04:31:08.785Z] ❌ S3 upload failed for albany/misc/general/2018/Aug22.pdf: The request signature we calculated does not match the signature you provided. Check your key and signing method.
[2026-02-12T04:31:08.801Z] ❌ S3 upload failed for albany/misc/general/2018/July11.pdf: The request signature we calculated does not match the signature you provided. Check your key and signing method.
[2026-02-12T04:31:08.815Z] ❌ S3 upload failed for albany/misc/general/2018/Aug8-Amended.pdf: The request signature we calculated does not match the signature you provided. Check your key and signing method.
[2026-02-12T04:31:08.831Z] ❌ S3 upload failed for albany/misc/general/2018/June-27.pdf: The request signature we calculated does not match the signature you provided. Check your key and signing method.
[2026-02-12T04:31:08.844Z] ❌ S3 upload failed for albany/misc/general/2018/July25.pdf: The request signature we calculated does not match the signature you provided. Check your key and signing method.
[2026-02-12T04:31:08.867Z] ❌ S3 upload failed for albany/misc/general/2018/June-20-as-amended.pdf: The request signature we calculated does not match the signature you provided. Check your key and signing method.
[2026-02-12T04:31:08.877Z] ❌ S3 upload failed for albany/misc/general/2018/July18.pdf: The request signature we calculated does not match the signature you provided. Check your key and signing method.
[2026-02-12T04:31:08.895Z] ❌ S3 upload failed for albany/misc/general/2018/June-13.pdf: The request signature we calculated does not match the signature you provided. Check your key and signing method.
[2026-02-12T04:31:08.910Z] ❌ S3 upload failed for albany/misc/general/2018/July11.pdf: The request signature we calculated does not match the signature you provided. Check your key and signing method.
[2026-02-12T04:31:08.935Z] ❌ S3 upload failed for albany/misc/general/2018/June-6.pdf: The request signature we calculated does not match the signature you provided. Check your key and signing method.
[2026-02-12T04:31:08.945Z] ❌ S3 upload failed for albany/misc/general/2018/June-27.pdf: The request signature we calculated does not match the signature you provided. Check your key and signing method.
[2026-02-12T04:31:08.967Z] ❌ S3 upload failed for albany/misc/general/2018/May23.pdf: The request signature we calculated does not match the signature you provided. Check your key and signing method.
[2026-02-12T04:31:08.975Z] ❌ S3 upload failed for albany/misc/general/2018/June-20-as-amended.pdf: The request signature we calculated does not match the signature you provided. Check your key and signing method.
[2026-02-12T04:31:09.003Z] ❌ S3 upload failed for albany/misc/general/2018/May16.pdf: The request signature we calculated does not match the signature you provided. Check your key and signing method.
[2026-02-12T04:31:09.007Z] ❌ S3 upload failed for albany/misc/general/2018/June-13.pdf: The request signature we calculated does not match the signature you provided. Check your key and signing method.
[2026-02-12T04:31:09.040Z] ❌ S3 upload failed for albany/misc/general/2018/May9.pdf: The request signature we calculated does not match the signature you provided. Check your key and signing method.
[2026-02-12T04:31:09.042Z] ❌ S3 upload failed for albany/misc/general/2018/June-6.pdf: The request signature we calculated does not match the signature you provided. Check your key and signing method.
[2026-02-12T04:31:09.067Z] ❌ S3 upload failed for albany/misc/general/2018/May23.pdf: The request signature we calculated does not match the signature you provided. Check your key and signing method.
[2026-02-12T04:31:09.072Z] ❌ S3 upload failed for albany/misc/general/2018/May2.pdf: The request signature we calculated does not match the signature you provided. Check your key and signing method.
[2026-02-12T04:31:09.096Z] ❌ S3 upload failed for albany/misc/general/2018/May16.pdf: The request signature we calculated does not match the signature you provided. Check your key and signing method.
[2026-02-12T04:31:09.105Z] ❌ S3 upload failed for albany/misc/general/2018/April25.pdf: The request signature we calculated does not match the signature you provided. Check your key and signing method.
[2026-02-12T04:31:09.125Z] ❌ S3 upload failed for albany/misc/general/2018/May9.pdf: The request signature we calculated does not match the signature you provided. Check your key and signing method.
[2026-02-12T04:31:09.138Z] ❌ S3 upload failed for albany/misc/general/2018/April18.pdf: The request signature we calculated does not match the signature you provided. Check your key and signing method.
[2026-02-12T04:31:09.166Z] ❌ S3 upload failed for albany/misc/general/2018/April11SM-unsealed.pdf: The request signature we calculated does not match the signature you provided. Check your key and signing method.
[2026-02-12T04:31:09.173Z] ❌ S3 upload failed for albany/misc/general/2018/May2.pdf: The request signature we calculated does not match the signature you provided. Check your key and signing method.
[2026-02-12T04:31:09.198Z] ❌ S3 upload failed for albany/misc/general/2018/April11.pdf: The request signature we calculated does not match the signature you provided. Check your key and signing method.
[2026-02-12T04:31:09.201Z] ❌ S3 upload failed for albany/misc/general/2018/April25.pdf: The request signature we calculated does not match the signature you provided. Check your key and signing method.
[2026-02-12T04:31:09.223Z] ❌ S3 upload failed for albany/misc/general/2018/April4.pdf: The request signature we calculated does not match the signature you provided. Check your key and signing method.
[2026-02-12T04:31:09.229Z] ❌ S3 upload failed for albany/misc/general/2018/April18.pdf: The request signature we calculated does not match the signature you provided. Check your key and signing method.
[2026-02-12T04:31:09.257Z] ❌ S3 upload failed for albany/misc/general/2018/April4-amended.pdf: The request signature we calculated does not match the signature you provided. Check your key and signing method.
[2026-02-12T04:31:09.259Z] ❌ S3 upload failed for albany/misc/general/2018/April11SM-unsealed.pdf: The request signature we calculated does not match the signature you provided. Check your key and signing method.
[2026-02-12T04:31:09.284Z] ❌ S3 upload failed for albany/misc/general/2018/March28-online-version.pdf: The request signature we calculated does not match the signature you provided. Check your key and signing method.
[2026-02-12T04:31:09.287Z] ❌ S3 upload failed for albany/misc/general/2018/April11.pdf: The request signature we calculated does not match the signature you provided. Check your key and signing method.
[2026-02-12T04:31:09.313Z] ❌ S3 upload failed for albany/misc/general/2018/April4.pdf: The request signature we calculated does not match the signature you provided. Check your key and signing method.
[2026-02-12T04:31:09.314Z] ❌ S3 upload failed for albany/misc/general/2018/March21.pdf: The request signature we calculated does not match the signature you provided. Check your key and signing method.
[2026-02-12T04:31:09.343Z] ❌ S3 upload failed for albany/misc/general/2018/March7.pdf: The request signature we calculated does not match the signature you provided. Check your key and signing method.
[2026-02-12T04:31:09.348Z] ❌ S3 upload failed for albany/misc/general/2018/April4-amended.pdf: The request signature we calculated does not match the signature you provided. Check your key and signing method.
[2026-02-12T04:31:09.382Z] ❌ S3 upload failed for albany/misc/general/2018/March28-online-version.pdf: The request signature we calculated does not match the signature you provided. Check your key and signing method.
[2026-02-12T04:31:09.393Z] ❌ S3 upload failed for albany/misc/general/2018/Feb28.pdf: The request signature we calculated does not match the signature you provided. Check your key and signing method.
[2026-02-12T04:31:09.408Z] ❌ S3 upload failed for albany/misc/general/2018/March21.pdf: The request signature we calculated does not match the signature you provided. Check your key and signing method.
[2026-02-12T04:31:09.422Z] ❌ S3 upload failed for albany/misc/general/2018/Feb21.pdf: The request signature we calculated does not match the signature you provided. Check your key and signing method.
[2026-02-12T04:31:09.438Z] ❌ S3 upload failed for albany/misc/general/2018/March7.pdf: The request signature we calculated does not match the signature you provided. Check your key and signing method.
[2026-02-12T04:31:09.461Z] ❌ S3 upload failed for albany/misc/general/2018/Feb14.pdf: The request signature we calculated does not match the signature you provided. Check your key and signing method.
[2026-02-12T04:31:09.474Z] ❌ S3 upload failed for albany/misc/general/2018/Feb28.pdf: The request signature we calculated does not match the signature you provided. Check your key and signing method.
[2026-02-12T04:31:09.492Z] ❌ S3 upload failed for albany/misc/general/2018/Feb7.pdf: The request signature we calculated does not match the signature you provided. Check your key and signing method.
[2026-02-12T04:31:09.513Z] ❌ S3 upload failed for albany/misc/general/2018/Feb21.pdf: The request signature we calculated does not match the signature you provided. Check your key and signing method.
[2026-02-12T04:31:09.514Z] ❌ S3 upload failed for albany/misc/general/2018/Jan31A.pdf: The request signature we calculated does not match the signature you provided. Check your key and signing method.
[2026-02-12T04:31:09.542Z] ❌ S3 upload failed for albany/misc/general/2018/Feb14.pdf: The request signature we calculated does not match the signature you provided. Check your key and signing method.
[2026-02-12T04:31:09.546Z] ❌ S3 upload failed for albany/misc/general/2018/Jan24A.pdf: The request signature we calculated does not match the signature you provided. Check your key and signing method.
[2026-02-12T04:31:09.570Z] ❌ S3 upload failed for albany/misc/general/2018/Feb7.pdf: The request signature we calculated does not match the signature you provided. Check your key and signing method.
[2026-02-12T04:31:09.573Z] ❌ S3 upload failed for albany/misc/general/2018/Jan17.pdf: The request signature we calculated does not match the signature you provided. Check your key and signing method.
[2026-02-12T04:31:09.597Z] ❌ S3 upload failed for albany/misc/general/2018/Jan31A.pdf: The request signature we calculated does not match the signature you provided. Check your key and signing method.
[2026-02-12T04:31:09.617Z] ❌ S3 upload failed for albany/misc/general/2018/Jan10.pdf: The request signature we calculated does not match the signature you provided. Check your key and signing method.
[2026-02-12T04:31:09.633Z] ❌ S3 upload failed for albany/misc/general/2018/Jan24A.pdf: The request signature we calculated does not match the signature you provided. Check your key and signing method.
[2026-02-12T04:31:09.656Z] ❌ S3 upload failed for albany/misc/general/2018/Jan3.pdf: The request signature we calculated does not match the signature you provided. Check your key and signing method.
[2026-02-12T04:31:09.656Z] ❌ S3 upload failed for albany/misc/general/2018/Jan17.pdf: The request signature we calculated does not match the signature you provided. Check your key and signing method.
[2026-02-12T04:31:09.686Z] ❌ S3 upload failed for albany/misc/general/2018/Jan10.pdf: The request signature we calculated does not match the signature you provided. Check your key and signing method.
[2026-02-12T04:31:09.687Z] ❌ S3 upload failed for albany/misc/general/2018/Dec27.pdf: The request signature we calculated does not match the signature you provided. Check your key and signing method.
[2026-02-12T04:31:09.720Z] ❌ S3 upload failed for albany/misc/general/2017/Dec20.pdf: The request signature we calculated does not match the signature you provided. Check your key and signing method.
[2026-02-12T04:31:09.727Z] ❌ S3 upload failed for albany/misc/general/2018/Jan3.pdf: The request signature we calculated does not match the signature you provided. Check your key and signing method.
[2026-02-12T04:31:09.750Z] ❌ S3 upload failed for albany/misc/general/2017/Dec13.pdf: The request signature we calculated does not match the signature you provided. Check your key and signing method.
[2026-02-12T04:31:09.754Z] ❌ S3 upload failed for albany/misc/general/2018/Dec27.pdf: The request signature we calculated does not match the signature you provided. Check your key and signing method.
[2026-02-12T04:31:09.781Z] ❌ S3 upload failed for albany/misc/general/2013/Dec6A.pdf: The request signature we calculated does not match the signature you provided. Check your key and signing method.
[2026-02-12T04:31:09.810Z] ❌ S3 upload failed for albany/misc/general/2013/Nov29.pdf: The request signature we calculated does not match the signature you provided. Check your key and signing method.
[2026-02-12T04:31:09.832Z] ❌ S3 upload failed for albany/misc/general/2017/Dec20.pdf: The request signature we calculated does not match the signature you provided. Check your key and signing method.
[2026-02-12T04:31:09.845Z] ❌ S3 upload failed for albany/misc/general/2013/Nov15.pdf: The request signature we calculated does not match the signature you provided. Check your key and signing method.
[2026-02-12T04:31:09.861Z] ❌ S3 upload failed for albany/misc/general/2017/Dec13.pdf: The request signature we calculated does not match the signature you provided. Check your key and signing method.
[2026-02-12T04:31:09.875Z] ❌ S3 upload failed for albany/misc/general/2013/Nov8NP.pdf: The request signature we calculated does not match the signature you provided. Check your key and signing method.
[2026-02-12T04:31:09.892Z] ❌ S3 upload failed for albany/misc/general/2013/Dec6A.pdf: The request signature we calculated does not match the signature you provided. Check your key and signing method.
[2026-02-12T04:31:09.906Z] ❌ S3 upload failed for albany/misc/general/2013/Nov8.pdf: The request signature we calculated does not match the signature you provided. Check your key and signing method.
[2026-02-12T04:31:09.921Z] ❌ S3 upload failed for albany/misc/general/2013/Nov29.pdf: The request signature we calculated does not match the signature you provided. Check your key and signing method.
[2026-02-12T04:31:09.936Z] ❌ S3 upload failed for albany/misc/general/2013/Nov1.pdf: The request signature we calculated does not match the signature you provided. Check your key and signing method.
[2026-02-12T04:31:09.951Z] ❌ S3 upload failed for albany/misc/general/2013/Nov15.pdf: The request signature we calculated does not match the signature you provided. Check your key and signing method.
[2026-02-12T04:31:09.966Z] ❌ S3 upload failed for albany/misc/general/2013/Oct25M.pdf: The request signature we calculated does not match the signature you provided. Check your key and signing method.
[2026-02-12T04:31:09.986Z] ❌ S3 upload failed for albany/misc/general/2013/Nov8NP.pdf: The request signature we calculated does not match the signature you provided. Check your key and signing method.
[2026-02-12T04:31:09.986Z] ❌ S3 upload failed for albany/misc/general/2013/Oct24M.pdf: The request signature we calculated does not match the signature you provided. Check your key and signing method.
[2026-02-12T04:31:10.017Z] ❌ S3 upload failed for albany/misc/general/2013/Oct18.pdf: The request signature we calculated does not match the signature you provided. Check your key and signing method.
[2026-02-12T04:31:10.017Z] ❌ S3 upload failed for albany/misc/general/2013/Nov8.pdf: The request signature we calculated does not match the signature you provided. Check your key and signing method.
[2026-02-12T04:31:10.046Z] ❌ S3 upload failed for albany/misc/general/2013/Nov1.pdf: The request signature we calculated does not match the signature you provided. Check your key and signing method.
[2026-02-12T04:31:10.048Z] ❌ S3 upload failed for albany/misc/general/2013/Oct11.pdf: The request signature we calculated does not match the signature you provided. Check your key and signing method.
[2026-02-12T04:31:10.073Z] ❌ S3 upload failed for albany/misc/general/2013/Oct25M.pdf: The request signature we calculated does not match the signature you provided. Check your key and signing method.
[2026-02-12T04:31:10.077Z] ❌ S3 upload failed for albany/misc/general/2013/Sept27.pdf: The request signature we calculated does not match the signature you provided. Check your key and signing method.
[2026-02-12T04:31:10.098Z] ❌ S3 upload failed for albany/misc/general/2013/Oct24M.pdf: The request signature we calculated does not match the signature you provided. Check your key and signing method.
[2026-02-12T04:31:10.103Z] ❌ S3 upload failed for albany/misc/general/2013/Sept23.pdf: The request signature we calculated does not match the signature you provided. Check your key and signing method.
[2026-02-12T04:31:10.128Z] ❌ S3 upload failed for albany/misc/general/2013/Oct18.pdf: The request signature we calculated does not match the signature you provided. Check your key and signing method.
[2026-02-12T04:31:10.129Z] ❌ S3 upload failed for albany/misc/general/2013/Sept20Wonalancet.pdf: The request signature we calculated does not match the signature you provided. Check your key and signing method.
[2026-02-12T04:31:10.161Z] ❌ S3 upload failed for albany/misc/general/2013/Oct11.pdf: The request signature we calculated does not match the signature you provided. Check your key and signing method.
[2026-02-12T04:31:10.162Z] ❌ S3 upload failed for albany/misc/general/2013/Sept13.pdf: The request signature we calculated does not match the signature you provided. Check your key and signing method.
[2026-02-12T04:31:10.190Z] ❌ S3 upload failed for albany/misc/general/2013/Sept6.pdf: The request signature we calculated does not match the signature you provided. Check your key and signing method.
[2026-02-12T04:31:10.191Z] ❌ S3 upload failed for albany/misc/general/2013/Sept27.pdf: The request signature we calculated does not match the signature you provided. Check your key and signing method.
[2026-02-12T04:31:10.220Z] ❌ S3 upload failed for albany/misc/general/2013/Aug23.pdf: The request signature we calculated does not match the signature you provided. Check your key and signing method.
[2026-02-12T04:31:10.221Z] ❌ S3 upload failed for albany/misc/general/2013/Sept23.pdf: The request signature we calculated does not match the signature you provided. Check your key and signing method.
[2026-02-12T04:31:10.222Z]    Progress: 0 uploaded, 0 skipped, 600 failed
[2026-02-12T04:31:10.254Z] ❌ S3 upload failed for albany/misc/general/2013/Sept20Wonalancet.pdf: The request signature we calculated does not match the signature you provided. Check your key and signing method.
[2026-02-12T04:31:10.258Z] ❌ S3 upload failed for albany/misc/general/2013/Aug16.pdf: The request signature we calculated does not match the signature you provided. Check your key and signing method.
[2026-02-12T04:31:10.285Z] ❌ S3 upload failed for albany/misc/general/2013/Sept13.pdf: The request signature we calculated does not match the signature you provided. Check your key and signing method.
[2026-02-12T04:31:10.293Z] ❌ S3 upload failed for albany/misc/general/2013/Aug9.pdf: The request signature we calculated does not match the signature you provided. Check your key and signing method.
[2026-02-12T04:31:10.323Z] ❌ S3 upload failed for albany/misc/general/2013/Sept6.pdf: The request signature we calculated does not match the signature you provided. Check your key and signing method.
[2026-02-12T04:31:10.328Z] ❌ S3 upload failed for albany/misc/general/2013/Aug2-amended.pdf: The request signature we calculated does not match the signature you provided. Check your key and signing method.
[2026-02-12T04:31:10.350Z] ❌ S3 upload failed for albany/misc/general/2013/Aug23.pdf: The request signature we calculated does not match the signature you provided. Check your key and signing method.
[2026-02-12T04:31:10.350Z]    Progress: 0 uploaded, 0 skipped, 600 failed
[2026-02-12T04:31:10.382Z] ❌ S3 upload failed for albany/misc/general/2013/Aug2.pdf: The request signature we calculated does not match the signature you provided. Check your key and signing method.
[2026-02-12T04:31:10.384Z] ❌ S3 upload failed for albany/misc/general/2013/Aug16.pdf: The request signature we calculated does not match the signature you provided. Check your key and signing method.
[2026-02-12T04:31:10.412Z] ❌ S3 upload failed for albany/misc/general/2013/July26.pdf: The request signature we calculated does not match the signature you provided. Check your key and signing method.
[2026-02-12T04:31:10.413Z] ❌ S3 upload failed for albany/misc/general/2013/Aug9.pdf: The request signature we calculated does not match the signature you provided. Check your key and signing method.
[2026-02-12T04:31:10.443Z] ❌ S3 upload failed for albany/misc/general/2013/July19.pdf: The request signature we calculated does not match the signature you provided. Check your key and signing method.
[2026-02-12T04:31:10.443Z] ❌ S3 upload failed for albany/misc/general/2013/Aug2-amended.pdf: The request signature we calculated does not match the signature you provided. Check your key and signing method.
[2026-02-12T04:31:10.480Z] ❌ S3 upload failed for albany/misc/general/2013/Aug2.pdf: The request signature we calculated does not match the signature you provided. Check your key and signing method.
[2026-02-12T04:31:10.500Z] ❌ S3 upload failed for albany/misc/general/2013/July12.pdf: The request signature we calculated does not match the signature you provided. Check your key and signing method.
[2026-02-12T04:31:10.513Z] ❌ S3 upload failed for albany/misc/general/2013/July26.pdf: The request signature we calculated does not match the signature you provided. Check your key and signing method.
[2026-02-12T04:31:10.544Z] ❌ S3 upload failed for albany/misc/general/2013/July19.pdf: The request signature we calculated does not match the signature you provided. Check your key and signing method.
[2026-02-12T04:31:10.553Z] ❌ S3 upload failed for albany/misc/general/2013/July5.pdf: The request signature we calculated does not match the signature you provided. Check your key and signing method.
[2026-02-12T04:31:10.577Z] ❌ S3 upload failed for albany/misc/general/2013/July12.pdf: The request signature we calculated does not match the signature you provided. Check your key and signing method.
[2026-02-12T04:31:10.583Z] ❌ S3 upload failed for albany/misc/general/2013/July5NP.pdf: The request signature we calculated does not match the signature you provided. Check your key and signing method.
[2026-02-12T04:31:10.609Z] ❌ S3 upload failed for albany/misc/general/2013/July5.pdf: The request signature we calculated does not match the signature you provided. Check your key and signing method.
[2026-02-12T04:31:10.666Z] ❌ S3 upload failed for albany/misc/general/2013/June-28.pdf: The request signature we calculated does not match the signature you provided. Check your key and signing method.
[2026-02-12T04:31:10.674Z] ❌ S3 upload failed for albany/misc/general/2013/July5NP.pdf: The request signature we calculated does not match the signature you provided. Check your key and signing method.
[2026-02-12T04:31:10.698Z] ❌ S3 upload failed for albany/misc/general/2013/June-21.pdf: The request signature we calculated does not match the signature you provided. Check your key and signing method.
[2026-02-12T04:31:10.726Z] ❌ S3 upload failed for albany/misc/general/2013/June-14.pdf: The request signature we calculated does not match the signature you provided. Check your key and signing method.
[2026-02-12T04:31:10.728Z] ❌ S3 upload failed for albany/misc/general/2013/June-28.pdf: The request signature we calculated does not match the signature you provided. Check your key and signing method.
[2026-02-12T04:31:10.762Z] ❌ S3 upload failed for albany/misc/general/2013/June-21.pdf: The request signature we calculated does not match the signature you provided. Check your key and signing method.
[2026-02-12T04:31:10.764Z] ❌ S3 upload failed for albany/misc/general/2013/June7.pdf: The request signature we calculated does not match the signature you provided. Check your key and signing method.
[2026-02-12T04:31:10.790Z] ❌ S3 upload failed for albany/misc/general/2013/May24-Amended-1.pdf: The request signature we calculated does not match the signature you provided. Check your key and signing method.
[2026-02-12T04:31:10.792Z] ❌ S3 upload failed for albany/misc/general/2013/June-14.pdf: The request signature we calculated does not match the signature you provided. Check your key and signing method.
[2026-02-12T04:31:10.818Z] ❌ S3 upload failed for albany/misc/general/2013/May24.pdf: The request signature we calculated does not match the signature you provided. Check your key and signing method.
[2026-02-12T04:31:10.829Z] ❌ S3 upload failed for albany/misc/general/2013/June7.pdf: The request signature we calculated does not match the signature you provided. Check your key and signing method.
[2026-02-12T04:31:10.849Z] ❌ S3 upload failed for albany/misc/general/2013/May-17-Amended.pdf: The request signature we calculated does not match the signature you provided. Check your key and signing method.
[2026-02-12T04:31:10.855Z] ❌ S3 upload failed for albany/misc/general/2013/May24-Amended-1.pdf: The request signature we calculated does not match the signature you provided. Check your key and signing method.
[2026-02-12T04:31:10.874Z] ❌ S3 upload failed for albany/misc/general/2013/May10.pdf: The request signature we calculated does not match the signature you provided. Check your key and signing method.
[2026-02-12T04:31:10.882Z] ❌ S3 upload failed for albany/misc/general/2013/May24.pdf: The request signature we calculated does not match the signature you provided. Check your key and signing method.
[2026-02-12T04:31:10.902Z] ❌ S3 upload failed for albany/misc/general/2013/May-3.pdf: The request signature we calculated does not match the signature you provided. Check your key and signing method.
[2026-02-12T04:31:10.918Z] ❌ S3 upload failed for albany/misc/general/2013/May-17-Amended.pdf: The request signature we calculated does not match the signature you provided. Check your key and signing method.
[2026-02-12T04:31:10.933Z] ❌ S3 upload failed for albany/misc/general/2013/April-26.pdf: The request signature we calculated does not match the signature you provided. Check your key and signing method.
[2026-02-12T04:31:10.944Z] ❌ S3 upload failed for albany/misc/general/2013/May10.pdf: The request signature we calculated does not match the signature you provided. Check your key and signing method.
[2026-02-12T04:31:10.970Z] ❌ S3 upload failed for albany/misc/general/2013/April19.pdf: The request signature we calculated does not match the signature you provided. Check your key and signing method.
[2026-02-12T04:31:10.998Z] ❌ S3 upload failed for albany/misc/general/2013/April12-Amended.pdf: The request signature we calculated does not match the signature you provided. Check your key and signing method.
[2026-02-12T04:31:11.006Z] ❌ S3 upload failed for albany/misc/general/2013/May-3.pdf: The request signature we calculated does not match the signature you provided. Check your key and signing method.
[2026-02-12T04:31:11.028Z] ❌ S3 upload failed for albany/misc/general/2013/April5.pdf: The request signature we calculated does not match the signature you provided. Check your key and signing method.
[2026-02-12T04:31:11.037Z] ❌ S3 upload failed for albany/misc/general/2013/April-26.pdf: The request signature we calculated does not match the signature you provided. Check your key and signing method.
[2026-02-12T04:31:11.052Z] ❌ S3 upload failed for albany/misc/general/2013/March22-Amended.pdf: The request signature we calculated does not match the signature you provided. Check your key and signing method.
[2026-02-12T04:31:11.068Z] ❌ S3 upload failed for albany/misc/general/2013/April19.pdf: The request signature we calculated does not match the signature you provided. Check your key and signing method.
[2026-02-12T04:31:11.080Z] ❌ S3 upload failed for albany/misc/general/2013/March15.pdf: The request signature we calculated does not match the signature you provided. Check your key and signing method.
[2026-02-12T04:31:11.098Z] ❌ S3 upload failed for albany/misc/general/2013/April12-Amended.pdf: The request signature we calculated does not match the signature you provided. Check your key and signing method.
[2026-02-12T04:31:11.111Z] ❌ S3 upload failed for albany/misc/general/2013/March8.pdf: The request signature we calculated does not match the signature you provided. Check your key and signing method.
[2026-02-12T04:31:11.133Z] ❌ S3 upload failed for albany/misc/general/2013/April5.pdf: The request signature we calculated does not match the signature you provided. Check your key and signing method.
[2026-02-12T04:31:11.146Z] ❌ S3 upload failed for albany/misc/general/2013/March1.pdf: The request signature we calculated does not match the signature you provided. Check your key and signing method.
[2026-02-12T04:31:11.166Z] ❌ S3 upload failed for albany/misc/general/2013/March22-Amended.pdf: The request signature we calculated does not match the signature you provided. Check your key and signing method.
[2026-02-12T04:31:11.178Z] ❌ S3 upload failed for albany/misc/general/2013/Feb22-Amended.pdf: The request signature we calculated does not match the signature you provided. Check your key and signing method.
[2026-02-12T04:31:11.206Z] ❌ S3 upload failed for albany/misc/general/2013/March15.pdf: The request signature we calculated does not match the signature you provided. Check your key and signing method.
[2026-02-12T04:31:11.210Z] ❌ S3 upload failed for albany/misc/general/2013/Feb22.pdf: The request signature we calculated does not match the signature you provided. Check your key and signing method.
[2026-02-12T04:31:11.240Z] ❌ S3 upload failed for albany/misc/general/2013/March8.pdf: The request signature we calculated does not match the signature you provided. Check your key and signing method.
[2026-02-12T04:31:11.242Z] ❌ S3 upload failed for albany/misc/general/2013/Feb15.pdf: The request signature we calculated does not match the signature you provided. Check your key and signing method.
[2026-02-12T04:31:11.267Z] ❌ S3 upload failed for albany/misc/general/2013/Feb8.pdf: The request signature we calculated does not match the signature you provided. Check your key and signing method.
[2026-02-12T04:31:11.296Z] ❌ S3 upload failed for albany/misc/general/2013/Feb1NP.pdf: The request signature we calculated does not match the signature you provided. Check your key and signing method.
[2026-02-12T04:31:11.298Z] ❌ S3 upload failed for albany/misc/general/2013/March1.pdf: The request signature we calculated does not match the signature you provided. Check your key and signing method.
[2026-02-12T04:31:11.328Z] ❌ S3 upload failed for albany/misc/general/2013/Feb1.pdf: The request signature we calculated does not match the signature you provided. Check your key and signing method.
[2026-02-12T04:31:11.336Z] ❌ S3 upload failed for albany/misc/general/2013/Feb22-Amended.pdf: The request signature we calculated does not match the signature you provided. Check your key and signing method.
[2026-02-12T04:31:11.365Z] ❌ S3 upload failed for albany/misc/general/2013/Feb22.pdf: The request signature we calculated does not match the signature you provided. Check your key and signing method.
[2026-02-12T04:31:11.367Z] ❌ S3 upload failed for albany/misc/general/2013/Jan25SM.pdf: The request signature we calculated does not match the signature you provided. Check your key and signing method.
[2026-02-12T04:31:11.394Z] ❌ S3 upload failed for albany/misc/general/2013/Feb15.pdf: The request signature we calculated does not match the signature you provided. Check your key and signing method.
[2026-02-12T04:31:11.406Z] ❌ S3 upload failed for albany/misc/general/2013/Jan25.pdf: The request signature we calculated does not match the signature you provided. Check your key and signing method.
[2026-02-12T04:31:11.435Z] ❌ S3 upload failed for albany/misc/general/2013/Jan18SM.pdf: The request signature we calculated does not match the signature you provided. Check your key and signing method.
[2026-02-12T04:31:11.477Z] ❌ S3 upload failed for albany/misc/general/2013/Jan18.pdf: The request signature we calculated does not match the signature you provided. Check your key and signing method.
[2026-02-12T04:31:11.480Z] ❌ S3 upload failed for albany/misc/general/2013/Feb8.pdf: The request signature we calculated does not match the signature you provided. Check your key and signing method.
[2026-02-12T04:31:11.508Z] ❌ S3 upload failed for albany/misc/general/2013/Feb1NP.pdf: The request signature we calculated does not match the signature you provided. Check your key and signing method.
[2026-02-12T04:31:11.509Z] ❌ S3 upload failed for albany/misc/general/2013/Jan11.pdf: The request signature we calculated does not match the signature you provided. Check your key and signing method.
[2026-02-12T04:31:11.534Z] ❌ S3 upload failed for albany/misc/general/2013/Jan4.pdf: The request signature we calculated does not match the signature you provided. Check your key and signing method.
[2026-02-12T04:31:11.549Z] ❌ S3 upload failed for albany/misc/general/2013/Feb1.pdf: The request signature we calculated does not match the signature you provided. Check your key and signing method.
[2026-02-12T04:31:11.562Z] ❌ S3 upload failed for albany/misc/general/2013/Dec21.pdf: The request signature we calculated does not match the signature you provided. Check your key and signing method.
[2026-02-12T04:31:11.577Z] ❌ S3 upload failed for albany/misc/general/2013/Jan25SM.pdf: The request signature we calculated does not match the signature you provided. Check your key and signing method.
[2026-02-12T04:31:11.594Z] ❌ S3 upload failed for albany/misc/general/2013/Dec14.pdf: The request signature we calculated does not match the signature you provided. Check your key and signing method.
[2026-02-12T04:31:11.616Z] ❌ S3 upload failed for albany/misc/general/2013/Jan25.pdf: The request signature we calculated does not match the signature you provided. Check your key and signing method.
[2026-02-12T04:31:11.623Z] ❌ S3 upload failed for albany/misc/general/2013/Dec7.pdf: The request signature we calculated does not match the signature you provided. Check your key and signing method.
[2026-02-12T04:31:11.644Z] ❌ S3 upload failed for albany/misc/general/2013/Jan18SM.pdf: The request signature we calculated does not match the signature you provided. Check your key and signing method.
[2026-02-12T04:31:11.649Z] ❌ S3 upload failed for albany/misc/general/2013/Nov30.pdf: The request signature we calculated does not match the signature you provided. Check your key and signing method.
[2026-02-12T04:31:11.671Z] ❌ S3 upload failed for albany/misc/general/2013/Jan18.pdf: The request signature we calculated does not match the signature you provided. Check your key and signing method.
[2026-02-12T04:31:11.677Z] ❌ S3 upload failed for albany/misc/general/2013/Nov16-Wonalancet.pdf: The request signature we calculated does not match the signature you provided. Check your key and signing method.
[2026-02-12T04:31:11.702Z] ❌ S3 upload failed for albany/misc/general/2013/Jan11.pdf: The request signature we calculated does not match the signature you provided. Check your key and signing method.
[2026-02-12T04:31:11.706Z] ❌ S3 upload failed for albany/misc/general/2013/Nov2.pdf: The request signature we calculated does not match the signature you provided. Check your key and signing method.
[2026-02-12T04:31:11.736Z] ❌ S3 upload failed for albany/misc/general/2013/Jan4.pdf: The request signature we calculated does not match the signature you provided. Check your key and signing method.
[2026-02-12T04:31:11.742Z] ❌ S3 upload failed for albany/misc/general/2013/Nov9.pdf: The request signature we calculated does not match the signature you provided. Check your key and signing method.
[2026-02-12T04:31:11.762Z] ❌ S3 upload failed for albany/misc/general/2013/Dec21.pdf: The request signature we calculated does not match the signature you provided. Check your key and signing method.
[2026-02-12T04:31:11.773Z] ❌ S3 upload failed for albany/misc/general/2013/Nov2.pdf: The request signature we calculated does not match the signature you provided. Check your key and signing method.
[2026-02-12T04:31:11.799Z] ❌ S3 upload failed for albany/misc/general/2013/Dec14.pdf: The request signature we calculated does not match the signature you provided. Check your key and signing method.
[2026-02-12T04:31:11.802Z] ❌ S3 upload failed for albany/misc/general/2013/Oct26.pdf: The request signature we calculated does not match the signature you provided. Check your key and signing method.
[2026-02-12T04:31:11.829Z] ❌ S3 upload failed for albany/misc/general/2013/Oct19.pdf: The request signature we calculated does not match the signature you provided. Check your key and signing method.
[2026-02-12T04:31:11.831Z] ❌ S3 upload failed for albany/misc/general/2013/Dec7.pdf: The request signature we calculated does not match the signature you provided. Check your key and signing method.
[2026-02-12T04:31:11.855Z] ❌ S3 upload failed for albany/misc/general/2013/Oct14-1.pdf: The request signature we calculated does not match the signature you provided. Check your key and signing method.
[2026-02-12T04:31:11.862Z] ❌ S3 upload failed for albany/misc/general/2013/Nov30.pdf: The request signature we calculated does not match the signature you provided. Check your key and signing method.
[2026-02-12T04:31:11.883Z] ❌ S3 upload failed for albany/misc/general/2013/Oct12.pdf: The request signature we calculated does not match the signature you provided. Check your key and signing method.
[2026-02-12T04:31:11.884Z]    Progress: 0 uploaded, 0 skipped, 650 failed
[2026-02-12T04:31:11.890Z] ❌ S3 upload failed for albany/misc/general/2013/Nov16-Wonalancet.pdf: The request signature we calculated does not match the signature you provided. Check your key and signing method.
[2026-02-12T04:31:11.908Z] ❌ S3 upload failed for albany/misc/general/2013/Oct5.doc: The request signature we calculated does not match the signature you provided. Check your key and signing method.
[2026-02-12T04:31:11.919Z] ❌ S3 upload failed for albany/misc/general/2013/Nov2.pdf: The request signature we calculated does not match the signature you provided. Check your key and signing method.
[2026-02-12T04:31:11.935Z] ❌ S3 upload failed for albany/misc/general/2013/Sept28.pdf: The request signature we calculated does not match the signature you provided. Check your key and signing method.
[2026-02-12T04:31:11.964Z] ❌ S3 upload failed for albany/misc/general/2013/Sept21.pdf: The request signature we calculated does not match the signature you provided. Check your key and signing method.
[2026-02-12T04:31:11.965Z] ❌ S3 upload failed for albany/misc/general/2013/Nov9.pdf: The request signature we calculated does not match the signature you provided. Check your key and signing method.
[2026-02-12T04:31:11.995Z] ❌ S3 upload failed for albany/misc/general/2013/Sept14.pdf: The request signature we calculated does not match the signature you provided. Check your key and signing method.
[2026-02-12T04:31:11.997Z] ❌ S3 upload failed for albany/misc/general/2013/Nov2.pdf: The request signature we calculated does not match the signature you provided. Check your key and signing method.
[2026-02-12T04:31:12.023Z] ❌ S3 upload failed for albany/misc/general/2013/Oct26.pdf: The request signature we calculated does not match the signature you provided. Check your key and signing method.
[2026-02-12T04:31:12.027Z] ❌ S3 upload failed for albany/misc/general/2013/Sept7.pdf: The request signature we calculated does not match the signature you provided. Check your key and signing method.
[2026-02-12T04:31:12.054Z] ❌ S3 upload failed for albany/misc/general/2013/Oct19.pdf: The request signature we calculated does not match the signature you provided. Check your key and signing method.
[2026-02-12T04:31:12.061Z] ❌ S3 upload failed for albany/misc/general/2013/Aug31.pdf: The request signature we calculated does not match the signature you provided. Check your key and signing method.
[2026-02-12T04:31:12.086Z] ❌ S3 upload failed for albany/misc/general/2013/Oct14-1.pdf: The request signature we calculated does not match the signature you provided. Check your key and signing method.
[2026-02-12T04:31:12.090Z] ❌ S3 upload failed for albany/misc/general/2013/Aug24.pdf: The request signature we calculated does not match the signature you provided. Check your key and signing method.
[2026-02-12T04:31:12.113Z] ❌ S3 upload failed for albany/misc/general/2013/Oct12.pdf: The request signature we calculated does not match the signature you provided. Check your key and signing method.
[2026-02-12T04:31:12.113Z]    Progress: 0 uploaded, 0 skipped, 650 failed
[2026-02-12T04:31:12.121Z] ❌ S3 upload failed for albany/misc/general/2013/Aug17.pdf: The request signature we calculated does not match the signature you provided. Check your key and signing method.
[2026-02-12T04:31:12.138Z] ❌ S3 upload failed for albany/misc/general/2013/Oct5.doc: The request signature we calculated does not match the signature you provided. Check your key and signing method.
[2026-02-12T04:31:12.152Z] ❌ S3 upload failed for albany/misc/general/2013/Aug10.pdf: The request signature we calculated does not match the signature you provided. Check your key and signing method.
[2026-02-12T04:31:12.165Z] ❌ S3 upload failed for albany/misc/general/2013/Sept28.pdf: The request signature we calculated does not match the signature you provided. Check your key and signing method.
[2026-02-12T04:31:12.183Z] ❌ S3 upload failed for albany/misc/general/2013/Aug3.pdf: The request signature we calculated does not match the signature you provided. Check your key and signing method.
[2026-02-12T04:31:12.201Z] ❌ S3 upload failed for albany/misc/general/2013/Sept21.pdf: The request signature we calculated does not match the signature you provided. Check your key and signing method.
[2026-02-12T04:31:12.212Z] ❌ S3 upload failed for albany/misc/general/2013/July27.pdf: The request signature we calculated does not match the signature you provided. Check your key and signing method.
[2026-02-12T04:31:12.226Z] ❌ S3 upload failed for albany/misc/general/2013/Sept14.pdf: The request signature we calculated does not match the signature you provided. Check your key and signing method.
[2026-02-12T04:31:12.243Z] ❌ S3 upload failed for albany/misc/general/2013/July20.pdf: The request signature we calculated does not match the signature you provided. Check your key and signing method.
[2026-02-12T04:31:12.260Z] ❌ S3 upload failed for albany/misc/general/2013/July13.pdf: The request signature we calculated does not match the signature you provided. Check your key and signing method.
[2026-02-12T04:31:12.262Z] ❌ S3 upload failed for albany/misc/general/2013/Sept7.pdf: The request signature we calculated does not match the signature you provided. Check your key and signing method.
[2026-02-12T04:31:12.287Z] ❌ S3 upload failed for albany/misc/general/2013/July6.pdf: The request signature we calculated does not match the signature you provided. Check your key and signing method.
[2026-02-12T04:31:12.294Z] ❌ S3 upload failed for albany/misc/general/2013/Aug31.pdf: The request signature we calculated does not match the signature you provided. Check your key and signing method.
[2026-02-12T04:31:12.312Z] ❌ S3 upload failed for albany/misc/general/2013/Jun29Work.pdf: The request signature we calculated does not match the signature you provided. Check your key and signing method.
[2026-02-12T04:31:12.321Z] ❌ S3 upload failed for albany/misc/general/2013/Aug24.pdf: The request signature we calculated does not match the signature you provided. Check your key and signing method.
[2026-02-12T04:31:12.341Z] ❌ S3 upload failed for albany/misc/general/2013/June29.pdf: The request signature we calculated does not match the signature you provided. Check your key and signing method.
[2026-02-12T04:31:12.347Z] ❌ S3 upload failed for albany/misc/general/2013/Aug17.pdf: The request signature we calculated does not match the signature you provided. Check your key and signing method.
[2026-02-12T04:31:12.374Z] ❌ S3 upload failed for albany/misc/general/2013/June22-amended.pdf: The request signature we calculated does not match the signature you provided. Check your key and signing method.
[2026-02-12T04:31:12.401Z] ❌ S3 upload failed for albany/misc/general/2013/Aug10.pdf: The request signature we calculated does not match the signature you provided. Check your key and signing method.
[2026-02-12T04:31:12.405Z] ❌ S3 upload failed for albany/misc/general/2013/June22.pdf: The request signature we calculated does not match the signature you provided. Check your key and signing method.
[2026-02-12T04:31:12.427Z] ❌ S3 upload failed for albany/misc/general/2013/June15.pdf: The request signature we calculated does not match the signature you provided. Check your key and signing method.
[2026-02-12T04:31:12.450Z] ❌ S3 upload failed for albany/misc/general/2013/Aug3.pdf: The request signature we calculated does not match the signature you provided. Check your key and signing method.
[2026-02-12T04:31:12.457Z] ❌ S3 upload failed for albany/misc/general/2013/June8.pdf: The request signature we calculated does not match the signature you provided. Check your key and signing method.
[2026-02-12T04:31:12.479Z] ❌ S3 upload failed for albany/misc/general/2013/July27.pdf: The request signature we calculated does not match the signature you provided. Check your key and signing method.
[2026-02-12T04:31:12.485Z] ❌ S3 upload failed for albany/misc/general/2013/May18.pdf: The request signature we calculated does not match the signature you provided. Check your key and signing method.
[2026-02-12T04:31:12.506Z] ❌ S3 upload failed for albany/misc/general/2013/July20.pdf: The request signature we calculated does not match the signature you provided. Check your key and signing method.
[2026-02-12T04:31:12.516Z] ❌ S3 upload failed for albany/misc/general/2013/May11.pdf: The request signature we calculated does not match the signature you provided. Check your key and signing method.
[2026-02-12T04:31:12.532Z] ❌ S3 upload failed for albany/misc/general/2013/July13.pdf: The request signature we calculated does not match the signature you provided. Check your key and signing method.
[2026-02-12T04:31:12.553Z] ❌ S3 upload failed for albany/misc/general/2013/May4.pdf: The request signature we calculated does not match the signature you provided. Check your key and signing method.
[2026-02-12T04:31:12.563Z] ❌ S3 upload failed for albany/misc/general/2013/July6.pdf: The request signature we calculated does not match the signature you provided. Check your key and signing method.
[2026-02-12T04:31:12.588Z] ❌ S3 upload failed for albany/misc/general/2013/April27.pdf: The request signature we calculated does not match the signature you provided. Check your key and signing method.
[2026-02-12T04:31:12.593Z] ❌ S3 upload failed for albany/misc/general/2013/Jun29Work.pdf: The request signature we calculated does not match the signature you provided. Check your key and signing method.
[2026-02-12T04:31:12.619Z] ❌ S3 upload failed for albany/misc/general/2013/April22.pdf: The request signature we calculated does not match the signature you provided. Check your key and signing method.
[2026-02-12T04:31:12.622Z] ❌ S3 upload failed for albany/misc/general/2013/June29.pdf: The request signature we calculated does not match the signature you provided. Check your key and signing method.
[2026-02-12T04:31:12.650Z] ❌ S3 upload failed for albany/misc/general/2013/April20.pdf: The request signature we calculated does not match the signature you provided. Check your key and signing method.
[2026-02-12T04:31:12.684Z] ❌ S3 upload failed for albany/misc/general/2013/April19NP.pdf: The request signature we calculated does not match the signature you provided. Check your key and signing method.
[2026-02-12T04:31:12.699Z] ❌ S3 upload failed for albany/misc/general/2013/June22-amended.pdf: The request signature we calculated does not match the signature you provided. Check your key and signing method.
[2026-02-12T04:31:12.713Z] ❌ S3 upload failed for albany/misc/general/2013/April13.pdf: The request signature we calculated does not match the signature you provided. Check your key and signing method.
[2026-02-12T04:31:12.734Z] ❌ S3 upload failed for albany/misc/general/2013/June22.pdf: The request signature we calculated does not match the signature you provided. Check your key and signing method.
[2026-02-12T04:31:12.739Z] ❌ S3 upload failed for albany/misc/general/2013/April6.pdf: The request signature we calculated does not match the signature you provided. Check your key and signing method.
[2026-02-12T04:31:12.765Z] ❌ S3 upload failed for albany/misc/general/2013/June15.pdf: The request signature we calculated does not match the signature you provided. Check your key and signing method.
[2026-02-12T04:31:12.773Z] ❌ S3 upload failed for albany/misc/general/2013/March23.pdf: The request signature we calculated does not match the signature you provided. Check your key and signing method.
[2026-02-12T04:31:12.797Z] ❌ S3 upload failed for albany/misc/general/2013/June8.pdf: The request signature we calculated does not match the signature you provided. Check your key and signing method.
[2026-02-12T04:31:12.804Z] ❌ S3 upload failed for albany/misc/general/2013/March16.pdf: The request signature we calculated does not match the signature you provided. Check your key and signing method.
[2026-02-12T04:31:12.824Z] ❌ S3 upload failed for albany/misc/general/2013/May18.pdf: The request signature we calculated does not match the signature you provided. Check your key and signing method.
[2026-02-12T04:31:12.848Z] ❌ S3 upload failed for albany/misc/general/2013/March2.pdf: The request signature we calculated does not match the signature you provided. Check your key and signing method.
[2026-02-12T04:31:12.853Z] ❌ S3 upload failed for albany/misc/general/2013/May11.pdf: The request signature we calculated does not match the signature you provided. Check your key and signing method.
[2026-02-12T04:31:12.877Z] ❌ S3 upload failed for albany/misc/general/2013/Feb24.pdf: The request signature we calculated does not match the signature you provided. Check your key and signing method.
[2026-02-12T04:31:12.879Z] ❌ S3 upload failed for albany/misc/general/2013/May4.pdf: The request signature we calculated does not match the signature you provided. Check your key and signing method.
[2026-02-12T04:31:12.902Z] ❌ S3 upload failed for albany/misc/general/2013/Feb17.pdf: The request signature we calculated does not match the signature you provided. Check your key and signing method.
[2026-02-12T04:31:12.907Z] ❌ S3 upload failed for albany/misc/general/2013/April27.pdf: The request signature we calculated does not match the signature you provided. Check your key and signing method.
[2026-02-12T04:31:12.931Z] ❌ S3 upload failed for albany/misc/general/2013/Feb10.pdf: The request signature we calculated does not match the signature you provided. Check your key and signing method.
[2026-02-12T04:31:12.933Z] ❌ S3 upload failed for albany/misc/general/2013/April22.pdf: The request signature we calculated does not match the signature you provided. Check your key and signing method.
[2026-02-12T04:31:12.962Z] ❌ S3 upload failed for albany/misc/general/2013/Feb3.pdf: The request signature we calculated does not match the signature you provided. Check your key and signing method.
[2026-02-12T04:31:12.963Z] ❌ S3 upload failed for albany/misc/general/2013/April20.pdf: The request signature we calculated does not match the signature you provided. Check your key and signing method.
[2026-02-12T04:31:12.991Z] ❌ S3 upload failed for albany/misc/general/2013/April19NP.pdf: The request signature we calculated does not match the signature you provided. Check your key and signing method.
[2026-02-12T04:31:12.992Z] ❌ S3 upload failed for albany/misc/general/2013/Jan27.pdf: The request signature we calculated does not match the signature you provided. Check your key and signing method.
[2026-02-12T04:31:13.026Z] ❌ S3 upload failed for albany/misc/general/2013/April13.pdf: The request signature we calculated does not match the signature you provided. Check your key and signing method.
[2026-02-12T04:31:13.025Z] ❌ S3 upload failed for albany/misc/general/2013/Jan20.doc: The request signature we calculated does not match the signature you provided. Check your key and signing method.
[2026-02-12T04:31:13.053Z] ❌ S3 upload failed for albany/misc/general/2013/April6.pdf: The request signature we calculated does not match the signature you provided. Check your key and signing method.
[2026-02-12T04:31:13.056Z] ❌ S3 upload failed for albany/misc/general/2013/Jan13.pdf: The request signature we calculated does not match the signature you provided. Check your key and signing method.
[2026-02-12T04:31:13.080Z] ❌ S3 upload failed for albany/misc/general/2013/March23.pdf: The request signature we calculated does not match the signature you provided. Check your key and signing method.
[2026-02-12T04:31:13.087Z] ❌ S3 upload failed for albany/misc/general/2013/Jan6.pdf: The request signature we calculated does not match the signature you provided. Check your key and signing method.
[2026-02-12T04:31:13.117Z] ❌ S3 upload failed for albany/misc/general/2013/Dec16.pdf: The request signature we calculated does not match the signature you provided. Check your key and signing method.
[2026-02-12T04:31:13.142Z] ❌ S3 upload failed for albany/misc/general/2013/March16.pdf: The request signature we calculated does not match the signature you provided. Check your key and signing method.
[2026-02-12T04:31:13.141Z] ❌ S3 upload failed for albany/misc/general/2013/Dec9.doc: The request signature we calculated does not match the signature you provided. Check your key and signing method.
[2026-02-12T04:31:13.168Z] ❌ S3 upload failed for albany/misc/general/2013/Dec9NP.doc: The request signature we calculated does not match the signature you provided. Check your key and signing method.
[2026-02-12T04:31:13.174Z] ❌ S3 upload failed for albany/misc/general/2013/March2.pdf: The request signature we calculated does not match the signature you provided. Check your key and signing method.
[2026-02-12T04:31:13.203Z] ❌ S3 upload failed for albany/misc/general/2013/Feb24.pdf: The request signature we calculated does not match the signature you provided. Check your key and signing method.
[2026-02-12T04:31:13.214Z] ❌ S3 upload failed for albany/misc/general/2013/Dec2.pdf: The request signature we calculated does not match the signature you provided. Check your key and signing method.
[2026-02-12T04:31:13.241Z] ❌ S3 upload failed for albany/misc/general/2013/Dec2NP.pdf: The request signature we calculated does not match the signature you provided. Check your key and signing method.
[2026-02-12T04:31:13.262Z] ❌ S3 upload failed for albany/misc/general/2013/Feb17.pdf: The request signature we calculated does not match the signature you provided. Check your key and signing method.
[2026-02-12T04:31:13.270Z] ❌ S3 upload failed for albany/misc/general/2013/Nov18.doc: The request signature we calculated does not match the signature you provided. Check your key and signing method.
[2026-02-12T04:31:13.286Z] ❌ S3 upload failed for albany/misc/general/2013/Feb10.pdf: The request signature we calculated does not match the signature you provided. Check your key and signing method.
[2026-02-12T04:31:13.296Z] ❌ S3 upload failed for albany/misc/general/2013/Nov4.pdf: The request signature we calculated does not match the signature you provided. Check your key and signing method.
[2026-02-12T04:31:13.318Z] ❌ S3 upload failed for albany/misc/general/2013/Oct28.pdf: The request signature we calculated does not match the signature you provided. Check your key and signing method.
[2026-02-12T04:31:13.335Z] ❌ S3 upload failed for albany/misc/general/2013/Feb3.pdf: The request signature we calculated does not match the signature you provided. Check your key and signing method.
[2026-02-12T04:31:13.346Z] ❌ S3 upload failed for albany/misc/general/2013/Oct21.pdf: The request signature we calculated does not match the signature you provided. Check your key and signing method.
[2026-02-12T04:31:13.360Z] ❌ S3 upload failed for albany/misc/general/2013/Jan27.pdf: The request signature we calculated does not match the signature you provided. Check your key and signing method.
[2026-02-12T04:31:13.376Z] ❌ S3 upload failed for albany/misc/general/2013/Jan20.doc: The request signature we calculated does not match the signature you provided. Check your key and signing method.
[2026-02-12T04:31:13.380Z] ❌ S3 upload failed for albany/misc/general/2013/Oct14.pdf: The request signature we calculated does not match the signature you provided. Check your key and signing method.
[2026-02-12T04:31:13.381Z]    Progress: 0 uploaded, 0 skipped, 700 failed
[2026-02-12T04:31:13.407Z] ❌ S3 upload failed for albany/misc/general/2013/Jan13.pdf: The request signature we calculated does not match the signature you provided. Check your key and signing method.
[2026-02-12T04:31:13.408Z] ❌ S3 upload failed for albany/misc/general/2013/Oct7.pdf: The request signature we calculated does not match the signature you provided. Check your key and signing method.
[2026-02-12T04:31:13.437Z] ❌ S3 upload failed for albany/misc/general/2013/Jan6.pdf: The request signature we calculated does not match the signature you provided. Check your key and signing method.
[2026-02-12T04:31:13.452Z] ❌ S3 upload failed for albany/misc/general/2013/Sept23.pdf: The request signature we calculated does not match the signature you provided. Check your key and signing method.
[2026-02-12T04:31:13.471Z] ❌ S3 upload failed for albany/misc/general/2013/Sept16.pdf: The request signature we calculated does not match the signature you provided. Check your key and signing method.
[2026-02-12T04:31:13.477Z] ❌ S3 upload failed for albany/misc/general/2013/Dec16.pdf: The request signature we calculated does not match the signature you provided. Check your key and signing method.
[2026-02-12T04:31:13.498Z] ❌ S3 upload failed for albany/misc/general/2013/Sept9.pdf: The request signature we calculated does not match the signature you provided. Check your key and signing method.
[2026-02-12T04:31:13.503Z] ❌ S3 upload failed for albany/misc/general/2013/Dec9.doc: The request signature we calculated does not match the signature you provided. Check your key and signing method.
[2026-02-12T04:31:13.524Z] ❌ S3 upload failed for albany/misc/general/2013/Sept2.pdf: The request signature we calculated does not match the signature you provided. Check your key and signing method.
[2026-02-12T04:31:13.528Z] ❌ S3 upload failed for albany/misc/general/2013/Dec9NP.doc: The request signature we calculated does not match the signature you provided. Check your key and signing method.
[2026-02-12T04:31:13.553Z] ❌ S3 upload failed for albany/misc/general/2013/Dec2.pdf: The request signature we calculated does not match the signature you provided. Check your key and signing method.
[2026-02-12T04:31:13.554Z] ❌ S3 upload failed for albany/misc/general/2013/Aug19.pdf: The request signature we calculated does not match the signature you provided. Check your key and signing method.
[2026-02-12T04:31:13.592Z] ❌ S3 upload failed for albany/misc/general/2013/Dec2NP.pdf: The request signature we calculated does not match the signature you provided. Check your key and signing method.
[2026-02-12T04:31:13.594Z] ❌ S3 upload failed for albany/misc/general/2013/Aug12.pdf: The request signature we calculated does not match the signature you provided. Check your key and signing method.
[2026-02-12T04:31:13.617Z] ❌ S3 upload failed for albany/misc/general/2013/Nov18.doc: The request signature we calculated does not match the signature you provided. Check your key and signing method.
[2026-02-12T04:31:13.627Z] ❌ S3 upload failed for albany/misc/general/2013/Aug5.pdf: The request signature we calculated does not match the signature you provided. Check your key and signing method.
[2026-02-12T04:31:13.642Z] ❌ S3 upload failed for albany/misc/general/2013/Nov4.pdf: The request signature we calculated does not match the signature you provided. Check your key and signing method.
[2026-02-12T04:31:13.649Z] ❌ S3 upload failed for albany/misc/general/2013/July22.pdf: The request signature we calculated does not match the signature you provided. Check your key and signing method.
[2026-02-12T04:31:13.687Z] ❌ S3 upload failed for albany/misc/general/2013/July151.pdf: The request signature we calculated does not match the signature you provided. Check your key and signing method.
[2026-02-12T04:31:13.691Z] ❌ S3 upload failed for albany/misc/general/2013/Oct28.pdf: The request signature we calculated does not match the signature you provided. Check your key and signing method.
[2026-02-12T04:31:13.742Z] ❌ S3 upload failed for albany/misc/general/2013/Oct21.pdf: The request signature we calculated does not match the signature you provided. Check your key and signing method.
[2026-02-12T04:31:13.743Z] ❌ S3 upload failed for albany/misc/general/2013/July15.pdf: The request signature we calculated does not match the signature you provided. Check your key and signing method.
[2026-02-12T04:31:13.767Z] ❌ S3 upload failed for albany/misc/general/2013/Oct14.pdf: The request signature we calculated does not match the signature you provided. Check your key and signing method.
[2026-02-12T04:31:13.769Z]    Progress: 0 uploaded, 0 skipped, 700 failed
[2026-02-12T04:31:13.791Z] ❌ S3 upload failed for albany/misc/general/2013/Oct7.pdf: The request signature we calculated does not match the signature you provided. Check your key and signing method.
[2026-02-12T04:31:13.803Z] ❌ S3 upload failed for albany/misc/general/2013/July8.pdf: The request signature we calculated does not match the signature you provided. Check your key and signing method.
[2026-02-12T04:31:13.815Z] ❌ S3 upload failed for albany/misc/general/2013/Sept23.pdf: The request signature we calculated does not match the signature you provided. Check your key and signing method.
[2026-02-12T04:31:13.837Z] ❌ S3 upload failed for albany/misc/general/2013/July1.pdf: The request signature we calculated does not match the signature you provided. Check your key and signing method.
[2026-02-12T04:31:13.858Z] ❌ S3 upload failed for albany/misc/general/2013/Sept16.pdf: The request signature we calculated does not match the signature you provided. Check your key and signing method.
[2026-02-12T04:31:13.861Z] ❌ S3 upload failed for albany/misc/general/2013/June241.pdf: The request signature we calculated does not match the signature you provided. Check your key and signing method.
[2026-02-12T04:31:13.884Z] ❌ S3 upload failed for albany/misc/general/2013/June17.pdf: The request signature we calculated does not match the signature you provided. Check your key and signing method.
[2026-02-12T04:31:13.893Z] ❌ S3 upload failed for albany/misc/general/2013/Sept9.pdf: The request signature we calculated does not match the signature you provided. Check your key and signing method.
[2026-02-12T04:31:13.909Z] ❌ S3 upload failed for albany/misc/general/2013/June10.pdf: The request signature we calculated does not match the signature you provided. Check your key and signing method.
[2026-02-12T04:31:13.919Z] ❌ S3 upload failed for albany/misc/general/2013/Sept2.pdf: The request signature we calculated does not match the signature you provided. Check your key and signing method.
[2026-02-12T04:31:13.935Z] ❌ S3 upload failed for albany/misc/general/2013/June3.pdf: The request signature we calculated does not match the signature you provided. Check your key and signing method.
[2026-02-12T04:31:13.941Z] ❌ S3 upload failed for albany/misc/general/2013/Aug19.pdf: The request signature we calculated does not match the signature you provided. Check your key and signing method.
[2026-02-12T04:31:13.962Z] ❌ S3 upload failed for albany/misc/general/2013/May27.pdf: The request signature we calculated does not match the signature you provided. Check your key and signing method.
[2026-02-12T04:31:13.993Z] ❌ S3 upload failed for albany/misc/general/2013/May20.pdf: The request signature we calculated does not match the signature you provided. Check your key and signing method.
[2026-02-12T04:31:14.009Z] ❌ S3 upload failed for albany/misc/general/2013/Aug12.pdf: The request signature we calculated does not match the signature you provided. Check your key and signing method.
[2026-02-12T04:31:14.016Z] ❌ S3 upload failed for albany/misc/general/2013/May13.pdf: The request signature we calculated does not match the signature you provided. Check your key and signing method.
[2026-02-12T04:31:14.034Z] ❌ S3 upload failed for albany/misc/general/2013/Aug5.pdf: The request signature we calculated does not match the signature you provided. Check your key and signing method.
[2026-02-12T04:31:14.077Z] ❌ S3 upload failed for albany/misc/general/2013/May6.pdf: The request signature we calculated does not match the signature you provided. Check your key and signing method.
[2026-02-12T04:31:14.112Z] ❌ S3 upload failed for albany/misc/general/2013/April29.pdf: The request signature we calculated does not match the signature you provided. Check your key and signing method.
[2026-02-12T04:31:14.120Z] ❌ S3 upload failed for albany/misc/general/2013/July22.pdf: The request signature we calculated does not match the signature you provided. Check your key and signing method.
[2026-02-12T04:31:14.141Z] ❌ S3 upload failed for albany/misc/general/2013/April15.pdf: The request signature we calculated does not match the signature you provided. Check your key and signing method.
[2026-02-12T04:31:14.157Z] ❌ S3 upload failed for albany/misc/general/2013/July151.pdf: The request signature we calculated does not match the signature you provided. Check your key and signing method.
[2026-02-12T04:31:14.182Z] ❌ S3 upload failed for albany/misc/general/2013/April8.pdf: The request signature we calculated does not match the signature you provided. Check your key and signing method.
[2026-02-12T04:31:14.190Z] ❌ S3 upload failed for albany/misc/general/2013/July15.pdf: The request signature we calculated does not match the signature you provided. Check your key and signing method.
[2026-02-12T04:31:14.206Z] ❌ S3 upload failed for albany/misc/general/2013/April1.pdf: The request signature we calculated does not match the signature you provided. Check your key and signing method.
[2026-02-12T04:31:14.216Z] ❌ S3 upload failed for albany/misc/general/2013/July8.pdf: The request signature we calculated does not match the signature you provided. Check your key and signing method.
[2026-02-12T04:31:14.227Z] ❌ S3 upload failed for albany/misc/general/2013/March25.pdf: The request signature we calculated does not match the signature you provided. Check your key and signing method.
[2026-02-12T04:31:14.251Z] ❌ S3 upload failed for albany/misc/general/2013/March11.pdf: The request signature we calculated does not match the signature you provided. Check your key and signing method.
[2026-02-12T04:31:14.282Z] ❌ S3 upload failed for albany/misc/general/2013/March4.pdf: The request signature we calculated does not match the signature you provided. Check your key and signing method.
[2026-02-12T04:31:14.289Z] ❌ S3 upload failed for albany/misc/general/2013/July1.pdf: The request signature we calculated does not match the signature you provided. Check your key and signing method.
[2026-02-12T04:31:14.307Z] ❌ S3 upload failed for albany/misc/general/2013/Feb25.pdf: The request signature we calculated does not match the signature you provided. Check your key and signing method.
[2026-02-12T04:31:14.314Z] ❌ S3 upload failed for albany/misc/general/2013/June241.pdf: The request signature we calculated does not match the signature you provided. Check your key and signing method.
[2026-02-12T04:31:14.332Z] ❌ S3 upload failed for albany/misc/general/2013/Feb18.pdf: The request signature we calculated does not match the signature you provided. Check your key and signing method.
[2026-02-12T04:31:14.337Z] ❌ S3 upload failed for albany/misc/general/2013/June17.pdf: The request signature we calculated does not match the signature you provided. Check your key and signing method.
[2026-02-12T04:31:14.365Z] ❌ S3 upload failed for albany/misc/general/2013/June10.pdf: The request signature we calculated does not match the signature you provided. Check your key and signing method.
[2026-02-12T04:31:14.366Z] ❌ S3 upload failed for albany/misc/general/2013/Feb11-Amended.pdf: The request signature we calculated does not match the signature you provided. Check your key and signing method.
[2026-02-12T04:31:14.390Z] ❌ S3 upload failed for albany/misc/general/2013/June3.pdf: The request signature we calculated does not match the signature you provided. Check your key and signing method.
[2026-02-12T04:31:14.392Z] ❌ S3 upload failed for albany/misc/general/2013/Feb11.pdf: The request signature we calculated does not match the signature you provided. Check your key and signing method.
[2026-02-12T04:31:14.412Z] ❌ S3 upload failed for albany/misc/general/2013/Feb4.pdf: The request signature we calculated does not match the signature you provided. Check your key and signing method.
[2026-02-12T04:31:14.417Z] ❌ S3 upload failed for albany/misc/general/2013/May27.pdf: The request signature we calculated does not match the signature you provided. Check your key and signing method.
[2026-02-12T04:31:14.441Z] ❌ S3 upload failed for albany/misc/general/2013/Jan28.pdf: The request signature we calculated does not match the signature you provided. Check your key and signing method.
[2026-02-12T04:31:14.442Z] ❌ S3 upload failed for albany/misc/general/2013/May20.pdf: The request signature we calculated does not match the signature you provided. Check your key and signing method.
[2026-02-12T04:31:14.468Z] ❌ S3 upload failed for albany/misc/general/2013/Jan28NP.pdf: The request signature we calculated does not match the signature you provided. Check your key and signing method.
[2026-02-12T04:31:14.474Z] ❌ S3 upload failed for albany/misc/general/2013/May13.pdf: The request signature we calculated does not match the signature you provided. Check your key and signing method.
[2026-02-12T04:31:14.495Z] ❌ S3 upload failed for albany/misc/general/2013/Jan212.pdf: The request signature we calculated does not match the signature you provided. Check your key and signing method.
[2026-02-12T04:31:14.496Z] ❌ S3 upload failed for albany/misc/general/2013/May6.pdf: The request signature we calculated does not match the signature you provided. Check your key and signing method.
[2026-02-12T04:31:14.521Z] ❌ S3 upload failed for albany/misc/general/2013/Jan14.pdf: The request signature we calculated does not match the signature you provided. Check your key and signing method.
[2026-02-12T04:31:14.526Z] ❌ S3 upload failed for albany/misc/general/2013/April29.pdf: The request signature we calculated does not match the signature you provided. Check your key and signing method.
[2026-02-12T04:31:14.543Z] ❌ S3 upload failed for albany/misc/general/2013/Jan7.pdf: The request signature we calculated does not match the signature you provided. Check your key and signing method.
[2026-02-12T04:31:14.555Z] ❌ S3 upload failed for albany/misc/general/2013/April15.pdf: The request signature we calculated does not match the signature you provided. Check your key and signing method.
[2026-02-12T04:31:14.602Z] ❌ S3 upload failed for albany/misc/general/2013/April8.pdf: The request signature we calculated does not match the signature you provided. Check your key and signing method.
[2026-02-12T04:31:14.606Z] ❌ S3 upload failed for albany/misc/general/2013/Jan7NP1.pdf: The request signature we calculated does not match the signature you provided. Check your key and signing method.
[2026-02-12T04:31:14.637Z] ❌ S3 upload failed for albany/misc/general/2013/Dec17.pdf: The request signature we calculated does not match the signature you provided. Check your key and signing method.
[2026-02-12T04:31:14.647Z] ❌ S3 upload failed for albany/misc/general/2013/April1.pdf: The request signature we calculated does not match the signature you provided. Check your key and signing method.
[2026-02-12T04:31:14.669Z] ❌ S3 upload failed for albany/misc/general/2013/Dec10.pdf: The request signature we calculated does not match the signature you provided. Check your key and signing method.
[2026-02-12T04:31:14.675Z] ❌ S3 upload failed for albany/misc/general/2013/March25.pdf: The request signature we calculated does not match the signature you provided. Check your key and signing method.
[2026-02-12T04:31:14.698Z] ❌ S3 upload failed for albany/misc/general/2013/Dec3.pdf: The request signature we calculated does not match the signature you provided. Check your key and signing method.
[2026-02-12T04:31:14.698Z] ❌ S3 upload failed for albany/misc/general/2013/March11.pdf: The request signature we calculated does not match the signature you provided. Check your key and signing method.
[2026-02-12T04:31:14.721Z] ❌ S3 upload failed for albany/misc/general/2013/Nov19.pdf: The request signature we calculated does not match the signature you provided. Check your key and signing method.
[2026-02-12T04:31:14.727Z] ❌ S3 upload failed for albany/misc/general/2013/March4.pdf: The request signature we calculated does not match the signature you provided. Check your key and signing method.
[2026-02-12T04:31:14.751Z] ❌ S3 upload failed for albany/misc/general/2013/Nov51.pdf: The request signature we calculated does not match the signature you provided. Check your key and signing method.
[2026-02-12T04:31:14.752Z] ❌ S3 upload failed for albany/misc/general/2013/Feb25.pdf: The request signature we calculated does not match the signature you provided. Check your key and signing method.
[2026-02-12T04:31:14.776Z] ❌ S3 upload failed for albany/misc/general/2013/Oct29.pdf: The request signature we calculated does not match the signature you provided. Check your key and signing method.
[2026-02-12T04:31:14.777Z] ❌ S3 upload failed for albany/misc/general/2013/Feb18.pdf: The request signature we calculated does not match the signature you provided. Check your key and signing method.
[2026-02-12T04:31:14.798Z] ❌ S3 upload failed for albany/misc/general/2013/Oct15.pdf: The request signature we calculated does not match the signature you provided. Check your key and signing method.
[2026-02-12T04:31:14.837Z] ❌ S3 upload failed for albany/misc/general/2013/Feb11-Amended.pdf: The request signature we calculated does not match the signature you provided. Check your key and signing method.
[2026-02-12T04:31:14.843Z] ❌ S3 upload failed for albany/misc/general/2013/Oct81.pdf: The request signature we calculated does not match the signature you provided. Check your key and signing method.
[2026-02-12T04:31:14.872Z] ❌ S3 upload failed for albany/misc/general/2013/Feb11.pdf: The request signature we calculated does not match the signature you provided. Check your key and signing method.
[2026-02-12T04:31:14.874Z] ❌ S3 upload failed for albany/misc/general/2013/Oct8.pdf: The request signature we calculated does not match the signature you provided. Check your key and signing method.
[2026-02-12T04:31:14.924Z] ❌ S3 upload failed for albany/misc/general/2013/Feb4.pdf: The request signature we calculated does not match the signature you provided. Check your key and signing method.
[2026-02-12T04:31:14.937Z] ❌ S3 upload failed for albany/misc/general/2013/Oct11.pdf: The request signature we calculated does not match the signature you provided. Check your key and signing method.
[2026-02-12T04:31:14.952Z] ❌ S3 upload failed for albany/misc/general/2013/Jan28.pdf: The request signature we calculated does not match the signature you provided. Check your key and signing method.
[2026-02-12T04:31:14.955Z] ❌ S3 upload failed for albany/misc/general/2013/Sept24.pdf: The request signature we calculated does not match the signature you provided. Check your key and signing method.
[2026-02-12T04:31:14.956Z]    Progress: 0 uploaded, 0 skipped, 750 failed
[2026-02-12T04:31:14.981Z] ❌ S3 upload failed for albany/misc/general/2013/Sept10.pdf: The request signature we calculated does not match the signature you provided. Check your key and signing method.
[2026-02-12T04:31:14.991Z] ❌ S3 upload failed for albany/misc/general/2013/Jan28NP.pdf: The request signature we calculated does not match the signature you provided. Check your key and signing method.
[2026-02-12T04:31:15.003Z] ❌ S3 upload failed for albany/misc/general/2013/Sept3Amended.pdf: The request signature we calculated does not match the signature you provided. Check your key and signing method.
[2026-02-12T04:31:15.020Z] ❌ S3 upload failed for albany/misc/general/2013/Jan212.pdf: The request signature we calculated does not match the signature you provided. Check your key and signing method.
[2026-02-12T04:31:15.030Z] ❌ S3 upload failed for albany/misc/general/2013/Aug27.pdf: The request signature we calculated does not match the signature you provided. Check your key and signing method.
[2026-02-12T04:31:15.042Z] ❌ S3 upload failed for albany/misc/general/2013/Jan14.pdf: The request signature we calculated does not match the signature you provided. Check your key and signing method.
[2026-02-12T04:31:15.048Z] ❌ S3 upload failed for albany/misc/general/2013/Aug20.pdf: The request signature we calculated does not match the signature you provided. Check your key and signing method.
[2026-02-12T04:31:15.062Z] ❌ S3 upload failed for albany/misc/general/2013/Jan7.pdf: The request signature we calculated does not match the signature you provided. Check your key and signing method.
[2026-02-12T04:31:15.069Z] ❌ S3 upload failed for albany/misc/general/2013/Aug13-Amended.pdf: The request signature we calculated does not match the signature you provided. Check your key and signing method.
[2026-02-12T04:31:15.082Z] ❌ S3 upload failed for albany/misc/general/2013/Jan7NP1.pdf: The request signature we calculated does not match the signature you provided. Check your key and signing method.
[2026-02-12T04:31:15.092Z] ❌ S3 upload failed for albany/misc/general/2013/Aug13.pdf: The request signature we calculated does not match the signature you provided. Check your key and signing method.
[2026-02-12T04:31:15.117Z] ❌ S3 upload failed for albany/misc/general/2013/Dec17.pdf: The request signature we calculated does not match the signature you provided. Check your key and signing method.
[2026-02-12T04:31:15.121Z] ❌ S3 upload failed for albany/misc/general/2013/July30.pdf: The request signature we calculated does not match the signature you provided. Check your key and signing method.
[2026-02-12T04:31:15.141Z] ❌ S3 upload failed for albany/misc/general/2013/July23.pdf: The request signature we calculated does not match the signature you provided. Check your key and signing method.
[2026-02-12T04:31:15.168Z] ❌ S3 upload failed for albany/misc/general/2013/July9.pdf: The request signature we calculated does not match the signature you provided. Check your key and signing method.
[2026-02-12T04:31:15.196Z] ❌ S3 upload failed for albany/misc/general/2013/July2.pdf: The request signature we calculated does not match the signature you provided. Check your key and signing method.
[2026-02-12T04:31:15.204Z] ❌ S3 upload failed for albany/misc/general/2013/Dec10.pdf: The request signature we calculated does not match the signature you provided. Check your key and signing method.
[2026-02-12T04:31:15.226Z] ❌ S3 upload failed for albany/misc/general/2013/June24.pdf: The request signature we calculated does not match the signature you provided. Check your key and signing method.
[2026-02-12T04:31:15.231Z] ❌ S3 upload failed for albany/misc/general/2013/Dec3.pdf: The request signature we calculated does not match the signature you provided. Check your key and signing method.
[2026-02-12T04:31:15.273Z] ❌ S3 upload failed for albany/misc/general/2013/June18.pdf: The request signature we calculated does not match the signature you provided. Check your key and signing method.
[2026-02-12T04:31:15.289Z] ❌ S3 upload failed for albany/misc/general/2013/Nov19.pdf: The request signature we calculated does not match the signature you provided. Check your key and signing method.
[2026-02-12T04:31:15.326Z] ❌ S3 upload failed for albany/misc/general/2013/June11.pdf: The request signature we calculated does not match the signature you provided. Check your key and signing method.
[2026-02-12T04:31:15.362Z] ❌ S3 upload failed for albany/misc/general/2013/June4.pdf: The request signature we calculated does not match the signature you provided. Check your key and signing method.
[2026-02-12T04:31:15.377Z] ❌ S3 upload failed for albany/misc/general/2013/Nov51.pdf: The request signature we calculated does not match the signature you provided. Check your key and signing method.
[2026-02-12T04:31:15.390Z] ❌ S3 upload failed for albany/misc/general/2013/May28.pdf: The request signature we calculated does not match the signature you provided. Check your key and signing method.
[2026-02-12T04:31:15.403Z] ❌ S3 upload failed for albany/misc/general/2013/Oct29.pdf: The request signature we calculated does not match the signature you provided. Check your key and signing method.
[2026-02-12T04:31:15.421Z] ❌ S3 upload failed for albany/misc/general/2013/Oct15.pdf: The request signature we calculated does not match the signature you provided. Check your key and signing method.
[2026-02-12T04:31:15.422Z] ❌ S3 upload failed for albany/misc/general/2013/May21.pdf: The request signature we calculated does not match the signature you provided. Check your key and signing method.
[2026-02-12T04:31:15.451Z] ❌ S3 upload failed for albany/misc/general/2013/Oct81.pdf: The request signature we calculated does not match the signature you provided. Check your key and signing method.
[2026-02-12T04:31:15.457Z] ❌ S3 upload failed for albany/misc/general/2013/May14.pdf: The request signature we calculated does not match the signature you provided. Check your key and signing method.
[2026-02-12T04:31:15.479Z] ❌ S3 upload failed for albany/misc/general/2013/Oct8.pdf: The request signature we calculated does not match the signature you provided. Check your key and signing method.
[2026-02-12T04:31:15.486Z] ❌ S3 upload failed for albany/misc/general/2013/May7.pdf: The request signature we calculated does not match the signature you provided. Check your key and signing method.
[2026-02-12T04:31:15.510Z] ❌ S3 upload failed for albany/misc/general/2013/April30.pdf: The request signature we calculated does not match the signature you provided. Check your key and signing method.
[2026-02-12T04:31:15.510Z] ❌ S3 upload failed for albany/misc/general/2013/Oct11.pdf: The request signature we calculated does not match the signature you provided. Check your key and signing method.
[2026-02-12T04:31:15.536Z] ❌ S3 upload failed for albany/misc/general/2013/April23.pdf: The request signature we calculated does not match the signature you provided. Check your key and signing method.
[2026-02-12T04:31:15.563Z] ❌ S3 upload failed for albany/misc/general/2013/Sept24.pdf: The request signature we calculated does not match the signature you provided. Check your key and signing method.
[2026-02-12T04:31:15.564Z]    Progress: 0 uploaded, 0 skipped, 750 failed
[2026-02-12T04:31:15.580Z] ❌ S3 upload failed for albany/misc/general/2013/April9.pdf: The request signature we calculated does not match the signature you provided. Check your key and signing method.
[2026-02-12T04:31:15.597Z] ❌ S3 upload failed for albany/misc/general/2013/Sept10.pdf: The request signature we calculated does not match the signature you provided. Check your key and signing method.
[2026-02-12T04:31:15.602Z] ❌ S3 upload failed for albany/misc/general/2013/April21.pdf: The request signature we calculated does not match the signature you provided. Check your key and signing method.
[2026-02-12T04:31:15.623Z] ❌ S3 upload failed for albany/misc/general/2013/Sept3Amended.pdf: The request signature we calculated does not match the signature you provided. Check your key and signing method.
[2026-02-12T04:31:15.629Z] ❌ S3 upload failed for albany/misc/general/2013/April2.pdf: The request signature we calculated does not match the signature you provided. Check your key and signing method.
[2026-02-12T04:31:15.649Z] ❌ S3 upload failed for albany/misc/general/2013/Aug27.pdf: The request signature we calculated does not match the signature you provided. Check your key and signing method.
[2026-02-12T04:31:15.653Z] ❌ S3 upload failed for albany/misc/general/2013/March261.pdf: The request signature we calculated does not match the signature you provided. Check your key and signing method.
[2026-02-12T04:31:15.674Z] ❌ S3 upload failed for albany/misc/general/2013/Aug20.pdf: The request signature we calculated does not match the signature you provided. Check your key and signing method.
[2026-02-12T04:31:15.675Z] ❌ S3 upload failed for albany/misc/general/2013/March26.pdf: The request signature we calculated does not match the signature you provided. Check your key and signing method.
[2026-02-12T04:31:15.704Z] ❌ S3 upload failed for albany/misc/general/2013/Aug13-Amended.pdf: The request signature we calculated does not match the signature you provided. Check your key and signing method.
[2026-02-12T04:31:15.705Z] ❌ S3 upload failed for albany/misc/general/2013/March191.pdf: The request signature we calculated does not match the signature you provided. Check your key and signing method.
[2026-02-12T04:31:15.727Z] ❌ S3 upload failed for albany/misc/general/2013/March19.pdf: The request signature we calculated does not match the signature you provided. Check your key and signing method.
[2026-02-12T04:31:15.731Z] ❌ S3 upload failed for albany/misc/general/2013/Aug13.pdf: The request signature we calculated does not match the signature you provided. Check your key and signing method.
[2026-02-12T04:31:15.756Z] ❌ S3 upload failed for albany/misc/general/2013/March51.pdf: The request signature we calculated does not match the signature you provided. Check your key and signing method.
[2026-02-12T04:31:15.761Z] ❌ S3 upload failed for albany/misc/general/2013/July30.pdf: The request signature we calculated does not match the signature you provided. Check your key and signing method.
[2026-02-12T04:31:15.781Z] ❌ S3 upload failed for albany/misc/general/2013/Feb26.pdf: The request signature we calculated does not match the signature you provided. Check your key and signing method.
[2026-02-12T04:31:15.808Z] ❌ S3 upload failed for albany/misc/general/2013/July23.pdf: The request signature we calculated does not match the signature you provided. Check your key and signing method.
[2026-02-12T04:31:15.814Z] ❌ S3 upload failed for albany/misc/general/2013/Feb191.pdf: The request signature we calculated does not match the signature you provided. Check your key and signing method.
[2026-02-12T04:31:15.836Z] ❌ S3 upload failed for albany/misc/general/2013/July9.pdf: The request signature we calculated does not match the signature you provided. Check your key and signing method.
[2026-02-12T04:31:15.837Z] ❌ S3 upload failed for albany/misc/general/2013/Feb121.pdf: The request signature we calculated does not match the signature you provided. Check your key and signing method.
[2026-02-12T04:31:15.868Z] ❌ S3 upload failed for albany/misc/general/2013/Feb12NP.pdf: The request signature we calculated does not match the signature you provided. Check your key and signing method.
[2026-02-12T04:31:15.877Z] ❌ S3 upload failed for albany/misc/general/2013/July2.pdf: The request signature we calculated does not match the signature you provided. Check your key and signing method.
[2026-02-12T04:31:15.893Z] ❌ S3 upload failed for albany/misc/general/2013/Feb61.pdf: The request signature we calculated does not match the signature you provided. Check your key and signing method.
[2026-02-12T04:31:15.901Z] ❌ S3 upload failed for albany/misc/general/2013/June24.pdf: The request signature we calculated does not match the signature you provided. Check your key and signing method.
[2026-02-12T04:31:15.922Z] ❌ S3 upload failed for albany/misc/general/2013/Feb6NP.pdf: The request signature we calculated does not match the signature you provided. Check your key and signing method.
[2026-02-12T04:31:15.928Z] ❌ S3 upload failed for albany/misc/general/2013/June18.pdf: The request signature we calculated does not match the signature you provided. Check your key and signing method.
[2026-02-12T04:31:15.948Z] ❌ S3 upload failed for albany/misc/general/2013/Jan291.pdf: The request signature we calculated does not match the signature you provided. Check your key and signing method.
[2026-02-12T04:31:15.958Z] ❌ S3 upload failed for albany/misc/general/2013/June11.pdf: The request signature we calculated does not match the signature you provided. Check your key and signing method.
[2026-02-12T04:31:15.972Z] ❌ S3 upload failed for albany/misc/general/2013/Jan211.pdf: The request signature we calculated does not match the signature you provided. Check your key and signing method.
[2026-02-12T04:31:15.988Z] ❌ S3 upload failed for albany/misc/general/2013/June4.pdf: The request signature we calculated does not match the signature you provided. Check your key and signing method.
[2026-02-12T04:31:16.005Z] ❌ S3 upload failed for albany/misc/general/2013/Jan151.pdf: The request signature we calculated does not match the signature you provided. Check your key and signing method.
[2026-02-12T04:31:16.012Z] ❌ S3 upload failed for albany/misc/general/2013/May28.pdf: The request signature we calculated does not match the signature you provided. Check your key and signing method.
[2026-02-12T04:31:16.029Z] ❌ S3 upload failed for albany/misc/general/2013/Jan81.pdf: The request signature we calculated does not match the signature you provided. Check your key and signing method.
[2026-02-12T04:31:16.036Z] ❌ S3 upload failed for albany/misc/general/2013/May21.pdf: The request signature we calculated does not match the signature you provided. Check your key and signing method.
[2026-02-12T04:31:16.058Z] ❌ S3 upload failed for albany/misc/general/2013/March20.pdf: The request signature we calculated does not match the signature you provided. Check your key and signing method.
[2026-02-12T04:31:16.059Z] ❌ S3 upload failed for albany/misc/general/2013/May14.pdf: The request signature we calculated does not match the signature you provided. Check your key and signing method.
[2026-02-12T04:31:16.086Z] ❌ S3 upload failed for albany/misc/general/2013/May7.pdf: The request signature we calculated does not match the signature you provided. Check your key and signing method.
[2026-02-12T04:31:16.087Z] ❌ S3 upload failed for albany/misc/general/2013/March27.pdf: The request signature we calculated does not match the signature you provided. Check your key and signing method.
[2026-02-12T04:31:16.113Z] ❌ S3 upload failed for albany/misc/general/2013/April3.pdf: The request signature we calculated does not match the signature you provided. Check your key and signing method.
[2026-02-12T04:31:16.118Z] ❌ S3 upload failed for albany/misc/general/2013/April30.pdf: The request signature we calculated does not match the signature you provided. Check your key and signing method.
[2026-02-12T04:31:16.139Z] ❌ S3 upload failed for albany/misc/general/2013/April10.pdf: The request signature we calculated does not match the signature you provided. Check your key and signing method.
[2026-02-12T04:31:16.147Z] ❌ S3 upload failed for albany/misc/general/2013/April23.pdf: The request signature we calculated does not match the signature you provided. Check your key and signing method.
[2026-02-12T04:31:16.162Z] ❌ S3 upload failed for albany/misc/general/2013/April171.pdf: The request signature we calculated does not match the signature you provided. Check your key and signing method.
[2026-02-12T04:31:16.169Z] ❌ S3 upload failed for albany/misc/general/2013/April9.pdf: The request signature we calculated does not match the signature you provided. Check your key and signing method.
[2026-02-12T04:31:16.188Z] ❌ S3 upload failed for albany/misc/general/2013/May8.pdf: The request signature we calculated does not match the signature you provided. Check your key and signing method.
[2026-02-12T04:31:16.212Z] ❌ S3 upload failed for albany/misc/general/2013/May22.pdf: The request signature we calculated does not match the signature you provided. Check your key and signing method.
[2026-02-12T04:31:16.230Z] ❌ S3 upload failed for albany/misc/general/2013/April21.pdf: The request signature we calculated does not match the signature you provided. Check your key and signing method.
[2026-02-12T04:31:16.250Z] ❌ S3 upload failed for albany/misc/general/2013/June5.pdf: The request signature we calculated does not match the signature you provided. Check your key and signing method.
[2026-02-12T04:31:16.253Z] ❌ S3 upload failed for albany/misc/general/2013/April2.pdf: The request signature we calculated does not match the signature you provided. Check your key and signing method.
[2026-02-12T04:31:16.284Z] ❌ S3 upload failed for albany/misc/general/2013/June12.pdf: The request signature we calculated does not match the signature you provided. Check your key and signing method.
[2026-02-12T04:31:16.288Z] ❌ S3 upload failed for albany/misc/general/2013/March261.pdf: The request signature we calculated does not match the signature you provided. Check your key and signing method.
[2026-02-12T04:31:16.309Z] ❌ S3 upload failed for albany/misc/general/2013/June12-Amended.pdf: The request signature we calculated does not match the signature you provided. Check your key and signing method.
[2026-02-12T04:31:16.312Z] ❌ S3 upload failed for albany/misc/general/2013/March26.pdf: The request signature we calculated does not match the signature you provided. Check your key and signing method.
[2026-02-12T04:31:16.335Z] ❌ S3 upload failed for albany/misc/general/2013/June19.pdf: The request signature we calculated does not match the signature you provided. Check your key and signing method.
[2026-02-12T04:31:16.344Z] ❌ S3 upload failed for albany/misc/general/2013/March191.pdf: The request signature we calculated does not match the signature you provided. Check your key and signing method.
[2026-02-12T04:31:16.358Z] ❌ S3 upload failed for albany/misc/general/2013/June26.pdf: The request signature we calculated does not match the signature you provided. Check your key and signing method.
[2026-02-12T04:31:16.370Z]    Progress: 0 uploaded, 0 skipped, 800 failed
[2026-02-12T04:31:16.382Z] ❌ S3 upload failed for albany/misc/general/2013/March19.pdf: The request signature we calculated does not match the signature you provided. Check your key and signing method.
[2026-02-12T04:31:16.406Z] ❌ S3 upload failed for albany/misc/general/2013/July3.pdf: The request signature we calculated does not match the signature you provided. Check your key and signing method.
[2026-02-12T04:31:16.415Z] ❌ S3 upload failed for albany/misc/general/2013/March51.pdf: The request signature we calculated does not match the signature you provided. Check your key and signing method.
[2026-02-12T04:31:16.440Z] ❌ S3 upload failed for albany/misc/general/2013/Feb26.pdf: The request signature we calculated does not match the signature you provided. Check your key and signing method.
[2026-02-12T04:31:16.451Z] ❌ S3 upload failed for albany/misc/general/2013/July10.pdf: The request signature we calculated does not match the signature you provided. Check your key and signing method.
[2026-02-12T04:31:16.476Z] ❌ S3 upload failed for albany/misc/general/2013/Feb191.pdf: The request signature we calculated does not match the signature you provided. Check your key and signing method.
[2026-02-12T04:31:16.492Z] ❌ S3 upload failed for albany/misc/general/2013/July24.pdf: The request signature we calculated does not match the signature you provided. Check your key and signing method.
[2026-02-12T04:31:16.502Z] ❌ S3 upload failed for albany/misc/general/2013/Feb121.pdf: The request signature we calculated does not match the signature you provided. Check your key and signing method.
[2026-02-12T04:31:16.519Z] ❌ S3 upload failed for albany/misc/general/2013/Aug7.pdf: The request signature we calculated does not match the signature you provided. Check your key and signing method.
[2026-02-12T04:31:16.526Z] ❌ S3 upload failed for albany/misc/general/2013/Feb12NP.pdf: The request signature we calculated does not match the signature you provided. Check your key and signing method.
[2026-02-12T04:31:16.547Z] ❌ S3 upload failed for albany/misc/general/2013/Aug141.pdf: The request signature we calculated does not match the signature you provided. Check your key and signing method.
[2026-02-12T04:31:16.555Z] ❌ S3 upload failed for albany/misc/general/2013/Feb61.pdf: The request signature we calculated does not match the signature you provided. Check your key and signing method.
[2026-02-12T04:31:16.571Z] ❌ S3 upload failed for albany/misc/general/2013/Aug21.pdf: The request signature we calculated does not match the signature you provided. Check your key and signing method.
[2026-02-12T04:31:16.625Z] ❌ S3 upload failed for albany/misc/general/2013/Aug281.pdf: The request signature we calculated does not match the signature you provided. Check your key and signing method.
[2026-02-12T04:31:16.631Z] ❌ S3 upload failed for albany/misc/general/2013/Feb6NP.pdf: The request signature we calculated does not match the signature you provided. Check your key and signing method.
[2026-02-12T04:31:16.651Z] ❌ S3 upload failed for albany/misc/general/2013/Sept4.pdf: The request signature we calculated does not match the signature you provided. Check your key and signing method.
[2026-02-12T04:31:16.670Z] ❌ S3 upload failed for albany/misc/general/2013/Jan291.pdf: The request signature we calculated does not match the signature you provided. Check your key and signing method.
[2026-02-12T04:31:16.676Z] ❌ S3 upload failed for albany/misc/general/2013/Sept11.pdf: The request signature we calculated does not match the signature you provided. Check your key and signing method.
[2026-02-12T04:31:16.711Z] ❌ S3 upload failed for albany/misc/general/2013/Jan211.pdf: The request signature we calculated does not match the signature you provided. Check your key and signing method.
[2026-02-12T04:31:16.730Z] ❌ S3 upload failed for albany/misc/general/2013/Sept18.pdf: The request signature we calculated does not match the signature you provided. Check your key and signing method.
[2026-02-12T04:31:16.743Z] ❌ S3 upload failed for albany/misc/general/2013/Jan151.pdf: The request signature we calculated does not match the signature you provided. Check your key and signing method.
[2026-02-12T04:31:16.756Z] ❌ S3 upload failed for albany/misc/general/2013/Sept25.pdf: The request signature we calculated does not match the signature you provided. Check your key and signing method.
[2026-02-12T04:31:16.768Z] ❌ S3 upload failed for albany/misc/general/2013/Jan81.pdf: The request signature we calculated does not match the signature you provided. Check your key and signing method.
[2026-02-12T04:31:16.785Z] ❌ S3 upload failed for albany/misc/general/2013/Oct2.pdf: The request signature we calculated does not match the signature you provided. Check your key and signing method.
[2026-02-12T04:31:16.800Z] ❌ S3 upload failed for albany/misc/general/2013/March20.pdf: The request signature we calculated does not match the signature you provided. Check your key and signing method.
[2026-02-12T04:31:16.813Z] ❌ S3 upload failed for albany/misc/general/2013/Oct9.pdf: The request signature we calculated does not match the signature you provided. Check your key and signing method.
[2026-02-12T04:31:16.827Z] ❌ S3 upload failed for albany/misc/general/2013/March27.pdf: The request signature we calculated does not match the signature you provided. Check your key and signing method.
[2026-02-12T04:31:16.838Z] ❌ S3 upload failed for albany/misc/general/2013/Oct16.pdf: The request signature we calculated does not match the signature you provided. Check your key and signing method.
[2026-02-12T04:31:16.855Z] ❌ S3 upload failed for albany/misc/general/2013/April3.pdf: The request signature we calculated does not match the signature you provided. Check your key and signing method.
[2026-02-12T04:31:16.863Z] ❌ S3 upload failed for albany/misc/general/2013/Oct23.pdf: The request signature we calculated does not match the signature you provided. Check your key and signing method.
[2026-02-12T04:31:16.879Z] ❌ S3 upload failed for albany/misc/general/2013/April10.pdf: The request signature we calculated does not match the signature you provided. Check your key and signing method.
[2026-02-12T04:31:16.884Z] ❌ S3 upload failed for albany/misc/general/2013/Nov6.pdf: The request signature we calculated does not match the signature you provided. Check your key and signing method.
[2026-02-12T04:31:16.902Z] ❌ S3 upload failed for albany/misc/general/2013/April171.pdf: The request signature we calculated does not match the signature you provided. Check your key and signing method.
[2026-02-12T04:31:16.910Z] ❌ S3 upload failed for albany/misc/general/2013/Nov13.pdf: The request signature we calculated does not match the signature you provided. Check your key and signing method.
[2026-02-12T04:31:16.924Z] ❌ S3 upload failed for albany/misc/general/2013/May8.pdf: The request signature we calculated does not match the signature you provided. Check your key and signing method.
[2026-02-12T04:31:16.937Z] ❌ S3 upload failed for albany/misc/general/2013/Nov20.pdf: The request signature we calculated does not match the signature you provided. Check your key and signing method.
[2026-02-12T04:31:16.948Z] ❌ S3 upload failed for albany/misc/general/2013/May22.pdf: The request signature we calculated does not match the signature you provided. Check your key and signing method.
[2026-02-12T04:31:16.969Z] ❌ S3 upload failed for albany/misc/general/2013/Dec42.pdf: The request signature we calculated does not match the signature you provided. Check your key and signing method.
[2026-02-12T04:31:16.987Z] ❌ S3 upload failed for albany/misc/general/2013/June5.pdf: The request signature we calculated does not match the signature you provided. Check your key and signing method.
[2026-02-12T04:31:16.999Z] ❌ S3 upload failed for albany/misc/general/2013/Dec11.pdf: The request signature we calculated does not match the signature you provided. Check your key and signing method.
[2026-02-12T04:31:17.016Z] ❌ S3 upload failed for albany/misc/general/2013/June12.pdf: The request signature we calculated does not match the signature you provided. Check your key and signing method.
[2026-02-12T04:31:17.021Z] ❌ S3 upload failed for albany/misc/general/2013/Dec18.pdf: The request signature we calculated does not match the signature you provided. Check your key and signing method.
[2026-02-12T04:31:17.048Z] ❌ S3 upload failed for albany/misc/general/unknown/Jan2.pdf: The request signature we calculated does not match the signature you provided. Check your key and signing method.
[2026-02-12T04:31:17.073Z] ❌ S3 upload failed for albany/misc/general/unknown/Feb13.pdf: The request signature we calculated does not match the signature you provided. Check your key and signing method.
[2026-02-12T04:31:17.090Z] ❌ S3 upload failed for albany/misc/general/2013/June12-Amended.pdf: The request signature we calculated does not match the signature you provided. Check your key and signing method.
[2026-02-12T04:31:17.097Z] ❌ S3 upload failed for albany/misc/general/unknown/Jan9.pdf: The request signature we calculated does not match the signature you provided. Check your key and signing method.
[2026-02-12T04:31:17.117Z] ❌ S3 upload failed for albany/misc/general/2013/June19.pdf: The request signature we calculated does not match the signature you provided. Check your key and signing method.
[2026-02-12T04:31:17.117Z] ❌ S3 upload failed for albany/misc/general/unknown/Feb20.pdf: The request signature we calculated does not match the signature you provided. Check your key and signing method.
[2026-02-12T04:31:17.140Z] ❌ S3 upload failed for albany/misc/general/unknown/Jan14.pdf: The request signature we calculated does not match the signature you provided. Check your key and signing method.
[2026-02-12T04:31:17.142Z] ❌ S3 upload failed for albany/misc/general/2013/June26.pdf: The request signature we calculated does not match the signature you provided. Check your key and signing method.
[2026-02-12T04:31:17.143Z]    Progress: 0 uploaded, 0 skipped, 800 failed
[2026-02-12T04:31:17.167Z] ❌ S3 upload failed for albany/misc/general/unknown/March6.pdf: The request signature we calculated does not match the signature you provided. Check your key and signing method.
[2026-02-12T04:31:17.168Z] ❌ S3 upload failed for albany/misc/general/2013/July3.pdf: The request signature we calculated does not match the signature you provided. Check your key and signing method.
[2026-02-12T04:31:17.191Z] ❌ S3 upload failed for albany/misc/general/unknown/Jan23.pdf: The request signature we calculated does not match the signature you provided. Check your key and signing method.
[2026-02-12T04:31:17.193Z] ❌ S3 upload failed for albany/misc/general/2013/July10.pdf: The request signature we calculated does not match the signature you provided. Check your key and signing method.
[2026-02-12T04:31:17.214Z] ❌ S3 upload failed for albany/misc/general/unknown/March13.pdf: The request signature we calculated does not match the signature you provided. Check your key and signing method.
[2026-02-12T04:31:17.221Z] ❌ S3 upload failed for albany/misc/general/2013/July24.pdf: The request signature we calculated does not match the signature you provided. Check your key and signing method.
[2026-02-12T04:31:17.234Z] ❌ S3 upload failed for albany/misc/general/unknown/Jan28.pdf: The request signature we calculated does not match the signature you provided. Check your key and signing method.
[2026-02-12T04:31:17.254Z] ❌ S3 upload failed for albany/misc/general/2013/Aug7.pdf: The request signature we calculated does not match the signature you provided. Check your key and signing method.
[2026-02-12T04:31:17.263Z] ❌ S3 upload failed for albany/misc/general/unknown/Feb6.pdf: The request signature we calculated does not match the signature you provided. Check your key and signing method.
[2026-02-12T04:31:17.281Z] ❌ S3 upload failed for albany/misc/general/2013/Aug141.pdf: The request signature we calculated does not match the signature you provided. Check your key and signing method.
[2026-02-12T04:31:17.286Z] ❌ S3 upload failed for albany/misc/general/unknown/Sept26.pdf: The request signature we calculated does not match the signature you provided. Check your key and signing method.
[2026-02-12T04:31:17.310Z] ❌ S3 upload failed for albany/misc/general/2013/Aug21.pdf: The request signature we calculated does not match the signature you provided. Check your key and signing method.
[2026-02-12T04:31:17.314Z] ❌ S3 upload failed for albany/misc/general/unknown/Nov14.pdf: The request signature we calculated does not match the signature you provided. Check your key and signing method.
[2026-02-12T04:31:17.339Z] ❌ S3 upload failed for albany/misc/general/unknown/Oct3.pdf: The request signature we calculated does not match the signature you provided. Check your key and signing method.
[2026-02-12T04:31:17.343Z] ❌ S3 upload failed for albany/misc/general/2013/Aug281.pdf: The request signature we calculated does not match the signature you provided. Check your key and signing method.
[2026-02-12T04:31:17.365Z] ❌ S3 upload failed for albany/misc/general/unknown/Nov28.pdf: The request signature we calculated does not match the signature you provided. Check your key and signing method.
[2026-02-12T04:31:17.367Z] ❌ S3 upload failed for albany/misc/general/2013/Sept4.pdf: The request signature we calculated does not match the signature you provided. Check your key and signing method.
[2026-02-12T04:31:17.390Z] ❌ S3 upload failed for albany/misc/general/2013/Sept11.pdf: The request signature we calculated does not match the signature you provided. Check your key and signing method.
[2026-02-12T04:31:17.390Z] ❌ S3 upload failed for albany/misc/general/unknown/Oct10.pdf: The request signature we calculated does not match the signature you provided. Check your key and signing method.
[2026-02-12T04:31:17.416Z] ❌ S3 upload failed for albany/misc/general/2013/Sept18.pdf: The request signature we calculated does not match the signature you provided. Check your key and signing method.
[2026-02-12T04:31:17.421Z] ❌ S3 upload failed for albany/misc/general/unknown/Dec5.pdf: The request signature we calculated does not match the signature you provided. Check your key and signing method.
[2026-02-12T04:31:17.440Z] ❌ S3 upload failed for albany/misc/general/2013/Sept25.pdf: The request signature we calculated does not match the signature you provided. Check your key and signing method.
[2026-02-12T04:31:17.449Z] ❌ S3 upload failed for albany/misc/general/unknown/Oct17.pdf: The request signature we calculated does not match the signature you provided. Check your key and signing method.
[2026-02-12T04:31:17.468Z] ❌ S3 upload failed for albany/misc/general/2013/Oct2.pdf: The request signature we calculated does not match the signature you provided. Check your key and signing method.
[2026-02-12T04:31:17.479Z] ❌ S3 upload failed for albany/misc/general/unknown/Dec12.pdf: The request signature we calculated does not match the signature you provided. Check your key and signing method.
[2026-02-12T04:31:17.491Z] ❌ S3 upload failed for albany/misc/general/2013/Oct9.pdf: The request signature we calculated does not match the signature you provided. Check your key and signing method.
[2026-02-12T04:31:17.501Z] ❌ S3 upload failed for albany/misc/general/unknown/Oct24.pdf: The request signature we calculated does not match the signature you provided. Check your key and signing method.
[2026-02-12T04:31:17.512Z] ❌ S3 upload failed for albany/misc/general/2013/Oct16.pdf: The request signature we calculated does not match the signature you provided. Check your key and signing method.
[2026-02-12T04:31:17.525Z] ❌ S3 upload failed for albany/misc/general/unknown/Dec19.pdf: The request signature we calculated does not match the signature you provided. Check your key and signing method.
[2026-02-12T04:31:17.537Z] ❌ S3 upload failed for albany/misc/general/2013/Oct23.pdf: The request signature we calculated does not match the signature you provided. Check your key and signing method.
[2026-02-12T04:31:17.551Z] ❌ S3 upload failed for albany/misc/general/unknown/Nov7.pdf: The request signature we calculated does not match the signature you provided. Check your key and signing method.
[2026-02-12T04:31:17.557Z] ❌ S3 upload failed for albany/misc/general/2013/Nov6.pdf: The request signature we calculated does not match the signature you provided. Check your key and signing method.
[2026-02-12T04:31:17.575Z] ❌ S3 upload failed for albany/misc/general/unknown/July25-Amended.pdf: The request signature we calculated does not match the signature you provided. Check your key and signing method.
[2026-02-12T04:31:17.582Z] ❌ S3 upload failed for albany/misc/general/2013/Nov13.pdf: The request signature we calculated does not match the signature you provided. Check your key and signing method.
[2026-02-12T04:31:17.600Z] ❌ S3 upload failed for albany/misc/general/unknown/Aug15.pdf: The request signature we calculated does not match the signature you provided. Check your key and signing method.
[2026-02-12T04:31:17.607Z] ❌ S3 upload failed for albany/misc/general/2013/Nov20.pdf: The request signature we calculated does not match the signature you provided. Check your key and signing method.
[2026-02-12T04:31:17.625Z] ❌ S3 upload failed for albany/misc/general/unknown/July31NP.pdf: The request signature we calculated does not match the signature you provided. Check your key and signing method.
[2026-02-12T04:31:17.630Z] ❌ S3 upload failed for albany/misc/general/2013/Dec42.pdf: The request signature we calculated does not match the signature you provided. Check your key and signing method.
[2026-02-12T04:31:17.648Z] ❌ S3 upload failed for albany/misc/general/unknown/Aug22.pdf: The request signature we calculated does not match the signature you provided. Check your key and signing method.
[2026-02-12T04:31:17.657Z] ❌ S3 upload failed for albany/misc/general/2013/Dec11.pdf: The request signature we calculated does not match the signature you provided. Check your key and signing method.
[2026-02-12T04:31:17.682Z] ❌ S3 upload failed for albany/misc/general/unknown/Aug1.pdf: The request signature we calculated does not match the signature you provided. Check your key and signing method.
[2026-02-12T04:31:17.692Z] ❌ S3 upload failed for albany/misc/general/2013/Dec18.pdf: The request signature we calculated does not match the signature you provided. Check your key and signing method.
[2026-02-12T04:31:17.709Z] ❌ S3 upload failed for albany/misc/general/unknown/Sept5.pdf: The request signature we calculated does not match the signature you provided. Check your key and signing method.
[2026-02-12T04:31:17.723Z] ❌ S3 upload failed for albany/misc/general/unknown/Jan2.pdf: The request signature we calculated does not match the signature you provided. Check your key and signing method.
[2026-02-12T04:31:17.729Z] ❌ S3 upload failed for albany/misc/general/unknown/Aug1-Amended.pdf: The request signature we calculated does not match the signature you provided. Check your key and signing method.
[2026-02-12T04:31:17.754Z] ❌ S3 upload failed for albany/misc/general/unknown/Feb13.pdf: The request signature we calculated does not match the signature you provided. Check your key and signing method.
[2026-02-12T04:31:17.762Z] ❌ S3 upload failed for albany/misc/general/unknown/Sept5-Amended.pdf: The request signature we calculated does not match the signature you provided. Check your key and signing method.
[2026-02-12T04:31:17.764Z]    Progress: 0 uploaded, 0 skipped, 850 failed
[2026-02-12T04:31:17.778Z] ❌ S3 upload failed for albany/misc/general/unknown/Jan9.pdf: The request signature we calculated does not match the signature you provided. Check your key and signing method.
[2026-02-12T04:31:17.797Z] ❌ S3 upload failed for albany/misc/general/unknown/Aug1NP.pdf: The request signature we calculated does not match the signature you provided. Check your key and signing method.
[2026-02-12T04:31:17.798Z] ❌ S3 upload failed for albany/misc/general/unknown/Feb20.pdf: The request signature we calculated does not match the signature you provided. Check your key and signing method.
[2026-02-12T04:31:17.820Z] ❌ S3 upload failed for albany/misc/general/unknown/Sept12.pdf: The request signature we calculated does not match the signature you provided. Check your key and signing method.
[2026-02-12T04:31:17.821Z] ❌ S3 upload failed for albany/misc/general/unknown/Jan14.pdf: The request signature we calculated does not match the signature you provided. Check your key and signing method.
[2026-02-12T04:31:17.846Z] ❌ S3 upload failed for albany/misc/general/unknown/Aug8.pdf: The request signature we calculated does not match the signature you provided. Check your key and signing method.
[2026-02-12T04:31:17.853Z] ❌ S3 upload failed for albany/misc/general/unknown/March6.pdf: The request signature we calculated does not match the signature you provided. Check your key and signing method.
[2026-02-12T04:31:17.886Z] ❌ S3 upload failed for albany/misc/general/unknown/Sept19.pdf: The request signature we calculated does not match the signature you provided. Check your key and signing method.
[2026-02-12T04:31:17.895Z] ❌ S3 upload failed for albany/misc/general/unknown/Jan23.pdf: The request signature we calculated does not match the signature you provided. Check your key and signing method.
[2026-02-12T04:31:17.916Z] ❌ S3 upload failed for albany/misc/general/unknown/April18.pdf: The request signature we calculated does not match the signature you provided. Check your key and signing method.
[2026-02-12T04:31:17.925Z] ❌ S3 upload failed for albany/misc/general/unknown/March13.pdf: The request signature we calculated does not match the signature you provided. Check your key and signing method.
[2026-02-12T04:31:17.953Z] ❌ S3 upload failed for albany/misc/general/unknown/June6.pdf: The request signature we calculated does not match the signature you provided. Check your key and signing method.
[2026-02-12T04:31:17.989Z] ❌ S3 upload failed for albany/misc/general/unknown/April25.pdf: The request signature we calculated does not match the signature you provided. Check your key and signing method.
[2026-02-12T04:31:18.010Z] ❌ S3 upload failed for albany/misc/general/unknown/Jan28.pdf: The request signature we calculated does not match the signature you provided. Check your key and signing method.
[2026-02-12T04:31:18.020Z] ❌ S3 upload failed for albany/misc/general/unknown/June13.pdf: The request signature we calculated does not match the signature you provided. Check your key and signing method.
[2026-02-12T04:31:18.034Z] ❌ S3 upload failed for albany/misc/general/unknown/Feb6.pdf: The request signature we calculated does not match the signature you provided. Check your key and signing method.
[2026-02-12T04:31:18.043Z] ❌ S3 upload failed for albany/misc/general/unknown/May2.pdf: The request signature we calculated does not match the signature you provided. Check your key and signing method.
[2026-02-12T04:31:18.059Z] ❌ S3 upload failed for albany/misc/general/unknown/Sept26.pdf: The request signature we calculated does not match the signature you provided. Check your key and signing method.
[2026-02-12T04:31:18.067Z] ❌ S3 upload failed for albany/misc/general/unknown/June27.pdf: The request signature we calculated does not match the signature you provided. Check your key and signing method.
[2026-02-12T04:31:18.092Z] ❌ S3 upload failed for albany/misc/general/unknown/May9.pdf: The request signature we calculated does not match the signature you provided. Check your key and signing method.
[2026-02-12T04:31:18.096Z] ❌ S3 upload failed for albany/misc/general/unknown/Nov14.pdf: The request signature we calculated does not match the signature you provided. Check your key and signing method.
[2026-02-12T04:31:18.142Z] ❌ S3 upload failed for albany/misc/general/unknown/June27-Amended.pdf: The request signature we calculated does not match the signature you provided. Check your key and signing method.
[2026-02-12T04:31:18.147Z] ❌ S3 upload failed for albany/misc/general/unknown/Oct3.pdf: The request signature we calculated does not match the signature you provided. Check your key and signing method.
[2026-02-12T04:31:18.168Z] ❌ S3 upload failed for albany/misc/general/unknown/May16.pdf: The request signature we calculated does not match the signature you provided. Check your key and signing method.
[2026-02-12T04:31:18.176Z] ❌ S3 upload failed for albany/misc/general/unknown/Nov28.pdf: The request signature we calculated does not match the signature you provided. Check your key and signing method.
[2026-02-12T04:31:18.198Z] ❌ S3 upload failed for albany/misc/general/unknown/July11.pdf: The request signature we calculated does not match the signature you provided. Check your key and signing method.
[2026-02-12T04:31:18.199Z] ❌ S3 upload failed for albany/misc/general/unknown/Oct10.pdf: The request signature we calculated does not match the signature you provided. Check your key and signing method.
[2026-02-12T04:31:18.229Z] ❌ S3 upload failed for albany/misc/general/unknown/May23.pdf: The request signature we calculated does not match the signature you provided. Check your key and signing method.
[2026-02-12T04:31:18.243Z] ❌ S3 upload failed for albany/misc/general/unknown/Dec5.pdf: The request signature we calculated does not match the signature you provided. Check your key and signing method.
[2026-02-12T04:31:18.263Z] ❌ S3 upload failed for albany/misc/general/unknown/July25.pdf: The request signature we calculated does not match the signature you provided. Check your key and signing method.
[2026-02-12T04:31:18.288Z] ❌ S3 upload failed for albany/misc/general/unknown/March7-Amended.pdf: The request signature we calculated does not match the signature you provided. Check your key and signing method.
[2026-02-12T04:31:18.289Z] ❌ S3 upload failed for albany/misc/general/unknown/Oct17.pdf: The request signature we calculated does not match the signature you provided. Check your key and signing method.
[2026-02-12T04:31:18.325Z] ❌ S3 upload failed for albany/misc/general/unknown/Dec12.pdf: The request signature we calculated does not match the signature you provided. Check your key and signing method.
[2026-02-12T04:31:18.330Z] ❌ S3 upload failed for albany/misc/general/unknown/Feb15.pdf: The request signature we calculated does not match the signature you provided. Check your key and signing method.
[2026-02-12T04:31:18.351Z] ❌ S3 upload failed for albany/misc/general/unknown/Oct24.pdf: The request signature we calculated does not match the signature you provided. Check your key and signing method.
[2026-02-12T04:31:18.359Z] ❌ S3 upload failed for albany/misc/general/unknown/March14.pdf: The request signature we calculated does not match the signature you provided. Check your key and signing method.
[2026-02-12T04:31:18.376Z] ❌ S3 upload failed for albany/misc/general/unknown/Dec19.pdf: The request signature we calculated does not match the signature you provided. Check your key and signing method.
[2026-02-12T04:31:18.380Z] ❌ S3 upload failed for albany/misc/general/unknown/Feb22.doc: The request signature we calculated does not match the signature you provided. Check your key and signing method.
[2026-02-12T04:31:18.403Z] ❌ S3 upload failed for albany/misc/general/unknown/Nov7.pdf: The request signature we calculated does not match the signature you provided. Check your key and signing method.
[2026-02-12T04:31:18.408Z] ❌ S3 upload failed for albany/misc/general/unknown/March21.pdf: The request signature we calculated does not match the signature you provided. Check your key and signing method.
[2026-02-12T04:31:18.432Z] ❌ S3 upload failed for albany/misc/general/unknown/July25-Amended.pdf: The request signature we calculated does not match the signature you provided. Check your key and signing method.
[2026-02-12T04:31:18.437Z] ❌ S3 upload failed for albany/misc/general/unknown/Feb29.pdf: The request signature we calculated does not match the signature you provided. Check your key and signing method.
[2026-02-12T04:31:18.460Z] ❌ S3 upload failed for albany/misc/general/unknown/Aug15.pdf: The request signature we calculated does not match the signature you provided. Check your key and signing method.
[2026-02-12T04:31:18.462Z] ❌ S3 upload failed for albany/misc/general/unknown/March28.pdf: The request signature we calculated does not match the signature you provided. Check your key and signing method.
[2026-02-12T04:31:18.483Z] ❌ S3 upload failed for albany/misc/general/unknown/July31NP.pdf: The request signature we calculated does not match the signature you provided. Check your key and signing method.
[2026-02-12T04:31:18.489Z] ❌ S3 upload failed for albany/misc/general/unknown/March7.pdf: The request signature we calculated does not match the signature you provided. Check your key and signing method.
[2026-02-12T04:31:18.504Z] ❌ S3 upload failed for albany/misc/general/unknown/Aug22.pdf: The request signature we calculated does not match the signature you provided. Check your key and signing method.
[2026-02-12T04:31:18.511Z] ❌ S3 upload failed for albany/misc/general/unknown/April4.pdf: The request signature we calculated does not match the signature you provided. Check your key and signing method.
[2026-02-12T04:31:18.535Z] ❌ S3 upload failed for albany/misc/general/unknown/March7NP-2.pdf: The request signature we calculated does not match the signature you provided. Check your key and signing method.
[2026-02-12T04:31:18.538Z] ❌ S3 upload failed for albany/misc/general/unknown/Aug1.pdf: The request signature we calculated does not match the signature you provided. Check your key and signing method.
[2026-02-12T04:31:18.563Z] ❌ S3 upload failed for albany/misc/general/unknown/Sept5.pdf: The request signature we calculated does not match the signature you provided. Check your key and signing method.
[2026-02-12T04:31:18.575Z] ❌ S3 upload failed for albany/misc/general/unknown/April11.pdf: The request signature we calculated does not match the signature you provided. Check your key and signing method.
[2026-02-12T04:31:18.589Z] ❌ S3 upload failed for albany/misc/general/unknown/Aug1-Amended.pdf: The request signature we calculated does not match the signature you provided. Check your key and signing method.
[2026-02-12T04:31:18.600Z] ❌ S3 upload failed for albany/misc/general/unknown/Dec7.pdf: The request signature we calculated does not match the signature you provided. Check your key and signing method.
[2026-02-12T04:31:18.614Z] ❌ S3 upload failed for albany/misc/general/unknown/Sept5-Amended.pdf: The request signature we calculated does not match the signature you provided. Check your key and signing method.
[2026-02-12T04:31:18.616Z]    Progress: 0 uploaded, 0 skipped, 850 failed
[2026-02-12T04:31:18.623Z] ❌ S3 upload failed for albany/misc/general/unknown/Jan18.pdf: The request signature we calculated does not match the signature you provided. Check your key and signing method.
[2026-02-12T04:31:18.641Z] ❌ S3 upload failed for albany/misc/general/unknown/Aug1NP.pdf: The request signature we calculated does not match the signature you provided. Check your key and signing method.
[2026-02-12T04:31:18.647Z] ❌ S3 upload failed for albany/misc/general/unknown/Dec14.pdf: The request signature we calculated does not match the signature you provided. Check your key and signing method.
[2026-02-12T04:31:18.666Z] ❌ S3 upload failed for albany/misc/general/unknown/Sept12.pdf: The request signature we calculated does not match the signature you provided. Check your key and signing method.
[2026-02-12T04:31:18.671Z] ❌ S3 upload failed for albany/misc/general/unknown/Jan25.pdf: The request signature we calculated does not match the signature you provided. Check your key and signing method.
[2026-02-12T04:31:18.697Z] ❌ S3 upload failed for albany/misc/general/unknown/Aug8.pdf: The request signature we calculated does not match the signature you provided. Check your key and signing method.
[2026-02-12T04:31:18.699Z] ❌ S3 upload failed for albany/misc/general/unknown/Dec21.pdf: The request signature we calculated does not match the signature you provided. Check your key and signing method.
[2026-02-12T04:31:18.721Z] ❌ S3 upload failed for albany/misc/general/unknown/Sept19.pdf: The request signature we calculated does not match the signature you provided. Check your key and signing method.
[2026-02-12T04:31:18.722Z] ❌ S3 upload failed for albany/misc/general/unknown/Feb1.pdf: The request signature we calculated does not match the signature you provided. Check your key and signing method.
[2026-02-12T04:31:18.748Z] ❌ S3 upload failed for albany/misc/general/unknown/Dec28.pdf: The request signature we calculated does not match the signature you provided. Check your key and signing method.
[2026-02-12T04:31:18.752Z] ❌ S3 upload failed for albany/misc/general/unknown/April18.pdf: The request signature we calculated does not match the signature you provided. Check your key and signing method.
[2026-02-12T04:31:18.784Z] ❌ S3 upload failed for albany/misc/general/unknown/Feb1-Amended.pdf: The request signature we calculated does not match the signature you provided. Check your key and signing method.
[2026-02-12T04:31:18.785Z] ❌ S3 upload failed for albany/misc/general/unknown/June6.pdf: The request signature we calculated does not match the signature you provided. Check your key and signing method.
[2026-02-12T04:31:18.808Z] ❌ S3 upload failed for albany/misc/general/unknown/April25.pdf: The request signature we calculated does not match the signature you provided. Check your key and signing method.
[2026-02-12T04:31:18.811Z] ❌ S3 upload failed for albany/misc/general/unknown/Jan4.pdf: The request signature we calculated does not match the signature you provided. Check your key and signing method.
[2026-02-12T04:31:18.832Z] ❌ S3 upload failed for albany/misc/general/unknown/June13.pdf: The request signature we calculated does not match the signature you provided. Check your key and signing method.
[2026-02-12T04:31:18.835Z] ❌ S3 upload failed for albany/misc/general/unknown/Feb1NP_000.pdf: The request signature we calculated does not match the signature you provided. Check your key and signing method.
[2026-02-12T04:31:18.859Z] ❌ S3 upload failed for albany/misc/general/unknown/Jan11.pdf: The request signature we calculated does not match the signature you provided. Check your key and signing method.
[2026-02-12T04:31:18.861Z] ❌ S3 upload failed for albany/misc/general/unknown/May2.pdf: The request signature we calculated does not match the signature you provided. Check your key and signing method.
[2026-02-12T04:31:18.890Z] ❌ S3 upload failed for albany/misc/general/unknown/June27.pdf: The request signature we calculated does not match the signature you provided. Check your key and signing method.
[2026-02-12T04:31:18.889Z] ❌ S3 upload failed for albany/misc/general/unknown/Feb1NP-Amended.pdf: The request signature we calculated does not match the signature you provided. Check your key and signing method.
[2026-02-12T04:31:18.917Z] ❌ S3 upload failed for albany/misc/general/unknown/Sept21.pdf: The request signature we calculated does not match the signature you provided. Check your key and signing method.
[2026-02-12T04:31:18.919Z] ❌ S3 upload failed for albany/misc/general/unknown/May9.pdf: The request signature we calculated does not match the signature you provided. Check your key and signing method.
[2026-02-12T04:31:18.941Z] ❌ S3 upload failed for albany/misc/general/unknown/June27-Amended.pdf: The request signature we calculated does not match the signature you provided. Check your key and signing method.
[2026-02-12T04:31:18.947Z] ❌ S3 upload failed for albany/misc/general/unknown/Oct26.pdf: The request signature we calculated does not match the signature you provided. Check your key and signing method.
[2026-02-12T04:31:18.967Z] ❌ S3 upload failed for albany/misc/general/unknown/May16.pdf: The request signature we calculated does not match the signature you provided. Check your key and signing method.
[2026-02-12T04:31:18.992Z] ❌ S3 upload failed for albany/misc/general/unknown/July11.pdf: The request signature we calculated does not match the signature you provided. Check your key and signing method.
[2026-02-12T04:31:19.020Z] ❌ S3 upload failed for albany/misc/general/unknown/May23.pdf: The request signature we calculated does not match the signature you provided. Check your key and signing method.
[2026-02-12T04:31:19.024Z] ❌ S3 upload failed for albany/misc/general/unknown/Sept28.pdf: The request signature we calculated does not match the signature you provided. Check your key and signing method.
[2026-02-12T04:31:19.049Z] ❌ S3 upload failed for albany/misc/general/unknown/Nov2.pdf: The request signature we calculated does not match the signature you provided. Check your key and signing method.
[2026-02-12T04:31:19.056Z] ❌ S3 upload failed for albany/misc/general/unknown/July25.pdf: The request signature we calculated does not match the signature you provided. Check your key and signing method.
[2026-02-12T04:31:19.073Z] ❌ S3 upload failed for albany/misc/general/unknown/Oct5.pdf: The request signature we calculated does not match the signature you provided. Check your key and signing method.
[2026-02-12T04:31:19.094Z] ❌ S3 upload failed for albany/misc/general/unknown/March7-Amended.pdf: The request signature we calculated does not match the signature you provided. Check your key and signing method.
[2026-02-12T04:31:19.094Z] ❌ S3 upload failed for albany/misc/general/unknown/Nov9.pdf: The request signature we calculated does not match the signature you provided. Check your key and signing method.
[2026-02-12T04:31:19.121Z] ❌ S3 upload failed for albany/misc/general/unknown/Oct5-amended.pdf: The request signature we calculated does not match the signature you provided. Check your key and signing method.
[2026-02-12T04:31:19.125Z] ❌ S3 upload failed for albany/misc/general/unknown/Feb15.pdf: The request signature we calculated does not match the signature you provided. Check your key and signing method.
[2026-02-12T04:31:19.150Z] ❌ S3 upload failed for albany/misc/general/unknown/March14.pdf: The request signature we calculated does not match the signature you provided. Check your key and signing method.
[2026-02-12T04:31:19.154Z] ❌ S3 upload failed for albany/misc/general/unknown/Nov9-amended.pdf: The request signature we calculated does not match the signature you provided. Check your key and signing method.
[2026-02-12T04:31:19.179Z] ❌ S3 upload failed for albany/misc/general/unknown/Feb22.doc: The request signature we calculated does not match the signature you provided. Check your key and signing method.
[2026-02-12T04:31:19.181Z] ❌ S3 upload failed for albany/misc/general/unknown/Oct12.pdf: The request signature we calculated does not match the signature you provided. Check your key and signing method.
[2026-02-12T04:31:19.206Z] ❌ S3 upload failed for albany/misc/general/unknown/March21.pdf: The request signature we calculated does not match the signature you provided. Check your key and signing method.
[2026-02-12T04:31:19.210Z] ❌ S3 upload failed for albany/misc/general/unknown/Nov16.pdf: The request signature we calculated does not match the signature you provided. Check your key and signing method.
[2026-02-12T04:31:19.237Z] ❌ S3 upload failed for albany/misc/general/unknown/Feb29.pdf: The request signature we calculated does not match the signature you provided. Check your key and signing method.
[2026-02-12T04:31:19.236Z] ❌ S3 upload failed for albany/misc/general/unknown/Oct25.pdf: The request signature we calculated does not match the signature you provided. Check your key and signing method.
[2026-02-12T04:31:19.238Z]    Progress: 0 uploaded, 0 skipped, 900 failed
[2026-02-12T04:31:19.264Z] ❌ S3 upload failed for albany/misc/general/unknown/Nov23.pdf: The request signature we calculated does not match the signature you provided. Check your key and signing method.
[2026-02-12T04:31:19.266Z] ❌ S3 upload failed for albany/misc/general/unknown/March28.pdf: The request signature we calculated does not match the signature you provided. Check your key and signing method.
[2026-02-12T04:31:19.292Z] ❌ S3 upload failed for albany/misc/general/unknown/June22.pdf: The request signature we calculated does not match the signature you provided. Check your key and signing method.
[2026-02-12T04:31:19.301Z] ❌ S3 upload failed for albany/misc/general/unknown/March7.pdf: The request signature we calculated does not match the signature you provided. Check your key and signing method.
[2026-02-12T04:31:19.314Z] ❌ S3 upload failed for albany/misc/general/unknown/August10.pdf: The request signature we calculated does not match the signature you provided. Check your key and signing method.
[2026-02-12T04:31:19.335Z] ❌ S3 upload failed for albany/misc/general/unknown/April4.pdf: The request signature we calculated does not match the signature you provided. Check your key and signing method.
[2026-02-12T04:31:19.339Z] ❌ S3 upload failed for albany/misc/general/unknown/July6.pdf: The request signature we calculated does not match the signature you provided. Check your key and signing method.
[2026-02-12T04:31:19.359Z] ❌ S3 upload failed for albany/misc/general/unknown/March7NP-2.pdf: The request signature we calculated does not match the signature you provided. Check your key and signing method.
[2026-02-12T04:31:19.362Z] ❌ S3 upload failed for albany/misc/general/unknown/August17.pdf: The request signature we calculated does not match the signature you provided. Check your key and signing method.
[2026-02-12T04:31:19.382Z] ❌ S3 upload failed for albany/misc/general/unknown/April11.pdf: The request signature we calculated does not match the signature you provided. Check your key and signing method.
[2026-02-12T04:31:19.389Z] ❌ S3 upload failed for albany/misc/general/unknown/July13.pdf: The request signature we calculated does not match the signature you provided. Check your key and signing method.
[2026-02-12T04:31:19.411Z] ❌ S3 upload failed for albany/misc/general/unknown/Dec7.pdf: The request signature we calculated does not match the signature you provided. Check your key and signing method.
[2026-02-12T04:31:19.414Z] ❌ S3 upload failed for albany/misc/general/unknown/August24.pdf: The request signature we calculated does not match the signature you provided. Check your key and signing method.
[2026-02-12T04:31:19.441Z] ❌ S3 upload failed for albany/misc/general/unknown/Jan18.pdf: The request signature we calculated does not match the signature you provided. Check your key and signing method.
[2026-02-12T04:31:19.442Z] ❌ S3 upload failed for albany/misc/general/unknown/July27.pdf: The request signature we calculated does not match the signature you provided. Check your key and signing method.
[2026-02-12T04:31:19.472Z] ❌ S3 upload failed for albany/misc/general/unknown/Dec14.pdf: The request signature we calculated does not match the signature you provided. Check your key and signing method.
[2026-02-12T04:31:19.480Z] ❌ S3 upload failed for albany/misc/general/unknown/August29.pdf: The request signature we calculated does not match the signature you provided. Check your key and signing method.
[2026-02-12T04:31:19.496Z] ❌ S3 upload failed for albany/misc/general/unknown/Jan25.pdf: The request signature we calculated does not match the signature you provided. Check your key and signing method.
[2026-02-12T04:31:19.504Z] ❌ S3 upload failed for albany/misc/general/unknown/August3.pdf: The request signature we calculated does not match the signature you provided. Check your key and signing method.
[2026-02-12T04:31:19.522Z] ❌ S3 upload failed for albany/misc/general/unknown/Dec21.pdf: The request signature we calculated does not match the signature you provided. Check your key and signing method.
[2026-02-12T04:31:19.531Z] ❌ S3 upload failed for albany/misc/general/unknown/Sept7.pdf: The request signature we calculated does not match the signature you provided. Check your key and signing method.
[2026-02-12T04:31:19.543Z] ❌ S3 upload failed for albany/misc/general/unknown/Feb1.pdf: The request signature we calculated does not match the signature you provided. Check your key and signing method.
[2026-02-12T04:31:19.554Z] ❌ S3 upload failed for albany/misc/general/unknown/August5.pdf: The request signature we calculated does not match the signature you provided. Check your key and signing method.
[2026-02-12T04:31:19.568Z] ❌ S3 upload failed for albany/misc/general/unknown/Dec28.pdf: The request signature we calculated does not match the signature you provided. Check your key and signing method.
[2026-02-12T04:31:19.585Z] ❌ S3 upload failed for albany/misc/general/unknown/Sept14.pdf: The request signature we calculated does not match the signature you provided. Check your key and signing method.
[2026-02-12T04:31:19.601Z] ❌ S3 upload failed for albany/misc/general/unknown/Feb1-Amended.pdf: The request signature we calculated does not match the signature you provided. Check your key and signing method.
[2026-02-12T04:31:19.624Z] ❌ S3 upload failed for albany/misc/general/unknown/April20.pdf: The request signature we calculated does not match the signature you provided. Check your key and signing method.
[2026-02-12T04:31:19.625Z] ❌ S3 upload failed for albany/misc/general/unknown/Jan4.pdf: The request signature we calculated does not match the signature you provided. Check your key and signing method.
[2026-02-12T04:31:19.651Z] ❌ S3 upload failed for albany/misc/general/unknown/Feb1NP_000.pdf: The request signature we calculated does not match the signature you provided. Check your key and signing method.
[2026-02-12T04:31:19.653Z] ❌ S3 upload failed for albany/misc/general/unknown/May18-amended.pdf: The request signature we calculated does not match the signature you provided. Check your key and signing method.
[2026-02-12T04:31:19.678Z] ❌ S3 upload failed for albany/misc/general/unknown/April20NP.pdf: The request signature we calculated does not match the signature you provided. Check your key and signing method.
[2026-02-12T04:31:19.683Z] ❌ S3 upload failed for albany/misc/general/unknown/Jan11.pdf: The request signature we calculated does not match the signature you provided. Check your key and signing method.
[2026-02-12T04:31:19.709Z] ❌ S3 upload failed for albany/misc/general/unknown/May25.pdf: The request signature we calculated does not match the signature you provided. Check your key and signing method.
[2026-02-12T04:31:19.713Z] ❌ S3 upload failed for albany/misc/general/unknown/Feb1NP-Amended.pdf: The request signature we calculated does not match the signature you provided. Check your key and signing method.
[2026-02-12T04:31:19.736Z] ❌ S3 upload failed for albany/misc/general/unknown/April27.pdf: The request signature we calculated does not match the signature you provided. Check your key and signing method.
[2026-02-12T04:31:19.742Z] ❌ S3 upload failed for albany/misc/general/unknown/Sept21.pdf: The request signature we calculated does not match the signature you provided. Check your key and signing method.
[2026-02-12T04:31:19.771Z] ❌ S3 upload failed for albany/misc/general/unknown/Oct26.pdf: The request signature we calculated does not match the signature you provided. Check your key and signing method.
[2026-02-12T04:31:19.781Z] ❌ S3 upload failed for albany/misc/general/unknown/June1.pdf: The request signature we calculated does not match the signature you provided. Check your key and signing method.
[2026-02-12T04:31:19.801Z] ❌ S3 upload failed for albany/misc/general/unknown/Sept28.pdf: The request signature we calculated does not match the signature you provided. Check your key and signing method.
[2026-02-12T04:31:19.830Z] ❌ S3 upload failed for albany/misc/general/unknown/May4.pdf: The request signature we calculated does not match the signature you provided. Check your key and signing method.
[2026-02-12T04:31:19.831Z] ❌ S3 upload failed for albany/misc/general/unknown/Nov2.pdf: The request signature we calculated does not match the signature you provided. Check your key and signing method.
[2026-02-12T04:31:19.858Z] ❌ S3 upload failed for albany/misc/general/unknown/Oct5.pdf: The request signature we calculated does not match the signature you provided. Check your key and signing method.
[2026-02-12T04:31:19.860Z] ❌ S3 upload failed for albany/misc/general/unknown/June1-amended.pdf: The request signature we calculated does not match the signature you provided. Check your key and signing method.
[2026-02-12T04:31:19.887Z] ❌ S3 upload failed for albany/misc/general/unknown/Nov9.pdf: The request signature we calculated does not match the signature you provided. Check your key and signing method.
[2026-02-12T04:31:19.890Z] ❌ S3 upload failed for albany/misc/general/unknown/May11.pdf: The request signature we calculated does not match the signature you provided. Check your key and signing method.
[2026-02-12T04:31:19.931Z] ❌ S3 upload failed for albany/misc/general/unknown/Oct5-amended.pdf: The request signature we calculated does not match the signature you provided. Check your key and signing method.
[2026-02-12T04:31:19.930Z] ❌ S3 upload failed for albany/misc/general/unknown/June8.pdf: The request signature we calculated does not match the signature you provided. Check your key and signing method.
[2026-02-12T04:31:19.959Z] ❌ S3 upload failed for albany/misc/general/unknown/May18.pdf: The request signature we calculated does not match the signature you provided. Check your key and signing method.
[2026-02-12T04:31:19.959Z] ❌ S3 upload failed for albany/misc/general/unknown/Nov9-amended.pdf: The request signature we calculated does not match the signature you provided. Check your key and signing method.
[2026-02-12T04:31:19.985Z] ❌ S3 upload failed for albany/misc/general/unknown/June15.pdf: The request signature we calculated does not match the signature you provided. Check your key and signing method.
[2026-02-12T04:31:19.987Z] ❌ S3 upload failed for albany/misc/general/unknown/Oct12.pdf: The request signature we calculated does not match the signature you provided. Check your key and signing method.
[2026-02-12T04:31:20.013Z] ❌ S3 upload failed for albany/misc/general/unknown/March2.pdf: The request signature we calculated does not match the signature you provided. Check your key and signing method.
[2026-02-12T04:31:20.014Z] ❌ S3 upload failed for albany/misc/general/unknown/Nov16.pdf: The request signature we calculated does not match the signature you provided. Check your key and signing method.
[2026-02-12T04:31:20.040Z] ❌ S3 upload failed for albany/misc/general/unknown/Feb3_000.pdf: The request signature we calculated does not match the signature you provided. Check your key and signing method.
[2026-02-12T04:31:20.041Z] ❌ S3 upload failed for albany/misc/general/unknown/Oct25.pdf: The request signature we calculated does not match the signature you provided. Check your key and signing method.
[2026-02-12T04:31:20.043Z]    Progress: 0 uploaded, 0 skipped, 900 failed
[2026-02-12T04:31:20.064Z] ❌ S3 upload failed for albany/misc/general/unknown/March9.pdf: The request signature we calculated does not match the signature you provided. Check your key and signing method.
[2026-02-12T04:31:20.068Z] ❌ S3 upload failed for albany/misc/general/unknown/Nov23.pdf: The request signature we calculated does not match the signature you provided. Check your key and signing method.
[2026-02-12T04:31:20.089Z] ❌ S3 upload failed for albany/misc/general/unknown/Feb9_000.pdf: The request signature we calculated does not match the signature you provided. Check your key and signing method.
[2026-02-12T04:31:20.099Z] ❌ S3 upload failed for albany/misc/general/unknown/June22.pdf: The request signature we calculated does not match the signature you provided. Check your key and signing method.
[2026-02-12T04:31:20.129Z] ❌ S3 upload failed for albany/misc/general/unknown/August10.pdf: The request signature we calculated does not match the signature you provided. Check your key and signing method.
[2026-02-12T04:31:20.132Z] ❌ S3 upload failed for albany/misc/general/unknown/March16.pdf: The request signature we calculated does not match the signature you provided. Check your key and signing method.
[2026-02-12T04:31:20.154Z] ❌ S3 upload failed for albany/misc/general/unknown/July6.pdf: The request signature we calculated does not match the signature you provided. Check your key and signing method.
[2026-02-12T04:31:20.157Z] ❌ S3 upload failed for albany/misc/general/unknown/Feb9_001.pdf: The request signature we calculated does not match the signature you provided. Check your key and signing method.
[2026-02-12T04:31:20.179Z] ❌ S3 upload failed for albany/misc/general/unknown/August17.pdf: The request signature we calculated does not match the signature you provided. Check your key and signing method.
[2026-02-12T04:31:20.185Z] ❌ S3 upload failed for albany/misc/general/unknown/March23.pdf: The request signature we calculated does not match the signature you provided. Check your key and signing method.
[2026-02-12T04:31:20.203Z] ❌ S3 upload failed for albany/misc/general/unknown/July13.pdf: The request signature we calculated does not match the signature you provided. Check your key and signing method.
[2026-02-12T04:31:20.209Z] ❌ S3 upload failed for albany/misc/general/unknown/Feb16.pdf: The request signature we calculated does not match the signature you provided. Check your key and signing method.
[2026-02-12T04:31:20.229Z] ❌ S3 upload failed for albany/misc/general/unknown/August24.pdf: The request signature we calculated does not match the signature you provided. Check your key and signing method.
[2026-02-12T04:31:20.234Z] ❌ S3 upload failed for albany/misc/general/unknown/April6.pdf: The request signature we calculated does not match the signature you provided. Check your key and signing method.
[2026-02-12T04:31:20.254Z] ❌ S3 upload failed for albany/misc/general/unknown/July27.pdf: The request signature we calculated does not match the signature you provided. Check your key and signing method.
[2026-02-12T04:31:20.263Z] ❌ S3 upload failed for albany/misc/general/unknown/Feb23.pdf: The request signature we calculated does not match the signature you provided. Check your key and signing method.
[2026-02-12T04:31:20.276Z] ❌ S3 upload failed for albany/misc/general/unknown/August29.pdf: The request signature we calculated does not match the signature you provided. Check your key and signing method.
[2026-02-12T04:31:20.299Z] ❌ S3 upload failed for albany/misc/general/unknown/August3.pdf: The request signature we calculated does not match the signature you provided. Check your key and signing method.
[2026-02-12T04:31:20.302Z] ❌ S3 upload failed for albany/misc/general/unknown/April13.pdf: The request signature we calculated does not match the signature you provided. Check your key and signing method.
[2026-02-12T04:31:20.335Z] ❌ S3 upload failed for albany/misc/general/unknown/Sept7.pdf: The request signature we calculated does not match the signature you provided. Check your key and signing method.
[2026-02-12T04:31:20.334Z] ❌ S3 upload failed for albany/misc/general/unknown/Nov17.pdf: The request signature we calculated does not match the signature you provided. Check your key and signing method.
[2026-02-12T04:31:20.358Z] ❌ S3 upload failed for albany/misc/general/unknown/August5.pdf: The request signature we calculated does not match the signature you provided. Check your key and signing method.
[2026-02-12T04:31:20.359Z] ❌ S3 upload failed for albany/misc/general/unknown/Dec29.pdf: The request signature we calculated does not match the signature you provided. Check your key and signing method.
[2026-02-12T04:31:20.381Z] ❌ S3 upload failed for albany/misc/general/unknown/Nov22.pdf: The request signature we calculated does not match the signature you provided. Check your key and signing method.
[2026-02-12T04:31:20.388Z] ❌ S3 upload failed for albany/misc/general/unknown/Sept14.pdf: The request signature we calculated does not match the signature you provided. Check your key and signing method.
[2026-02-12T04:31:20.409Z] ❌ S3 upload failed for albany/misc/general/unknown/Jan5.pdf: The request signature we calculated does not match the signature you provided. Check your key and signing method.
[2026-02-12T04:31:20.412Z] ❌ S3 upload failed for albany/misc/general/unknown/April20.pdf: The request signature we calculated does not match the signature you provided. Check your key and signing method.
[2026-02-12T04:31:20.433Z] ❌ S3 upload failed for albany/misc/general/unknown/Dec1.pdf: The request signature we calculated does not match the signature you provided. Check your key and signing method.
[2026-02-12T04:31:20.437Z] ❌ S3 upload failed for albany/misc/general/unknown/May18-amended.pdf: The request signature we calculated does not match the signature you provided. Check your key and signing method.
[2026-02-12T04:31:20.459Z] ❌ S3 upload failed for albany/misc/general/unknown/Jan13.pdf: The request signature we calculated does not match the signature you provided. Check your key and signing method.
[2026-02-12T04:31:20.467Z] ❌ S3 upload failed for albany/misc/general/unknown/April20NP.pdf: The request signature we calculated does not match the signature you provided. Check your key and signing method.
[2026-02-12T04:31:20.486Z] ❌ S3 upload failed for albany/misc/general/unknown/Dec8.pdf: The request signature we calculated does not match the signature you provided. Check your key and signing method.
[2026-02-12T04:31:20.491Z] ❌ S3 upload failed for albany/misc/general/unknown/May25.pdf: The request signature we calculated does not match the signature you provided. Check your key and signing method.
[2026-02-12T04:31:20.514Z] ❌ S3 upload failed for albany/misc/general/unknown/April27.pdf: The request signature we calculated does not match the signature you provided. Check your key and signing method.
[2026-02-12T04:31:20.515Z] ❌ S3 upload failed for albany/misc/general/unknown/Jan19.pdf: The request signature we calculated does not match the signature you provided. Check your key and signing method.
[2026-02-12T04:31:20.542Z] ❌ S3 upload failed for albany/misc/general/unknown/June1.pdf: The request signature we calculated does not match the signature you provided. Check your key and signing method.
[2026-02-12T04:31:20.573Z] ❌ S3 upload failed for albany/misc/general/unknown/May4.pdf: The request signature we calculated does not match the signature you provided. Check your key and signing method.
[2026-02-12T04:31:20.574Z] ❌ S3 upload failed for albany/misc/general/unknown/Dec15.pdf: The request signature we calculated does not match the signature you provided. Check your key and signing method.
[2026-02-12T04:31:20.598Z] ❌ S3 upload failed for albany/misc/general/unknown/Jan26.pdf: The request signature we calculated does not match the signature you provided. Check your key and signing method.
[2026-02-12T04:31:20.609Z] ❌ S3 upload failed for albany/misc/general/unknown/June1-amended.pdf: The request signature we calculated does not match the signature you provided. Check your key and signing method.
[2026-02-12T04:31:20.630Z] ❌ S3 upload failed for albany/misc/general/unknown/Dec22.pdf: The request signature we calculated does not match the signature you provided. Check your key and signing method.
[2026-02-12T04:31:20.637Z] ❌ S3 upload failed for albany/misc/general/unknown/May11.pdf: The request signature we calculated does not match the signature you provided. Check your key and signing method.
[2026-02-12T04:31:20.651Z] ❌ S3 upload failed for albany/misc/general/unknown/Feb1NP.pdf: The request signature we calculated does not match the signature you provided. Check your key and signing method.
[2026-02-12T04:31:20.658Z] ❌ S3 upload failed for albany/misc/general/unknown/June8.pdf: The request signature we calculated does not match the signature you provided. Check your key and signing method.
[2026-02-12T04:31:20.674Z] ❌ S3 upload failed for albany/misc/general/unknown/Aug25Amended.pdf: The request signature we calculated does not match the signature you provided. Check your key and signing method.
[2026-02-12T04:31:20.688Z] ❌ S3 upload failed for albany/misc/general/unknown/May18.pdf: The request signature we calculated does not match the signature you provided. Check your key and signing method.
[2026-02-12T04:31:20.707Z] ❌ S3 upload failed for albany/misc/general/unknown/Oct6.pdf: The request signature we calculated does not match the signature you provided. Check your key and signing method.
[2026-02-12T04:31:20.708Z] ❌ S3 upload failed for albany/misc/general/unknown/June15.pdf: The request signature we calculated does not match the signature you provided. Check your key and signing method.
[2026-02-12T04:31:20.708Z]    Progress: 0 uploaded, 0 skipped, 950 failed
[2026-02-12T04:31:20.734Z] ❌ S3 upload failed for albany/misc/general/unknown/March2.pdf: The request signature we calculated does not match the signature you provided. Check your key and signing method.
[2026-02-12T04:31:20.738Z] ❌ S3 upload failed for albany/misc/general/unknown/Sept1.pdf: The request signature we calculated does not match the signature you provided. Check your key and signing method.
[2026-02-12T04:31:20.758Z] ❌ S3 upload failed for albany/misc/general/unknown/Feb3_000.pdf: The request signature we calculated does not match the signature you provided. Check your key and signing method.
[2026-02-12T04:31:20.763Z] ❌ S3 upload failed for albany/misc/general/unknown/Oct13.pdf: The request signature we calculated does not match the signature you provided. Check your key and signing method.
[2026-02-12T04:31:20.784Z] ❌ S3 upload failed for albany/misc/general/unknown/Sept8.pdf: The request signature we calculated does not match the signature you provided. Check your key and signing method.
[2026-02-12T04:31:20.787Z] ❌ S3 upload failed for albany/misc/general/unknown/March9.pdf: The request signature we calculated does not match the signature you provided. Check your key and signing method.
[2026-02-12T04:31:20.806Z] ❌ S3 upload failed for albany/misc/general/unknown/Oct20.pdf: The request signature we calculated does not match the signature you provided. Check your key and signing method.
[2026-02-12T04:31:20.811Z] ❌ S3 upload failed for albany/misc/general/unknown/Feb9_000.pdf: The request signature we calculated does not match the signature you provided. Check your key and signing method.
[2026-02-12T04:31:20.828Z] ❌ S3 upload failed for albany/misc/general/unknown/Sept15.pdf: The request signature we calculated does not match the signature you provided. Check your key and signing method.
[2026-02-12T04:31:20.852Z] ❌ S3 upload failed for albany/misc/general/unknown/Oct27.pdf: The request signature we calculated does not match the signature you provided. Check your key and signing method.
[2026-02-12T04:31:20.876Z] ❌ S3 upload failed for albany/misc/general/unknown/Sept15NP.pdf: The request signature we calculated does not match the signature you provided. Check your key and signing method.
[2026-02-12T04:31:20.888Z] ❌ S3 upload failed for albany/misc/general/unknown/March16.pdf: The request signature we calculated does not match the signature you provided. Check your key and signing method.
[2026-02-12T04:31:20.908Z] ❌ S3 upload failed for albany/misc/general/unknown/Nov3.pdf: The request signature we calculated does not match the signature you provided. Check your key and signing method.
[2026-02-12T04:31:20.915Z] ❌ S3 upload failed for albany/misc/general/unknown/Feb9_001.pdf: The request signature we calculated does not match the signature you provided. Check your key and signing method.
[2026-02-12T04:31:20.931Z] ❌ S3 upload failed for albany/misc/general/unknown/Sept29.pdf: The request signature we calculated does not match the signature you provided. Check your key and signing method.
[2026-02-12T04:31:20.938Z] ❌ S3 upload failed for albany/misc/general/unknown/March23.pdf: The request signature we calculated does not match the signature you provided. Check your key and signing method.
[2026-02-12T04:31:20.957Z] ❌ S3 upload failed for albany/misc/general/unknown/Nov10.pdf: The request signature we calculated does not match the signature you provided. Check your key and signing method.
[2026-02-12T04:31:20.963Z] ❌ S3 upload failed for albany/misc/general/unknown/Feb16.pdf: The request signature we calculated does not match the signature you provided. Check your key and signing method.
[2026-02-12T04:31:20.992Z] ❌ S3 upload failed for albany/misc/general/unknown/April6.pdf: The request signature we calculated does not match the signature you provided. Check your key and signing method.
[2026-02-12T04:31:21.000Z] ❌ S3 upload failed for albany/misc/general/unknown/May26.pdf: The request signature we calculated does not match the signature you provided. Check your key and signing method.
[2026-02-12T04:31:21.027Z] ❌ S3 upload failed for albany/misc/general/unknown/July14.pdf: The request signature we calculated does not match the signature you provided. Check your key and signing method.
[2026-02-12T04:31:21.032Z] ❌ S3 upload failed for albany/misc/general/unknown/Feb23.pdf: The request signature we calculated does not match the signature you provided. Check your key and signing method.
[2026-02-12T04:31:21.056Z] ❌ S3 upload failed for albany/misc/general/unknown/June2.pdf: The request signature we calculated does not match the signature you provided. Check your key and signing method.
[2026-02-12T04:31:21.059Z] ❌ S3 upload failed for albany/misc/general/unknown/April13.pdf: The request signature we calculated does not match the signature you provided. Check your key and signing method.
[2026-02-12T04:31:21.082Z] ❌ S3 upload failed for albany/misc/general/unknown/Nov17.pdf: The request signature we calculated does not match the signature you provided. Check your key and signing method.
[2026-02-12T04:31:21.093Z] ❌ S3 upload failed for albany/misc/general/unknown/July21.pdf: The request signature we calculated does not match the signature you provided. Check your key and signing method.
[2026-02-12T04:31:21.113Z] ❌ S3 upload failed for albany/misc/general/unknown/Dec29.pdf: The request signature we calculated does not match the signature you provided. Check your key and signing method.
[2026-02-12T04:31:21.123Z] ❌ S3 upload failed for albany/misc/general/unknown/June9.pdf: The request signature we calculated does not match the signature you provided. Check your key and signing method.
[2026-02-12T04:31:21.141Z] ❌ S3 upload failed for albany/misc/general/unknown/Nov22.pdf: The request signature we calculated does not match the signature you provided. Check your key and signing method.
[2026-02-12T04:31:21.145Z] ❌ S3 upload failed for albany/misc/general/unknown/Aug4.pdf: The request signature we calculated does not match the signature you provided. Check your key and signing method.
[2026-02-12T04:31:21.168Z] ❌ S3 upload failed for albany/misc/general/unknown/Jan5.pdf: The request signature we calculated does not match the signature you provided. Check your key and signing method.
[2026-02-12T04:31:21.187Z] ❌ S3 upload failed for albany/misc/general/unknown/June16.pdf: The request signature we calculated does not match the signature you provided. Check your key and signing method.
[2026-02-12T04:31:21.203Z] ❌ S3 upload failed for albany/misc/general/unknown/Dec1.pdf: The request signature we calculated does not match the signature you provided. Check your key and signing method.
[2026-02-12T04:31:21.214Z] ❌ S3 upload failed for albany/misc/general/unknown/Aug11.pdf: The request signature we calculated does not match the signature you provided. Check your key and signing method.
[2026-02-12T04:31:21.229Z] ❌ S3 upload failed for albany/misc/general/unknown/Jan13.pdf: The request signature we calculated does not match the signature you provided. Check your key and signing method.
[2026-02-12T04:31:21.236Z] ❌ S3 upload failed for albany/misc/general/unknown/June23.pdf: The request signature we calculated does not match the signature you provided. Check your key and signing method.
[2026-02-12T04:31:21.255Z] ❌ S3 upload failed for albany/misc/general/unknown/Dec8.pdf: The request signature we calculated does not match the signature you provided. Check your key and signing method.
[2026-02-12T04:31:21.263Z] ❌ S3 upload failed for albany/misc/general/unknown/Aug18.pdf: The request signature we calculated does not match the signature you provided. Check your key and signing method.
[2026-02-12T04:31:21.279Z] ❌ S3 upload failed for albany/misc/general/unknown/Jan19.pdf: The request signature we calculated does not match the signature you provided. Check your key and signing method.
[2026-02-12T04:31:21.290Z] ❌ S3 upload failed for albany/misc/general/unknown/July7.pdf: The request signature we calculated does not match the signature you provided. Check your key and signing method.
[2026-02-12T04:31:21.305Z] ❌ S3 upload failed for albany/misc/general/unknown/Dec15.pdf: The request signature we calculated does not match the signature you provided. Check your key and signing method.
[2026-02-12T04:31:21.330Z] ❌ S3 upload failed for albany/misc/general/unknown/Jan26.pdf: The request signature we calculated does not match the signature you provided. Check your key and signing method.
[2026-02-12T04:31:21.336Z] ❌ S3 upload failed for albany/misc/general/unknown/Aug25.pdf: The request signature we calculated does not match the signature you provided. Check your key and signing method.
[2026-02-12T04:31:21.356Z] ❌ S3 upload failed for albany/misc/general/unknown/Dec22.pdf: The request signature we calculated does not match the signature you provided. Check your key and signing method.
[2026-02-12T04:31:21.359Z] ❌ S3 upload failed for albany/misc/general/unknown/March24.pdf: The request signature we calculated does not match the signature you provided. Check your key and signing method.
[2026-02-12T04:31:21.386Z] ❌ S3 upload failed for albany/misc/general/unknown/Feb1NP.pdf: The request signature we calculated does not match the signature you provided. Check your key and signing method.
[2026-02-12T04:31:21.395Z] ❌ S3 upload failed for albany/misc/general/unknown/April21.pdf: The request signature we calculated does not match the signature you provided. Check your key and signing method.
[2026-02-12T04:31:21.415Z] ❌ S3 upload failed for albany/misc/general/unknown/Aug25Amended.pdf: The request signature we calculated does not match the signature you provided. Check your key and signing method.
[2026-02-12T04:31:21.425Z] ❌ S3 upload failed for albany/misc/general/unknown/March24Amended.pdf: The request signature we calculated does not match the signature you provided. Check your key and signing method.
[2026-02-12T04:31:21.437Z] ❌ S3 upload failed for albany/misc/general/unknown/Oct6.pdf: The request signature we calculated does not match the signature you provided. Check your key and signing method.
[2026-02-12T04:31:21.437Z]    Progress: 0 uploaded, 0 skipped, 950 failed
[2026-02-12T04:31:21.451Z] ❌ S3 upload failed for albany/misc/general/unknown/April28.pdf: The request signature we calculated does not match the signature you provided. Check your key and signing method.
[2026-02-12T04:31:21.459Z] ❌ S3 upload failed for albany/misc/general/unknown/Sept1.pdf: The request signature we calculated does not match the signature you provided. Check your key and signing method.
[2026-02-12T04:31:21.477Z] ❌ S3 upload failed for albany/misc/general/unknown/March31.pdf: The request signature we calculated does not match the signature you provided. Check your key and signing method.
[2026-02-12T04:31:21.488Z] ❌ S3 upload failed for albany/misc/general/unknown/Oct13.pdf: The request signature we calculated does not match the signature you provided. Check your key and signing method.
[2026-02-12T04:31:21.508Z] ❌ S3 upload failed for albany/misc/general/unknown/May5.pdf: The request signature we calculated does not match the signature you provided. Check your key and signing method.
[2026-02-12T04:31:21.510Z] ❌ S3 upload failed for albany/misc/general/unknown/Sept8.pdf: The request signature we calculated does not match the signature you provided. Check your key and signing method.
[2026-02-12T04:31:21.531Z] ❌ S3 upload failed for albany/misc/general/unknown/April7.pdf: The request signature we calculated does not match the signature you provided. Check your key and signing method.
[2026-02-12T04:31:21.532Z] ❌ S3 upload failed for albany/misc/general/unknown/Oct20.pdf: The request signature we calculated does not match the signature you provided. Check your key and signing method.
[2026-02-12T04:31:21.562Z] ❌ S3 upload failed for albany/misc/general/unknown/Sept15.pdf: The request signature we calculated does not match the signature you provided. Check your key and signing method.
[2026-02-12T04:31:21.561Z] ❌ S3 upload failed for albany/misc/general/unknown/May12.pdf: The request signature we calculated does not match the signature you provided. Check your key and signing method.
[2026-02-12T04:31:21.590Z] ❌ S3 upload failed for albany/misc/general/unknown/April7Amended.pdf: The request signature we calculated does not match the signature you provided. Check your key and signing method.
[2026-02-12T04:31:21.590Z] ❌ S3 upload failed for albany/misc/general/unknown/Oct27.pdf: The request signature we calculated does not match the signature you provided. Check your key and signing method.
[2026-02-12T04:31:21.617Z] ❌ S3 upload failed for albany/misc/general/unknown/May19.pdf: The request signature we calculated does not match the signature you provided. Check your key and signing method.
[2026-02-12T04:31:21.618Z] ❌ S3 upload failed for albany/misc/general/unknown/Sept15NP.pdf: The request signature we calculated does not match the signature you provided. Check your key and signing method.
[2026-02-12T04:31:21.643Z] ❌ S3 upload failed for albany/misc/general/unknown/Nov3.pdf: The request signature we calculated does not match the signature you provided. Check your key and signing method.
[2026-02-12T04:31:21.642Z] ❌ S3 upload failed for albany/misc/general/unknown/April14.pdf: The request signature we calculated does not match the signature you provided. Check your key and signing method.
[2026-02-12T04:31:21.670Z] ❌ S3 upload failed for albany/misc/general/unknown/Sept29.pdf: The request signature we calculated does not match the signature you provided. Check your key and signing method.
[2026-02-12T04:31:21.671Z] ❌ S3 upload failed for albany/misc/general/unknown/May21.pdf: The request signature we calculated does not match the signature you provided. Check your key and signing method.
[2026-02-12T04:31:21.694Z] ❌ S3 upload failed for albany/misc/general/unknown/Oct21.pdf: The request signature we calculated does not match the signature you provided. Check your key and signing method.
[2026-02-12T04:31:21.697Z] ❌ S3 upload failed for albany/misc/general/unknown/Nov10.pdf: The request signature we calculated does not match the signature you provided. Check your key and signing method.
[2026-02-12T04:31:21.722Z] ❌ S3 upload failed for albany/misc/general/unknown/May26.pdf: The request signature we calculated does not match the signature you provided. Check your key and signing method.
[2026-02-12T04:31:21.749Z] ❌ S3 upload failed for albany/misc/general/unknown/July14.pdf: The request signature we calculated does not match the signature you provided. Check your key and signing method.
[2026-02-12T04:31:21.762Z] ❌ S3 upload failed for albany/misc/general/unknown/Nov18.pdf: The request signature we calculated does not match the signature you provided. Check your key and signing method.
[2026-02-12T04:31:21.775Z] ❌ S3 upload failed for albany/misc/general/unknown/June2.pdf: The request signature we calculated does not match the signature you provided. Check your key and signing method.
[2026-02-12T04:31:21.788Z] ❌ S3 upload failed for albany/misc/general/unknown/Oct21amended.pdf: The request signature we calculated does not match the signature you provided. Check your key and signing method.
[2026-02-12T04:31:21.799Z] ❌ S3 upload failed for albany/misc/general/unknown/July21.pdf: The request signature we calculated does not match the signature you provided. Check your key and signing method.
[2026-02-12T04:31:21.812Z] ❌ S3 upload failed for albany/misc/general/unknown/Dec2.pdf: The request signature we calculated does not match the signature you provided. Check your key and signing method.
[2026-02-12T04:31:21.833Z] ❌ S3 upload failed for albany/misc/general/unknown/June9.pdf: The request signature we calculated does not match the signature you provided. Check your key and signing method.
[2026-02-12T04:31:21.839Z] ❌ S3 upload failed for albany/misc/general/unknown/Dec16.pdf: The request signature we calculated does not match the signature you provided. Check your key and signing method.
[2026-02-12T04:31:21.859Z] ❌ S3 upload failed for albany/misc/general/unknown/Aug4.pdf: The request signature we calculated does not match the signature you provided. Check your key and signing method.
[2026-02-12T04:31:21.866Z] ❌ S3 upload failed for albany/misc/general/unknown/Oct28.pdf: The request signature we calculated does not match the signature you provided. Check your key and signing method.
[2026-02-12T04:31:21.879Z] ❌ S3 upload failed for albany/misc/general/unknown/June16.pdf: The request signature we calculated does not match the signature you provided. Check your key and signing method.
[2026-02-12T04:31:21.890Z] ❌ S3 upload failed for albany/misc/general/unknown/Jan6.pdf: The request signature we calculated does not match the signature you provided. Check your key and signing method.
[2026-02-12T04:31:21.913Z] ❌ S3 upload failed for albany/misc/general/unknown/Aug11.pdf: The request signature we calculated does not match the signature you provided. Check your key and signing method.
[2026-02-12T04:31:21.917Z] ❌ S3 upload failed for albany/misc/general/unknown/Nov4.pdf: The request signature we calculated does not match the signature you provided. Check your key and signing method.
[2026-02-12T04:31:21.938Z] ❌ S3 upload failed for albany/misc/general/unknown/June23.pdf: The request signature we calculated does not match the signature you provided. Check your key and signing method.
[2026-02-12T04:31:21.941Z] ❌ S3 upload failed for albany/misc/general/unknown/Jan27.pdf: The request signature we calculated does not match the signature you provided. Check your key and signing method.
[2026-02-12T04:31:21.965Z] ❌ S3 upload failed for albany/misc/general/unknown/Aug18.pdf: The request signature we calculated does not match the signature you provided. Check your key and signing method.
[2026-02-12T04:31:21.965Z] ❌ S3 upload failed for albany/misc/general/unknown/Feb10NP.pdf: The request signature we calculated does not match the signature you provided. Check your key and signing method.
[2026-02-12T04:31:21.989Z] ❌ S3 upload failed for albany/misc/general/unknown/Jan27Amended.pdf: The request signature we calculated does not match the signature you provided. Check your key and signing method.
[2026-02-12T04:31:21.992Z] ❌ S3 upload failed for albany/misc/general/unknown/July7.pdf: The request signature we calculated does not match the signature you provided. Check your key and signing method.
[2026-02-12T04:31:22.013Z] ❌ S3 upload failed for albany/misc/general/unknown/Feb17.pdf: The request signature we calculated does not match the signature you provided. Check your key and signing method.
[2026-02-12T04:31:22.025Z] ❌ S3 upload failed for albany/misc/general/unknown/Aug25.pdf: The request signature we calculated does not match the signature you provided. Check your key and signing method.
[2026-02-12T04:31:22.039Z] ❌ S3 upload failed for albany/misc/general/unknown/Feb2.pdf: The request signature we calculated does not match the signature you provided. Check your key and signing method.
[2026-02-12T04:31:22.049Z] ❌ S3 upload failed for albany/misc/general/unknown/March24.pdf: The request signature we calculated does not match the signature you provided. Check your key and signing method.
[2026-02-12T04:31:22.059Z] ❌ S3 upload failed for albany/misc/general/unknown/Feb25.pdf: The request signature we calculated does not match the signature you provided. Check your key and signing method.
[2026-02-12T04:31:22.090Z] ❌ S3 upload failed for albany/misc/general/unknown/Feb3.pdf: The request signature we calculated does not match the signature you provided. Check your key and signing method.
[2026-02-12T04:31:22.093Z] ❌ S3 upload failed for albany/misc/general/unknown/April21.pdf: The request signature we calculated does not match the signature you provided. Check your key and signing method.
[2026-02-12T04:31:22.113Z] ❌ S3 upload failed for albany/misc/general/unknown/March3.pdf: The request signature we calculated does not match the signature you provided. Check your key and signing method.
[2026-02-12T04:31:22.114Z]    Progress: 0 uploaded, 0 skipped, 1000 failed
[2026-02-12T04:31:22.128Z] ❌ S3 upload failed for albany/misc/general/unknown/March24Amended.pdf: The request signature we calculated does not match the signature you provided. Check your key and signing method.
[2026-02-12T04:31:22.140Z] ❌ S3 upload failed for albany/misc/general/unknown/Feb9.pdf: The request signature we calculated does not match the signature you provided. Check your key and signing method.
[2026-02-12T04:31:22.160Z] ❌ S3 upload failed for albany/misc/general/unknown/April28.pdf: The request signature we calculated does not match the signature you provided. Check your key and signing method.
[2026-02-12T04:31:22.165Z] ❌ S3 upload failed for albany/misc/general/unknown/March10.pdf: The request signature we calculated does not match the signature you provided. Check your key and signing method.
[2026-02-12T04:31:22.190Z] ❌ S3 upload failed for albany/misc/general/unknown/March31.pdf: The request signature we calculated does not match the signature you provided. Check your key and signing method.
[2026-02-12T04:31:22.194Z] ❌ S3 upload failed for albany/misc/general/unknown/Feb10.pdf: The request signature we calculated does not match the signature you provided. Check your key and signing method.
[2026-02-12T04:31:22.212Z] ❌ S3 upload failed for albany/misc/general/unknown/May5.pdf: The request signature we calculated does not match the signature you provided. Check your key and signing method.
[2026-02-12T04:31:22.216Z] ❌ S3 upload failed for albany/misc/general/unknown/March17.pdf: The request signature we calculated does not match the signature you provided. Check your key and signing method.
[2026-02-12T04:31:22.234Z] ❌ S3 upload failed for albany/misc/general/unknown/April7.pdf: The request signature we calculated does not match the signature you provided. Check your key and signing method.
[2026-02-12T04:31:22.246Z] ❌ S3 upload failed for albany/misc/general/unknown/July31.pdf: The request signature we calculated does not match the signature you provided. Check your key and signing method.
[2026-02-12T04:31:22.263Z] ❌ S3 upload failed for albany/misc/general/unknown/May12.pdf: The request signature we calculated does not match the signature you provided. Check your key and signing method.
[2026-02-12T04:31:22.278Z] ❌ S3 upload failed for albany/misc/general/unknown/Sept9.pdf: The request signature we calculated does not match the signature you provided. Check your key and signing method.
[2026-02-12T04:31:22.307Z] ❌ S3 upload failed for albany/misc/general/unknown/Aug5.pdf: The request signature we calculated does not match the signature you provided. Check your key and signing method.
[2026-02-12T04:31:22.334Z] ❌ S3 upload failed for albany/misc/general/unknown/Sept16.pdf: The request signature we calculated does not match the signature you provided. Check your key and signing method.
[2026-02-12T04:31:22.340Z] ❌ S3 upload failed for albany/misc/general/unknown/April7Amended.pdf: The request signature we calculated does not match the signature you provided. Check your key and signing method.
[2026-02-12T04:31:22.365Z] ❌ S3 upload failed for albany/misc/general/unknown/Aug12.pdf: The request signature we calculated does not match the signature you provided. Check your key and signing method.
[2026-02-12T04:31:22.368Z] ❌ S3 upload failed for albany/misc/general/unknown/May19.pdf: The request signature we calculated does not match the signature you provided. Check your key and signing method.
[2026-02-12T04:31:22.398Z] ❌ S3 upload failed for albany/misc/general/unknown/Sept23.pdf: The request signature we calculated does not match the signature you provided. Check your key and signing method.
[2026-02-12T04:31:22.399Z] ❌ S3 upload failed for albany/misc/general/unknown/April14.pdf: The request signature we calculated does not match the signature you provided. Check your key and signing method.
[2026-02-12T04:31:22.431Z] ❌ S3 upload failed for albany/misc/general/unknown/May21.pdf: The request signature we calculated does not match the signature you provided. Check your key and signing method.
[2026-02-12T04:31:22.434Z] ❌ S3 upload failed for albany/misc/general/unknown/Aug19.pdf: The request signature we calculated does not match the signature you provided. Check your key and signing method.
[2026-02-12T04:31:22.459Z] ❌ S3 upload failed for albany/misc/general/unknown/Sept23amended.pdf: The request signature we calculated does not match the signature you provided. Check your key and signing method.
[2026-02-12T04:31:22.464Z] ❌ S3 upload failed for albany/misc/general/unknown/Oct21.pdf: The request signature we calculated does not match the signature you provided. Check your key and signing method.
[2026-02-12T04:31:22.488Z] ❌ S3 upload failed for albany/misc/general/unknown/Aug26.pdf: The request signature we calculated does not match the signature you provided. Check your key and signing method.
[2026-02-12T04:31:22.494Z] ❌ S3 upload failed for albany/misc/general/unknown/Nov18.pdf: The request signature we calculated does not match the signature you provided. Check your key and signing method.
[2026-02-12T04:31:22.516Z] ❌ S3 upload failed for albany/misc/general/unknown/Sept30.pdf: The request signature we calculated does not match the signature you provided. Check your key and signing method.
[2026-02-12T04:31:22.520Z] ❌ S3 upload failed for albany/misc/general/unknown/Oct21amended.pdf: The request signature we calculated does not match the signature you provided. Check your key and signing method.
[2026-02-12T04:31:22.540Z] ❌ S3 upload failed for albany/misc/general/unknown/Sept2.pdf: The request signature we calculated does not match the signature you provided. Check your key and signing method.
[2026-02-12T04:31:22.548Z] ❌ S3 upload failed for albany/misc/general/unknown/Dec2.pdf: The request signature we calculated does not match the signature you provided. Check your key and signing method.
[2026-02-12T04:31:22.571Z] ❌ S3 upload failed for albany/misc/general/unknown/Oct7.pdf: The request signature we calculated does not match the signature you provided. Check your key and signing method.
[2026-02-12T04:31:22.574Z] ❌ S3 upload failed for albany/misc/general/unknown/Dec16.pdf: The request signature we calculated does not match the signature you provided. Check your key and signing method.
[2026-02-12T04:31:22.599Z] ❌ S3 upload failed for albany/misc/general/unknown/Oct28.pdf: The request signature we calculated does not match the signature you provided. Check your key and signing method.
[2026-02-12T04:31:22.606Z] ❌ S3 upload failed for albany/minutes/general/unknown/Jan2.pdf: The request signature we calculated does not match the signature you provided. Check your key and signing method.
[2026-02-12T04:31:22.634Z] ❌ S3 upload failed for albany/minutes/general/unknown/Jan9.pdf: The request signature we calculated does not match the signature you provided. Check your key and signing method.
[2026-02-12T04:31:22.639Z] ❌ S3 upload failed for albany/misc/general/unknown/Jan6.pdf: The request signature we calculated does not match the signature you provided. Check your key and signing method.
[2026-02-12T04:31:22.662Z] ❌ S3 upload failed for albany/minutes/general/unknown/Jan16.pdf: The request signature we calculated does not match the signature you provided. Check your key and signing method.
[2026-02-12T04:31:22.664Z] ❌ S3 upload failed for albany/misc/general/unknown/Nov4.pdf: The request signature we calculated does not match the signature you provided. Check your key and signing method.
[2026-02-12T04:31:22.687Z] ❌ S3 upload failed for albany/minutes/general/unknown/Jan23.pdf: The request signature we calculated does not match the signature you provided. Check your key and signing method.
[2026-02-12T04:31:22.719Z] ❌ S3 upload failed for albany/misc/general/unknown/Jan27.pdf: The request signature we calculated does not match the signature you provided. Check your key and signing method.
[2026-02-12T04:31:22.739Z] ❌ S3 upload failed for albany/minutes/general/unknown/Jan30.pdf: The request signature we calculated does not match the signature you provided. Check your key and signing method.
[2026-02-12T04:31:22.750Z] ❌ S3 upload failed for albany/misc/general/unknown/Feb10NP.pdf: The request signature we calculated does not match the signature you provided. Check your key and signing method.
[2026-02-12T04:31:22.778Z] ❌ S3 upload failed for albany/misc/general/unknown/Jan27Amended.pdf: The request signature we calculated does not match the signature you provided. Check your key and signing method.
[2026-02-12T04:31:22.807Z] ❌ S3 upload failed for albany/misc/general/unknown/Feb17.pdf: The request signature we calculated does not match the signature you provided. Check your key and signing method.
[2026-02-12T04:31:22.831Z] ❌ S3 upload failed for albany/misc/general/unknown/Feb2.pdf: The request signature we calculated does not match the signature you provided. Check your key and signing method.
[2026-02-12T04:31:22.857Z] ❌ S3 upload failed for albany/misc/general/unknown/Feb25.pdf: The request signature we calculated does not match the signature you provided. Check your key and signing method.
[2026-02-12T04:31:22.893Z] ❌ S3 upload failed for albany/misc/general/unknown/Feb3.pdf: The request signature we calculated does not match the signature you provided. Check your key and signing method.
[2026-02-12T04:31:22.935Z] ❌ S3 upload failed for albany/misc/general/unknown/March3.pdf: The request signature we calculated does not match the signature you provided. Check your key and signing method.
[2026-02-12T04:31:22.936Z]    Progress: 0 uploaded, 0 skipped, 1000 failed
[2026-02-12T04:31:22.967Z] ❌ S3 upload failed for albany/misc/general/unknown/Feb9.pdf: The request signature we calculated does not match the signature you provided. Check your key and signing method.
[2026-02-12T04:31:22.992Z] ❌ S3 upload failed for albany/misc/general/unknown/March10.pdf: The request signature we calculated does not match the signature you provided. Check your key and signing method.
[2026-02-12T04:31:23.018Z] ❌ S3 upload failed for albany/misc/general/unknown/Feb10.pdf: The request signature we calculated does not match the signature you provided. Check your key and signing method.
[2026-02-12T04:31:23.020Z] ❌ S3 upload failed for albany/minutes/general/unknown/Feb8.pdf: The request signature we calculated does not match the signature you provided. Check your key and signing method.
[2026-02-12T04:31:23.046Z] ❌ S3 upload failed for albany/misc/general/unknown/March17.pdf: The request signature we calculated does not match the signature you provided. Check your key and signing method.
[2026-02-12T04:31:23.048Z] ❌ S3 upload failed for albany/minutes/general/unknown/Feb13.pdf: The request signature we calculated does not match the signature you provided. Check your key and signing method.
[2026-02-12T04:31:23.074Z] ❌ S3 upload failed for albany/misc/general/unknown/July31.pdf: The request signature we calculated does not match the signature you provided. Check your key and signing method.
[2026-02-12T04:31:23.097Z] ❌ S3 upload failed for albany/minutes/general/unknown/Feb20.pdf: The request signature we calculated does not match the signature you provided. Check your key and signing method.
[2026-02-12T04:31:23.099Z] ❌ S3 upload failed for albany/misc/general/unknown/Sept9.pdf: The request signature we calculated does not match the signature you provided. Check your key and signing method.
[2026-02-12T04:31:23.124Z] ❌ S3 upload failed for albany/minutes/general/unknown/Feb27.pdf: The request signature we calculated does not match the signature you provided. Check your key and signing method.
[2026-02-12T04:31:23.130Z] ❌ S3 upload failed for albany/misc/general/unknown/Aug5.pdf: The request signature we calculated does not match the signature you provided. Check your key and signing method.
[2026-02-12T04:31:23.157Z] ❌ S3 upload failed for albany/misc/general/unknown/Sept16.pdf: The request signature we calculated does not match the signature you provided. Check your key and signing method.
[2026-02-12T04:31:23.163Z] ❌ S3 upload failed for albany/minutes/general/unknown/March5.pdf: The request signature we calculated does not match the signature you provided. Check your key and signing method.
[2026-02-12T04:31:23.190Z] ❌ S3 upload failed for albany/misc/general/unknown/Aug12.pdf: The request signature we calculated does not match the signature you provided. Check your key and signing method.
[2026-02-12T04:31:23.222Z] ❌ S3 upload failed for albany/minutes/general/unknown/March12.pdf: The request signature we calculated does not match the signature you provided. Check your key and signing method.
[2026-02-12T04:31:23.257Z] ❌ S3 upload failed for albany/misc/general/unknown/Sept23.pdf: The request signature we calculated does not match the signature you provided. Check your key and signing method.
[2026-02-12T04:31:23.256Z] ❌ S3 upload failed for albany/minutes/general/unknown/March19.pdf: The request signature we calculated does not match the signature you provided. Check your key and signing method.
[2026-02-12T04:31:23.284Z] ❌ S3 upload failed for albany/misc/general/unknown/Aug19.pdf: The request signature we calculated does not match the signature you provided. Check your key and signing method.
[2026-02-12T04:31:23.295Z] ❌ S3 upload failed for albany/minutes/general/unknown/March26.pdf: The request signature we calculated does not match the signature you provided. Check your key and signing method.
[2026-02-12T04:31:23.309Z] ❌ S3 upload failed for albany/misc/general/unknown/Sept23amended.pdf: The request signature we calculated does not match the signature you provided. Check your key and signing method.
[2026-02-12T04:31:23.331Z] ❌ S3 upload failed for albany/misc/general/unknown/Aug26.pdf: The request signature we calculated does not match the signature you provided. Check your key and signing method.
[2026-02-12T04:31:23.330Z] ❌ S3 upload failed for albany/minutes/general/unknown/April2.pdf: The request signature we calculated does not match the signature you provided. Check your key and signing method.
[2026-02-12T04:31:23.355Z] ❌ S3 upload failed for albany/minutes/general/unknown/April9.pdf: The request signature we calculated does not match the signature you provided. Check your key and signing method.
[2026-02-12T04:31:23.357Z] ❌ S3 upload failed for albany/misc/general/unknown/Sept30.pdf: The request signature we calculated does not match the signature you provided. Check your key and signing method.
[2026-02-12T04:31:23.383Z] ❌ S3 upload failed for albany/minutes/general/unknown/April14.pdf: The request signature we calculated does not match the signature you provided. Check your key and signing method.
[2026-02-12T04:31:23.386Z] ❌ S3 upload failed for albany/misc/general/unknown/Sept2.pdf: The request signature we calculated does not match the signature you provided. Check your key and signing method.
[2026-02-12T04:31:23.427Z] ❌ S3 upload failed for albany/minutes/general/unknown/April16.pdf: The request signature we calculated does not match the signature you provided. Check your key and signing method.
[2026-02-12T04:31:23.426Z] ❌ S3 upload failed for albany/misc/general/unknown/Oct7.pdf: The request signature we calculated does not match the signature you provided. Check your key and signing method.
[2026-02-12T04:31:23.455Z] ❌ S3 upload failed for albany/minutes/general/unknown/Jan2.pdf: The request signature we calculated does not match the signature you provided. Check your key and signing method.
[2026-02-12T04:31:23.490Z] ❌ S3 upload failed for albany/minutes/general/unknown/Jan9.pdf: The request signature we calculated does not match the signature you provided. Check your key and signing method.
[2026-02-12T04:31:23.494Z] ❌ S3 upload failed for albany/minutes/general/unknown/April23.pdf: The request signature we calculated does not match the signature you provided. Check your key and signing method.
[2026-02-12T04:31:23.519Z] ❌ S3 upload failed for albany/minutes/general/unknown/Jan16.pdf: The request signature we calculated does not match the signature you provided. Check your key and signing method.
[2026-02-12T04:31:23.543Z] ❌ S3 upload failed for albany/minutes/general/unknown/May7.pdf: The request signature we calculated does not match the signature you provided. Check your key and signing method.
[2026-02-12T04:31:23.552Z] ❌ S3 upload failed for albany/minutes/general/unknown/Jan23.pdf: The request signature we calculated does not match the signature you provided. Check your key and signing method.
[2026-02-12T04:31:23.574Z] ❌ S3 upload failed for albany/minutes/general/unknown/May14.pdf: The request signature we calculated does not match the signature you provided. Check your key and signing method.
[2026-02-12T04:31:23.580Z] ❌ S3 upload failed for albany/minutes/general/unknown/Jan30.pdf: The request signature we calculated does not match the signature you provided. Check your key and signing method.
[2026-02-12T04:31:23.610Z] ❌ S3 upload failed for albany/minutes/general/unknown/Feb8.pdf: The request signature we calculated does not match the signature you provided. Check your key and signing method.
[2026-02-12T04:31:23.621Z] ❌ S3 upload failed for albany/minutes/general/unknown/May21.pdf: The request signature we calculated does not match the signature you provided. Check your key and signing method.
[2026-02-12T04:31:23.638Z] ❌ S3 upload failed for albany/minutes/general/unknown/Feb13.pdf: The request signature we calculated does not match the signature you provided. Check your key and signing method.
[2026-02-12T04:31:23.654Z] ❌ S3 upload failed for albany/minutes/general/unknown/May28.pdf: The request signature we calculated does not match the signature you provided. Check your key and signing method.
[2026-02-12T04:31:23.674Z] ❌ S3 upload failed for albany/minutes/general/unknown/June4.pdf: The request signature we calculated does not match the signature you provided. Check your key and signing method.
[2026-02-12T04:31:23.675Z] ❌ S3 upload failed for albany/minutes/general/unknown/Feb20.pdf: The request signature we calculated does not match the signature you provided. Check your key and signing method.
[2026-02-12T04:31:23.703Z] ❌ S3 upload failed for albany/minutes/general/unknown/Feb27.pdf: The request signature we calculated does not match the signature you provided. Check your key and signing method.
[2026-02-12T04:31:23.703Z] ❌ S3 upload failed for albany/minutes/general/unknown/June11.pdf: The request signature we calculated does not match the signature you provided. Check your key and signing method.
[2026-02-12T04:31:23.732Z] ❌ S3 upload failed for albany/misc/general/unknown/July9.pdf: The request signature we calculated does not match the signature you provided. Check your key and signing method.
[2026-02-12T04:31:23.732Z] ❌ S3 upload failed for albany/minutes/general/unknown/March5.pdf: The request signature we calculated does not match the signature you provided. Check your key and signing method.
[2026-02-12T04:31:23.760Z] ❌ S3 upload failed for albany/minutes/general/unknown/March12.pdf: The request signature we calculated does not match the signature you provided. Check your key and signing method.
[2026-02-12T04:31:23.766Z] ❌ S3 upload failed for albany/misc/general/2025/ChangeOfAddress_2022.pdf: The request signature we calculated does not match the signature you provided. Check your key and signing method.
[2026-02-12T04:31:23.815Z] ❌ S3 upload failed for albany/minutes/general/unknown/March19.pdf: The request signature we calculated does not match the signature you provided. Check your key and signing method.
[2026-02-12T04:31:23.824Z] ❌ S3 upload failed for albany/annual-reports/general/2019/TownReport2018.pdf: The request signature we calculated does not match the signature you provided. Check your key and signing method.
[2026-02-12T04:31:23.835Z] ❌ S3 upload failed for albany/minutes/general/unknown/March26.pdf: The request signature we calculated does not match the signature you provided. Check your key and signing method.
[2026-02-12T04:31:23.875Z] ❌ S3 upload failed for albany/minutes/general/unknown/April2.pdf: The request signature we calculated does not match the signature you provided. Check your key and signing method.
[2026-02-12T04:31:23.880Z] ❌ S3 upload failed for albany/reports/general/2018/2017-Albany-Town-Report_2.28.18.pdf: The request signature we calculated does not match the signature you provided. Check your key and signing method.
[2026-02-12T04:31:23.897Z] ❌ S3 upload failed for albany/minutes/general/unknown/April9.pdf: The request signature we calculated does not match the signature you provided. Check your key and signing method.
[2026-02-12T04:31:23.949Z] ❌ S3 upload failed for albany/minutes/general/unknown/April14.pdf: The request signature we calculated does not match the signature you provided. Check your key and signing method.
[2026-02-12T04:31:23.965Z] ❌ S3 upload failed for albany/reports/general/2013/2016-Albany-Report.pdf: The request signature we calculated does not match the signature you provided. Check your key and signing method.
[2026-02-12T04:31:23.977Z] ❌ S3 upload failed for albany/minutes/general/unknown/April16.pdf: The request signature we calculated does not match the signature you provided. Check your key and signing method.
[2026-02-12T04:31:24.013Z] ❌ S3 upload failed for albany/minutes/general/unknown/April23.pdf: The request signature we calculated does not match the signature you provided. Check your key and signing method.
[2026-02-12T04:31:24.015Z] ❌ S3 upload failed for albany/annual-reports/general/2015/TownReport2015.pdf: The request signature we calculated does not match the signature you provided. Check your key and signing method.
[2026-02-12T04:31:24.058Z] ❌ S3 upload failed for albany/minutes/general/unknown/May7.pdf: The request signature we calculated does not match the signature you provided. Check your key and signing method.
[2026-02-12T04:31:24.099Z] ❌ S3 upload failed for albany/minutes/general/unknown/May14.pdf: The request signature we calculated does not match the signature you provided. Check your key and signing method.
[2026-02-12T04:31:24.131Z] ❌ S3 upload failed for albany/annual-reports/general/2013/TownReport2014.pdf: The request signature we calculated does not match the signature you provided. Check your key and signing method.
[2026-02-12T04:31:24.139Z] ❌ S3 upload failed for albany/minutes/general/unknown/May21.pdf: The request signature we calculated does not match the signature you provided. Check your key and signing method.
[2026-02-12T04:31:24.172Z] ❌ S3 upload failed for albany/annual-reports/general/2013/TownReport13.pdf: The request signature we calculated does not match the signature you provided. Check your key and signing method.
[2026-02-12T04:31:24.173Z] ❌ S3 upload failed for albany/minutes/general/unknown/May28.pdf: The request signature we calculated does not match the signature you provided. Check your key and signing method.
[2026-02-12T04:31:24.200Z] ❌ S3 upload failed for albany/annual-reports/general/2018/AnnualReport2012.pdf: The request signature we calculated does not match the signature you provided. Check your key and signing method.
[2026-02-12T04:31:24.204Z] ❌ S3 upload failed for albany/minutes/general/unknown/June4.pdf: The request signature we calculated does not match the signature you provided. Check your key and signing method.
[2026-02-12T04:31:24.230Z] ❌ S3 upload failed for albany/annual-reports/general/2018/TownReport.pdf: The request signature we calculated does not match the signature you provided. Check your key and signing method.
[2026-02-12T04:31:24.234Z]    Progress: 0 uploaded, 0 skipped, 1050 failed
[2026-02-12T04:31:24.238Z] ❌ S3 upload failed for albany/minutes/general/unknown/June11.pdf: The request signature we calculated does not match the signature you provided. Check your key and signing method.
[2026-02-12T04:31:24.255Z] ❌ S3 upload failed for albany/misc/general/2020/ChangeOfAddress.pdf: The request signature we calculated does not match the signature you provided. Check your key and signing method.
[2026-02-12T04:31:24.271Z] ❌ S3 upload failed for albany/misc/general/unknown/July9.pdf: The request signature we calculated does not match the signature you provided. Check your key and signing method.
[2026-02-12T04:31:24.299Z] ❌ S3 upload failed for albany/warrants/general/2009/2009Warrant.pdf: The request signature we calculated does not match the signature you provided. Check your key and signing method.
[2026-02-12T04:31:24.306Z] ❌ S3 upload failed for albany/misc/general/2025/ChangeOfAddress_2022.pdf: The request signature we calculated does not match the signature you provided. Check your key and signing method.
[2026-02-12T04:31:24.336Z] ❌ S3 upload failed for albany/budget/general/2011/2011Budget.pdf: The request signature we calculated does not match the signature you provided. Check your key and signing method.
[2026-02-12T04:31:24.363Z] ❌ S3 upload failed for albany/misc/general/2011/2011MeetingMins.pdf: The request signature we calculated does not match the signature you provided. Check your key and signing method.
[2026-02-12T04:31:24.373Z] ❌ S3 upload failed for albany/annual-reports/general/2019/TownReport2018.pdf: The request signature we calculated does not match the signature you provided. Check your key and signing method.
[2026-02-12T04:31:24.415Z] ❌ S3 upload failed for albany/warrants/general/2011/2011Warrant.pdf: The request signature we calculated does not match the signature you provided. Check your key and signing method.
[2026-02-12T04:31:24.433Z] ❌ S3 upload failed for albany/reports/general/2018/2017-Albany-Town-Report_2.28.18.pdf: The request signature we calculated does not match the signature you provided. Check your key and signing method.
[2026-02-12T04:31:24.460Z] ❌ S3 upload failed for albany/misc/general/2009/AlbanyPicnic2009.pdf: The request signature we calculated does not match the signature you provided. Check your key and signing method.
[2026-02-12T04:31:24.506Z] ❌ S3 upload failed for albany/misc/general/unknown/Amend3Part1.pdf: The request signature we calculated does not match the signature you provided. Check your key and signing method.
[2026-02-12T04:31:24.508Z] ❌ S3 upload failed for albany/reports/general/2013/2016-Albany-Report.pdf: The request signature we calculated does not match the signature you provided. Check your key and signing method.
[2026-02-12T04:31:24.527Z] ❌ S3 upload failed for albany/misc/general/unknown/Amend3Part2.pdf: The request signature we calculated does not match the signature you provided. Check your key and signing method.
[2026-02-12T04:31:24.549Z] ❌ S3 upload failed for albany/misc/general/unknown/Amend3Part3.pdf: The request signature we calculated does not match the signature you provided. Check your key and signing method.
[2026-02-12T04:31:24.554Z] ❌ S3 upload failed for albany/annual-reports/general/2015/TownReport2015.pdf: The request signature we calculated does not match the signature you provided. Check your key and signing method.
[2026-02-12T04:31:24.594Z] ❌ S3 upload failed for albany/annual-reports/general/2012/AnnualReport2012.pdf: The request signature we calculated does not match the signature you provided. Check your key and signing method.
[2026-02-12T04:31:24.597Z] ❌ S3 upload failed for albany/annual-reports/general/2013/TownReport2014.pdf: The request signature we calculated does not match the signature you provided. Check your key and signing method.
[2026-02-12T04:31:24.620Z] ❌ S3 upload failed for albany/misc/general/unknown/April2TC.pdf: The request signature we calculated does not match the signature you provided. Check your key and signing method.
[2026-02-12T04:31:24.640Z] ❌ S3 upload failed for albany/misc/general/unknown/April3TC.pdf: The request signature we calculated does not match the signature you provided. Check your key and signing method.
[2026-02-12T04:31:24.641Z] ❌ S3 upload failed for albany/annual-reports/general/2013/TownReport13.pdf: The request signature we calculated does not match the signature you provided. Check your key and signing method.
[2026-02-12T04:31:24.679Z] ❌ S3 upload failed for albany/misc/general/unknown/April4TC.pdf: The request signature we calculated does not match the signature you provided. Check your key and signing method.
[2026-02-12T04:31:24.689Z] ❌ S3 upload failed for albany/annual-reports/general/2018/AnnualReport2012.pdf: The request signature we calculated does not match the signature you provided. Check your key and signing method.
[2026-02-12T04:31:24.697Z] ❌ S3 upload failed for albany/misc/general/unknown/April7TC.pdf: The request signature we calculated does not match the signature you provided. Check your key and signing method.
[2026-02-12T04:31:24.724Z] ❌ S3 upload failed for albany/annual-reports/general/2018/TownReport.pdf: The request signature we calculated does not match the signature you provided. Check your key and signing method.
[2026-02-12T04:31:24.725Z]    Progress: 0 uploaded, 0 skipped, 1050 failed
[2026-02-12T04:31:24.730Z] ❌ S3 upload failed for albany/misc/general/unknown/April9TC.pdf: The request signature we calculated does not match the signature you provided. Check your key and signing method.
[2026-02-12T04:31:24.744Z] ❌ S3 upload failed for albany/misc/general/2020/ChangeOfAddress.pdf: The request signature we calculated does not match the signature you provided. Check your key and signing method.
[2026-02-12T04:31:24.769Z] ❌ S3 upload failed for albany/misc/general/unknown/April10TC.pdf: The request signature we calculated does not match the signature you provided. Check your key and signing method.
[2026-02-12T04:31:24.769Z] ❌ S3 upload failed for albany/warrants/general/2009/2009Warrant.pdf: The request signature we calculated does not match the signature you provided. Check your key and signing method.
[2026-02-12T04:31:24.800Z] ❌ S3 upload failed for albany/misc/general/unknown/April14TC.pdf: The request signature we calculated does not match the signature you provided. Check your key and signing method.
[2026-02-12T04:31:24.811Z] ❌ S3 upload failed for albany/budget/general/2011/2011Budget.pdf: The request signature we calculated does not match the signature you provided. Check your key and signing method.
[2026-02-12T04:31:24.831Z] ❌ S3 upload failed for albany/misc/general/unknown/April15TC.pdf: The request signature we calculated does not match the signature you provided. Check your key and signing method.
[2026-02-12T04:31:24.854Z] ❌ S3 upload failed for albany/misc/general/2011/2011MeetingMins.pdf: The request signature we calculated does not match the signature you provided. Check your key and signing method.
[2026-02-12T04:31:24.862Z] ❌ S3 upload failed for albany/misc/general/unknown/April18TC.pdf: The request signature we calculated does not match the signature you provided. Check your key and signing method.
[2026-02-12T04:31:24.892Z] ❌ S3 upload failed for albany/misc/general/unknown/April21TC.pdf: The request signature we calculated does not match the signature you provided. Check your key and signing method.
[2026-02-12T04:31:24.918Z] ❌ S3 upload failed for albany/misc/general/unknown/April23TC.pdf: The request signature we calculated does not match the signature you provided. Check your key and signing method.
[2026-02-12T04:31:24.934Z] ❌ S3 upload failed for albany/warrants/general/2011/2011Warrant.pdf: The request signature we calculated does not match the signature you provided. Check your key and signing method.
[2026-02-12T04:31:24.940Z] ❌ S3 upload failed for albany/misc/general/unknown/April24TC.pdf: The request signature we calculated does not match the signature you provided. Check your key and signing method.
[2026-02-12T04:31:24.972Z] ❌ S3 upload failed for albany/misc/general/2009/AlbanyPicnic2009.pdf: The request signature we calculated does not match the signature you provided. Check your key and signing method.
[2026-02-12T04:31:24.980Z] ❌ S3 upload failed for albany/misc/general/unknown/April25TC.pdf: The request signature we calculated does not match the signature you provided. Check your key and signing method.
[2026-02-12T04:31:25.005Z] ❌ S3 upload failed for albany/misc/general/unknown/Amend3Part1.pdf: The request signature we calculated does not match the signature you provided. Check your key and signing method.
[2026-02-12T04:31:25.007Z] ❌ S3 upload failed for albany/misc/general/unknown/April28Tc.pdf: The request signature we calculated does not match the signature you provided. Check your key and signing method.
[2026-02-12T04:31:25.036Z] ❌ S3 upload failed for albany/misc/general/unknown/Amend3Part2.pdf: The request signature we calculated does not match the signature you provided. Check your key and signing method.
[2026-02-12T04:31:25.039Z] ❌ S3 upload failed for albany/misc/general/unknown/April30TC.pdf: The request signature we calculated does not match the signature you provided. Check your key and signing method.
[2026-02-12T04:31:25.061Z] ❌ S3 upload failed for albany/misc/general/unknown/Amend3Part3.pdf: The request signature we calculated does not match the signature you provided. Check your key and signing method.
[2026-02-12T04:31:25.064Z] ❌ S3 upload failed for albany/misc/general/unknown/Aug1TC.pdf: The request signature we calculated does not match the signature you provided. Check your key and signing method.
[2026-02-12T04:31:25.097Z] ❌ S3 upload failed for albany/annual-reports/general/2012/AnnualReport2012.pdf: The request signature we calculated does not match the signature you provided. Check your key and signing method.
[2026-02-12T04:31:25.114Z] ❌ S3 upload failed for albany/misc/general/unknown/Aug4TC.pdf: The request signature we calculated does not match the signature you provided. Check your key and signing method.
[2026-02-12T04:31:25.117Z] ❌ S3 upload failed for albany/misc/general/unknown/April2TC.pdf: The request signature we calculated does not match the signature you provided. Check your key and signing method.
[2026-02-12T04:31:25.144Z] ❌ S3 upload failed for albany/misc/general/unknown/Aug7TC.pdf: The request signature we calculated does not match the signature you provided. Check your key and signing method.
[2026-02-12T04:31:25.149Z] ❌ S3 upload failed for albany/misc/general/unknown/April3TC.pdf: The request signature we calculated does not match the signature you provided. Check your key and signing method.
[2026-02-12T04:31:25.180Z] ❌ S3 upload failed for albany/misc/general/unknown/Aug11TC.pdf: The request signature we calculated does not match the signature you provided. Check your key and signing method.
[2026-02-12T04:31:25.182Z] ❌ S3 upload failed for albany/misc/general/unknown/April4TC.pdf: The request signature we calculated does not match the signature you provided. Check your key and signing method.
[2026-02-12T04:31:25.206Z] ❌ S3 upload failed for albany/misc/general/unknown/April7TC.pdf: The request signature we calculated does not match the signature you provided. Check your key and signing method.
[2026-02-12T04:31:25.207Z] ❌ S3 upload failed for albany/misc/general/unknown/Aug14TC.pdf: The request signature we calculated does not match the signature you provided. Check your key and signing method.
[2026-02-12T04:31:25.234Z] ❌ S3 upload failed for albany/misc/general/unknown/Aug18TC.pdf: The request signature we calculated does not match the signature you provided. Check your key and signing method.
[2026-02-12T04:31:25.237Z] ❌ S3 upload failed for albany/misc/general/unknown/April9TC.pdf: The request signature we calculated does not match the signature you provided. Check your key and signing method.
[2026-02-12T04:31:25.261Z] ❌ S3 upload failed for albany/misc/general/unknown/Aug21TC.pdf: The request signature we calculated does not match the signature you provided. Check your key and signing method.
[2026-02-12T04:31:25.262Z] ❌ S3 upload failed for albany/misc/general/unknown/April10TC.pdf: The request signature we calculated does not match the signature you provided. Check your key and signing method.
[2026-02-12T04:31:25.292Z] ❌ S3 upload failed for albany/misc/general/unknown/Aug22TC.pdf: The request signature we calculated does not match the signature you provided. Check your key and signing method.
[2026-02-12T04:31:25.294Z] ❌ S3 upload failed for albany/misc/general/unknown/April14TC.pdf: The request signature we calculated does not match the signature you provided. Check your key and signing method.
[2026-02-12T04:31:25.322Z] ❌ S3 upload failed for albany/misc/general/unknown/Aug25TC.pdf: The request signature we calculated does not match the signature you provided. Check your key and signing method.
[2026-02-12T04:31:25.325Z] ❌ S3 upload failed for albany/misc/general/unknown/April15TC.pdf: The request signature we calculated does not match the signature you provided. Check your key and signing method.
[2026-02-12T04:31:25.351Z] ❌ S3 upload failed for albany/misc/general/unknown/April18TC.pdf: The request signature we calculated does not match the signature you provided. Check your key and signing method.
[2026-02-12T04:31:25.355Z] ❌ S3 upload failed for albany/misc/general/unknown/Aug28TC.pdf: The request signature we calculated does not match the signature you provided. Check your key and signing method.
[2026-02-12T04:31:25.380Z] ❌ S3 upload failed for albany/misc/general/unknown/Aug29TC.pdf: The request signature we calculated does not match the signature you provided. Check your key and signing method.
[2026-02-12T04:31:25.384Z] ❌ S3 upload failed for albany/misc/general/unknown/April21TC.pdf: The request signature we calculated does not match the signature you provided. Check your key and signing method.
[2026-02-12T04:31:25.408Z] ❌ S3 upload failed for albany/misc/general/unknown/August5TC.pdf: The request signature we calculated does not match the signature you provided. Check your key and signing method.
[2026-02-12T04:31:25.408Z] ❌ S3 upload failed for albany/misc/general/unknown/April23TC.pdf: The request signature we calculated does not match the signature you provided. Check your key and signing method.
[2026-02-12T04:31:25.432Z] ❌ S3 upload failed for albany/misc/general/unknown/April24TC.pdf: The request signature we calculated does not match the signature you provided. Check your key and signing method.
[2026-02-12T04:31:25.444Z] ❌ S3 upload failed for albany/misc/general/unknown/August13TC.pdf: The request signature we calculated does not match the signature you provided. Check your key and signing method.
[2026-02-12T04:31:25.474Z] ❌ S3 upload failed for albany/misc/general/unknown/April25TC.pdf: The request signature we calculated does not match the signature you provided. Check your key and signing method.
[2026-02-12T04:31:25.476Z] ❌ S3 upload failed for albany/misc/general/unknown/August20TC.pdf: The request signature we calculated does not match the signature you provided. Check your key and signing method.
[2026-02-12T04:31:25.502Z] ❌ S3 upload failed for albany/misc/general/unknown/April28Tc.pdf: The request signature we calculated does not match the signature you provided. Check your key and signing method.
[2026-02-12T04:31:25.513Z] ❌ S3 upload failed for albany/misc/general/unknown/Dec1Tc.pdf: The request signature we calculated does not match the signature you provided. Check your key and signing method.
[2026-02-12T04:31:25.535Z] ❌ S3 upload failed for albany/misc/general/unknown/April30TC.pdf: The request signature we calculated does not match the signature you provided. Check your key and signing method.
[2026-02-12T04:31:25.555Z] ❌ S3 upload failed for albany/misc/general/unknown/Dec3.pdf: The request signature we calculated does not match the signature you provided. Check your key and signing method.
[2026-02-12T04:31:25.565Z] ❌ S3 upload failed for albany/misc/general/unknown/Aug1TC.pdf: The request signature we calculated does not match the signature you provided. Check your key and signing method.
[2026-02-12T04:31:25.600Z] ❌ S3 upload failed for albany/misc/general/unknown/Dec4TC.pdf: The request signature we calculated does not match the signature you provided. Check your key and signing method.
[2026-02-12T04:31:25.603Z] ❌ S3 upload failed for albany/misc/general/unknown/Aug4TC.pdf: The request signature we calculated does not match the signature you provided. Check your key and signing method.
[2026-02-12T04:31:25.629Z] ❌ S3 upload failed for albany/misc/general/unknown/Dec5TC.pdf: The request signature we calculated does not match the signature you provided. Check your key and signing method.
[2026-02-12T04:31:25.633Z] ❌ S3 upload failed for albany/misc/general/unknown/Aug7TC.pdf: The request signature we calculated does not match the signature you provided. Check your key and signing method.
[2026-02-12T04:31:25.661Z] ❌ S3 upload failed for albany/misc/general/unknown/Dec6TC.pdf: The request signature we calculated does not match the signature you provided. Check your key and signing method.
[2026-02-12T04:31:25.738Z] ❌ S3 upload failed for albany/misc/general/unknown/Dec8TC.pdf: The request signature we calculated does not match the signature you provided. Check your key and signing method.
[2026-02-12T04:31:25.743Z] ❌ S3 upload failed for albany/misc/general/unknown/Aug11TC.pdf: The request signature we calculated does not match the signature you provided. Check your key and signing method.
[2026-02-12T04:31:25.772Z] ❌ S3 upload failed for albany/misc/general/unknown/Dec15TC.pdf: The request signature we calculated does not match the signature you provided. Check your key and signing method.
[2026-02-12T04:31:25.777Z] ❌ S3 upload failed for albany/misc/general/unknown/Aug14TC.pdf: The request signature we calculated does not match the signature you provided. Check your key and signing method.
[2026-02-12T04:31:25.801Z] ❌ S3 upload failed for albany/misc/general/unknown/Dec18TC.pdf: The request signature we calculated does not match the signature you provided. Check your key and signing method.
[2026-02-12T04:31:25.802Z] ❌ S3 upload failed for albany/misc/general/unknown/Aug18TC.pdf: The request signature we calculated does not match the signature you provided. Check your key and signing method.
[2026-02-12T04:31:25.827Z] ❌ S3 upload failed for albany/misc/general/unknown/Aug21TC.pdf: The request signature we calculated does not match the signature you provided. Check your key and signing method.
[2026-02-12T04:31:25.828Z] ❌ S3 upload failed for albany/misc/general/unknown/Dec20TC.pdf: The request signature we calculated does not match the signature you provided. Check your key and signing method.
[2026-02-12T04:31:25.859Z] ❌ S3 upload failed for albany/misc/general/unknown/Aug22TC.pdf: The request signature we calculated does not match the signature you provided. Check your key and signing method.
[2026-02-12T04:31:25.860Z] ❌ S3 upload failed for albany/misc/general/unknown/Dec22TC.pdf: The request signature we calculated does not match the signature you provided. Check your key and signing method.
[2026-02-12T04:31:25.887Z] ❌ S3 upload failed for albany/misc/general/unknown/Aug25TC.pdf: The request signature we calculated does not match the signature you provided. Check your key and signing method.
[2026-02-12T04:31:25.906Z] ❌ S3 upload failed for albany/misc/general/unknown/Dec24.pdf: The request signature we calculated does not match the signature you provided. Check your key and signing method.
[2026-02-12T04:31:25.910Z]    Progress: 0 uploaded, 0 skipped, 1100 failed
[2026-02-12T04:31:25.915Z] ❌ S3 upload failed for albany/misc/general/unknown/Aug28TC.pdf: The request signature we calculated does not match the signature you provided. Check your key and signing method.
[2026-02-12T04:31:25.941Z] ❌ S3 upload failed for albany/misc/general/unknown/Dec24TC.pdf: The request signature we calculated does not match the signature you provided. Check your key and signing method.
[2026-02-12T04:31:25.943Z] ❌ S3 upload failed for albany/misc/general/unknown/Aug29TC.pdf: The request signature we calculated does not match the signature you provided. Check your key and signing method.
[2026-02-12T04:31:25.966Z] ❌ S3 upload failed for albany/misc/general/unknown/Dec26TC.pdf: The request signature we calculated does not match the signature you provided. Check your key and signing method.
[2026-02-12T04:31:25.969Z] ❌ S3 upload failed for albany/misc/general/unknown/August5TC.pdf: The request signature we calculated does not match the signature you provided. Check your key and signing method.
[2026-02-12T04:31:25.994Z] ❌ S3 upload failed for albany/misc/general/unknown/Dec27TC.pdf: The request signature we calculated does not match the signature you provided. Check your key and signing method.
[2026-02-12T04:31:25.995Z] ❌ S3 upload failed for albany/misc/general/unknown/August13TC.pdf: The request signature we calculated does not match the signature you provided. Check your key and signing method.
[2026-02-12T04:31:26.021Z] ❌ S3 upload failed for albany/misc/general/unknown/Dec29TC.pdf: The request signature we calculated does not match the signature you provided. Check your key and signing method.
[2026-02-12T04:31:26.024Z] ❌ S3 upload failed for albany/misc/general/unknown/August20TC.pdf: The request signature we calculated does not match the signature you provided. Check your key and signing method.
[2026-02-12T04:31:26.052Z] ❌ S3 upload failed for albany/misc/general/unknown/Dec1Tc.pdf: The request signature we calculated does not match the signature you provided. Check your key and signing method.
[2026-02-12T04:31:26.052Z] ❌ S3 upload failed for albany/misc/general/unknown/Dec31TC.pdf: The request signature we calculated does not match the signature you provided. Check your key and signing method.
[2026-02-12T04:31:26.077Z] ❌ S3 upload failed for albany/misc/general/unknown/Dec3.pdf: The request signature we calculated does not match the signature you provided. Check your key and signing method.
[2026-02-12T04:31:26.088Z] ❌ S3 upload failed for albany/misc/general/2010/EnergyAudit2010.pdf: The request signature we calculated does not match the signature you provided. Check your key and signing method.
[2026-02-12T04:31:26.107Z] ❌ S3 upload failed for albany/misc/general/unknown/Dec4TC.pdf: The request signature we calculated does not match the signature you provided. Check your key and signing method.
[2026-02-12T04:31:26.122Z] ❌ S3 upload failed for albany/misc/general/unknown/FEB28TC.pdf: The request signature we calculated does not match the signature you provided. Check your key and signing method.
[2026-02-12T04:31:26.135Z] ❌ S3 upload failed for albany/misc/general/unknown/Dec5TC.pdf: The request signature we calculated does not match the signature you provided. Check your key and signing method.
[2026-02-12T04:31:26.154Z] ❌ S3 upload failed for albany/misc/general/unknown/Feb4TC.pdf: The request signature we calculated does not match the signature you provided. Check your key and signing method.
[2026-02-12T04:31:26.178Z] ❌ S3 upload failed for albany/misc/general/unknown/Dec6TC.pdf: The request signature we calculated does not match the signature you provided. Check your key and signing method.
[2026-02-12T04:31:26.181Z] ❌ S3 upload failed for albany/misc/general/unknown/Feb5TC.pdf: The request signature we calculated does not match the signature you provided. Check your key and signing method.
[2026-02-12T04:31:26.206Z] ❌ S3 upload failed for albany/misc/general/unknown/Feb6TC.pdf: The request signature we calculated does not match the signature you provided. Check your key and signing method.
[2026-02-12T04:31:26.208Z] ❌ S3 upload failed for albany/misc/general/unknown/Dec8TC.pdf: The request signature we calculated does not match the signature you provided. Check your key and signing method.
[2026-02-12T04:31:26.231Z] ❌ S3 upload failed for albany/misc/general/unknown/Feb11TC.pdf: The request signature we calculated does not match the signature you provided. Check your key and signing method.
[2026-02-12T04:31:26.232Z] ❌ S3 upload failed for albany/misc/general/unknown/Dec15TC.pdf: The request signature we calculated does not match the signature you provided. Check your key and signing method.
[2026-02-12T04:31:26.256Z] ❌ S3 upload failed for albany/misc/general/unknown/Feb12TC.pdf: The request signature we calculated does not match the signature you provided. Check your key and signing method.
[2026-02-12T04:31:26.266Z] ❌ S3 upload failed for albany/misc/general/unknown/Dec18TC.pdf: The request signature we calculated does not match the signature you provided. Check your key and signing method.
[2026-02-12T04:31:26.283Z] ❌ S3 upload failed for albany/misc/general/unknown/Feb13TC.pdf: The request signature we calculated does not match the signature you provided. Check your key and signing method.
[2026-02-12T04:31:26.296Z] ❌ S3 upload failed for albany/misc/general/unknown/Dec20TC.pdf: The request signature we calculated does not match the signature you provided. Check your key and signing method.
[2026-02-12T04:31:26.309Z] ❌ S3 upload failed for albany/misc/general/unknown/Feb14TC.pdf: The request signature we calculated does not match the signature you provided. Check your key and signing method.
[2026-02-12T04:31:26.322Z] ❌ S3 upload failed for albany/misc/general/unknown/Dec22TC.pdf: The request signature we calculated does not match the signature you provided. Check your key and signing method.
[2026-02-12T04:31:26.342Z] ❌ S3 upload failed for albany/misc/general/unknown/Dec24.pdf: The request signature we calculated does not match the signature you provided. Check your key and signing method.
[2026-02-12T04:31:26.343Z]    Progress: 0 uploaded, 0 skipped, 1100 failed
[2026-02-12T04:31:26.362Z] ❌ S3 upload failed for albany/misc/general/unknown/Feb16TC.pdf: The request signature we calculated does not match the signature you provided. Check your key and signing method.
[2026-02-12T04:31:26.369Z] ❌ S3 upload failed for albany/misc/general/unknown/Dec24TC.pdf: The request signature we calculated does not match the signature you provided. Check your key and signing method.
[2026-02-12T04:31:26.395Z] ❌ S3 upload failed for albany/misc/general/unknown/Feb19TC.pdf: The request signature we calculated does not match the signature you provided. Check your key and signing method.
[2026-02-12T04:31:26.397Z] ❌ S3 upload failed for albany/misc/general/unknown/Dec26TC.pdf: The request signature we calculated does not match the signature you provided. Check your key and signing method.
[2026-02-12T04:31:26.422Z] ❌ S3 upload failed for albany/misc/general/unknown/Dec27TC.pdf: The request signature we calculated does not match the signature you provided. Check your key and signing method.
[2026-02-12T04:31:26.423Z] ❌ S3 upload failed for albany/misc/general/unknown/Feb21TC.pdf: The request signature we calculated does not match the signature you provided. Check your key and signing method.
[2026-02-12T04:31:26.451Z] ❌ S3 upload failed for albany/misc/general/unknown/Dec29TC.pdf: The request signature we calculated does not match the signature you provided. Check your key and signing method.
[2026-02-12T04:31:26.454Z] ❌ S3 upload failed for albany/misc/general/unknown/Feb23TC.pdf: The request signature we calculated does not match the signature you provided. Check your key and signing method.
[2026-02-12T04:31:26.480Z] ❌ S3 upload failed for albany/misc/general/unknown/Feb26TC.pdf: The request signature we calculated does not match the signature you provided. Check your key and signing method.
[2026-02-12T04:31:26.484Z] ❌ S3 upload failed for albany/misc/general/unknown/Dec31TC.pdf: The request signature we calculated does not match the signature you provided. Check your key and signing method.
[2026-02-12T04:31:26.507Z] ❌ S3 upload failed for albany/misc/general/unknown/Feb27TC.pdf: The request signature we calculated does not match the signature you provided. Check your key and signing method.
[2026-02-12T04:31:26.517Z] ❌ S3 upload failed for albany/misc/general/2010/EnergyAudit2010.pdf: The request signature we calculated does not match the signature you provided. Check your key and signing method.
[2026-02-12T04:31:26.540Z] ❌ S3 upload failed for albany/misc/general/unknown/HolidayPartyFlyer2.pdf: The request signature we calculated does not match the signature you provided. Check your key and signing method.
[2026-02-12T04:31:26.545Z] ❌ S3 upload failed for albany/misc/general/unknown/FEB28TC.pdf: The request signature we calculated does not match the signature you provided. Check your key and signing method.
[2026-02-12T04:31:26.573Z] ❌ S3 upload failed for albany/misc/general/unknown/Jan2TC.pdf: The request signature we calculated does not match the signature you provided. Check your key and signing method.
[2026-02-12T04:31:26.577Z] ❌ S3 upload failed for albany/misc/general/unknown/Feb4TC.pdf: The request signature we calculated does not match the signature you provided. Check your key and signing method.
[2026-02-12T04:31:26.600Z] ❌ S3 upload failed for albany/misc/general/unknown/Jan3TC.pdf: The request signature we calculated does not match the signature you provided. Check your key and signing method.
[2026-02-12T04:31:26.604Z] ❌ S3 upload failed for albany/misc/general/unknown/Feb5TC.pdf: The request signature we calculated does not match the signature you provided. Check your key and signing method.
[2026-02-12T04:31:26.624Z] ❌ S3 upload failed for albany/misc/general/unknown/Jan6TC.pdf: The request signature we calculated does not match the signature you provided. Check your key and signing method.
[2026-02-12T04:31:26.632Z] ❌ S3 upload failed for albany/misc/general/unknown/Feb6TC.pdf: The request signature we calculated does not match the signature you provided. Check your key and signing method.
[2026-02-12T04:31:26.650Z] ❌ S3 upload failed for albany/misc/general/unknown/Jan9TC.pdf: The request signature we calculated does not match the signature you provided. Check your key and signing method.
[2026-02-12T04:31:26.656Z] ❌ S3 upload failed for albany/misc/general/unknown/Feb11TC.pdf: The request signature we calculated does not match the signature you provided. Check your key and signing method.
[2026-02-12T04:31:26.676Z] ❌ S3 upload failed for albany/misc/general/unknown/Jan10TC.pdf: The request signature we calculated does not match the signature you provided. Check your key and signing method.
[2026-02-12T04:31:26.682Z] ❌ S3 upload failed for albany/misc/general/unknown/Feb12TC.pdf: The request signature we calculated does not match the signature you provided. Check your key and signing method.
[2026-02-12T04:31:26.701Z] ❌ S3 upload failed for albany/misc/general/unknown/Jan12.pdf: The request signature we calculated does not match the signature you provided. Check your key and signing method.
[2026-02-12T04:31:26.713Z] ❌ S3 upload failed for albany/misc/general/unknown/Feb13TC.pdf: The request signature we calculated does not match the signature you provided. Check your key and signing method.
[2026-02-12T04:31:26.728Z] ❌ S3 upload failed for albany/misc/general/unknown/Jan17TC.pdf: The request signature we calculated does not match the signature you provided. Check your key and signing method.
[2026-02-12T04:31:26.742Z] ❌ S3 upload failed for albany/misc/general/unknown/Feb14TC.pdf: The request signature we calculated does not match the signature you provided. Check your key and signing method.
[2026-02-12T04:31:26.754Z] ❌ S3 upload failed for albany/misc/general/unknown/Jan19.pdf: The request signature we calculated does not match the signature you provided. Check your key and signing method.
[2026-02-12T04:31:26.774Z] ❌ S3 upload failed for albany/misc/general/unknown/Feb16TC.pdf: The request signature we calculated does not match the signature you provided. Check your key and signing method.
[2026-02-12T04:31:26.778Z] ❌ S3 upload failed for albany/misc/general/unknown/Jan23TC.pdf: The request signature we calculated does not match the signature you provided. Check your key and signing method.
[2026-02-12T04:31:26.808Z] ❌ S3 upload failed for albany/misc/general/unknown/Feb19TC.pdf: The request signature we calculated does not match the signature you provided. Check your key and signing method.
[2026-02-12T04:31:26.811Z] ❌ S3 upload failed for albany/misc/general/unknown/Jan24TC.pdf: The request signature we calculated does not match the signature you provided. Check your key and signing method.
[2026-02-12T04:31:26.841Z] ❌ S3 upload failed for albany/misc/general/unknown/Feb21TC.pdf: The request signature we calculated does not match the signature you provided. Check your key and signing method.
[2026-02-12T04:31:26.846Z] ❌ S3 upload failed for albany/misc/general/unknown/Jan28TC.pdf: The request signature we calculated does not match the signature you provided. Check your key and signing method.
[2026-02-12T04:31:26.876Z] ❌ S3 upload failed for albany/misc/general/unknown/Feb23TC.pdf: The request signature we calculated does not match the signature you provided. Check your key and signing method.
[2026-02-12T04:31:26.880Z] ❌ S3 upload failed for albany/misc/general/unknown/Jan29TC.pdf: The request signature we calculated does not match the signature you provided. Check your key and signing method.
[2026-02-12T04:31:26.936Z] ❌ S3 upload failed for albany/misc/general/unknown/Feb26TC.pdf: The request signature we calculated does not match the signature you provided. Check your key and signing method.
[2026-02-12T04:31:26.938Z] ❌ S3 upload failed for albany/misc/general/unknown/Jan30TC.pdf: The request signature we calculated does not match the signature you provided. Check your key and signing method.
[2026-02-12T04:31:26.971Z] ❌ S3 upload failed for albany/misc/general/unknown/Jan31.pdf: The request signature we calculated does not match the signature you provided. Check your key and signing method.
[2026-02-12T04:31:26.974Z] ❌ S3 upload failed for albany/misc/general/unknown/Feb27TC.pdf: The request signature we calculated does not match the signature you provided. Check your key and signing method.
[2026-02-12T04:31:27.001Z] ❌ S3 upload failed for albany/misc/general/unknown/July1TC.pdf: The request signature we calculated does not match the signature you provided. Check your key and signing method.
[2026-02-12T04:31:27.002Z] ❌ S3 upload failed for albany/misc/general/unknown/HolidayPartyFlyer2.pdf: The request signature we calculated does not match the signature you provided. Check your key and signing method.
[2026-02-12T04:31:27.038Z] ❌ S3 upload failed for albany/misc/general/unknown/July2TC.pdf: The request signature we calculated does not match the signature you provided. Check your key and signing method.
[2026-02-12T04:31:27.043Z] ❌ S3 upload failed for albany/misc/general/unknown/Jan2TC.pdf: The request signature we calculated does not match the signature you provided. Check your key and signing method.
[2026-02-12T04:31:27.072Z] ❌ S3 upload failed for albany/misc/general/unknown/Jan3TC.pdf: The request signature we calculated does not match the signature you provided. Check your key and signing method.
[2026-02-12T04:31:27.106Z] ❌ S3 upload failed for albany/misc/general/unknown/Jan6TC.pdf: The request signature we calculated does not match the signature you provided. Check your key and signing method.
[2026-02-12T04:31:27.111Z] ❌ S3 upload failed for albany/misc/general/unknown/July3TC.pdf: The request signature we calculated does not match the signature you provided. Check your key and signing method.
[2026-02-12T04:31:27.136Z] ❌ S3 upload failed for albany/misc/general/unknown/July7TC.pdf: The request signature we calculated does not match the signature you provided. Check your key and signing method.
[2026-02-12T04:31:27.149Z] ❌ S3 upload failed for albany/misc/general/unknown/Jan9TC.pdf: The request signature we calculated does not match the signature you provided. Check your key and signing method.
[2026-02-12T04:31:27.162Z] ❌ S3 upload failed for albany/misc/general/unknown/July10TC.pdf: The request signature we calculated does not match the signature you provided. Check your key and signing method.
[2026-02-12T04:31:27.176Z] ❌ S3 upload failed for albany/misc/general/unknown/Jan10TC.pdf: The request signature we calculated does not match the signature you provided. Check your key and signing method.
[2026-02-12T04:31:27.193Z] ❌ S3 upload failed for albany/misc/general/unknown/July11TC.pdf: The request signature we calculated does not match the signature you provided. Check your key and signing method.
[2026-02-12T04:31:27.213Z] ❌ S3 upload failed for albany/misc/general/unknown/Jan12.pdf: The request signature we calculated does not match the signature you provided. Check your key and signing method.
[2026-02-12T04:31:27.221Z] ❌ S3 upload failed for albany/misc/general/unknown/July14TC.pdf: The request signature we calculated does not match the signature you provided. Check your key and signing method.
[2026-02-12T04:31:27.245Z] ❌ S3 upload failed for albany/misc/general/unknown/Jan17TC.pdf: The request signature we calculated does not match the signature you provided. Check your key and signing method.
[2026-02-12T04:31:27.248Z] ❌ S3 upload failed for albany/misc/general/unknown/July17TC.pdf: The request signature we calculated does not match the signature you provided. Check your key and signing method.
[2026-02-12T04:31:27.270Z] ❌ S3 upload failed for albany/misc/general/unknown/Jan19.pdf: The request signature we calculated does not match the signature you provided. Check your key and signing method.
[2026-02-12T04:31:27.273Z] ❌ S3 upload failed for albany/misc/general/unknown/July18TC.pdf: The request signature we calculated does not match the signature you provided. Check your key and signing method.
[2026-02-12T04:31:27.296Z] ❌ S3 upload failed for albany/misc/general/unknown/Jan23TC.pdf: The request signature we calculated does not match the signature you provided. Check your key and signing method.
[2026-02-12T04:31:27.302Z] ❌ S3 upload failed for albany/misc/general/unknown/July24TC.pdf: The request signature we calculated does not match the signature you provided. Check your key and signing method.
[2026-02-12T04:31:27.322Z] ❌ S3 upload failed for albany/misc/general/unknown/Jan24TC.pdf: The request signature we calculated does not match the signature you provided. Check your key and signing method.
[2026-02-12T04:31:27.327Z] ❌ S3 upload failed for albany/misc/general/unknown/July25TC.pdf: The request signature we calculated does not match the signature you provided. Check your key and signing method.
[2026-02-12T04:31:27.353Z] ❌ S3 upload failed for albany/misc/general/unknown/July28TC.pdf: The request signature we calculated does not match the signature you provided. Check your key and signing method.
[2026-02-12T04:31:27.357Z] ❌ S3 upload failed for albany/misc/general/unknown/Jan28TC.pdf: The request signature we calculated does not match the signature you provided. Check your key and signing method.
[2026-02-12T04:31:27.387Z] ❌ S3 upload failed for albany/misc/general/unknown/July30TC.pdf: The request signature we calculated does not match the signature you provided. Check your key and signing method.
[2026-02-12T04:31:27.413Z] ❌ S3 upload failed for albany/misc/general/unknown/July31TC.pdf: The request signature we calculated does not match the signature you provided. Check your key and signing method.
[2026-02-12T04:31:27.417Z] ❌ S3 upload failed for albany/misc/general/unknown/Jan29TC.pdf: The request signature we calculated does not match the signature you provided. Check your key and signing method.
[2026-02-12T04:31:27.443Z] ❌ S3 upload failed for albany/misc/general/unknown/June2TC.pdf: The request signature we calculated does not match the signature you provided. Check your key and signing method.
[2026-02-12T04:31:27.444Z]    Progress: 0 uploaded, 0 skipped, 1150 failed
[2026-02-12T04:31:27.467Z] ❌ S3 upload failed for albany/misc/general/unknown/June4TC.pdf: The request signature we calculated does not match the signature you provided. Check your key and signing method.
[2026-02-12T04:31:27.470Z] ❌ S3 upload failed for albany/misc/general/unknown/Jan30TC.pdf: The request signature we calculated does not match the signature you provided. Check your key and signing method.
[2026-02-12T04:31:27.503Z] ❌ S3 upload failed for albany/misc/general/unknown/June5TC.pdf: The request signature we calculated does not match the signature you provided. Check your key and signing method.
[2026-02-12T04:31:27.533Z] ❌ S3 upload failed for albany/misc/general/unknown/June6TC.pdf: The request signature we calculated does not match the signature you provided. Check your key and signing method.
[2026-02-12T04:31:27.554Z] ❌ S3 upload failed for albany/misc/general/unknown/Jan31.pdf: The request signature we calculated does not match the signature you provided. Check your key and signing method.
[2026-02-12T04:31:27.570Z] ❌ S3 upload failed for albany/misc/general/unknown/June9TC.pdf: The request signature we calculated does not match the signature you provided. Check your key and signing method.
[2026-02-12T04:31:27.583Z] ❌ S3 upload failed for albany/misc/general/unknown/July1TC.pdf: The request signature we calculated does not match the signature you provided. Check your key and signing method.
[2026-02-12T04:31:27.599Z] ❌ S3 upload failed for albany/misc/general/unknown/June10TC.pdf: The request signature we calculated does not match the signature you provided. Check your key and signing method.
[2026-02-12T04:31:27.612Z] ❌ S3 upload failed for albany/misc/general/unknown/July2TC.pdf: The request signature we calculated does not match the signature you provided. Check your key and signing method.
[2026-02-12T04:31:27.642Z] ❌ S3 upload failed for albany/misc/general/unknown/July3TC.pdf: The request signature we calculated does not match the signature you provided. Check your key and signing method.
[2026-02-12T04:31:27.669Z] ❌ S3 upload failed for albany/misc/general/unknown/July7TC.pdf: The request signature we calculated does not match the signature you provided. Check your key and signing method.
[2026-02-12T04:31:27.677Z] ❌ S3 upload failed for albany/misc/general/unknown/June16TC.pdf: The request signature we calculated does not match the signature you provided. Check your key and signing method.
[2026-02-12T04:31:27.696Z] ❌ S3 upload failed for albany/misc/general/unknown/July10TC.pdf: The request signature we calculated does not match the signature you provided. Check your key and signing method.
[2026-02-12T04:31:27.704Z] ❌ S3 upload failed for albany/misc/general/unknown/June18TC.pdf: The request signature we calculated does not match the signature you provided. Check your key and signing method.
[2026-02-12T04:31:27.730Z] ❌ S3 upload failed for albany/misc/general/unknown/July11TC.pdf: The request signature we calculated does not match the signature you provided. Check your key and signing method.
[2026-02-12T04:31:27.734Z] ❌ S3 upload failed for albany/misc/general/unknown/June19TC.pdf: The request signature we calculated does not match the signature you provided. Check your key and signing method.
[2026-02-12T04:31:27.755Z] ❌ S3 upload failed for albany/misc/general/unknown/July14TC.pdf: The request signature we calculated does not match the signature you provided. Check your key and signing method.
[2026-02-12T04:31:27.762Z] ❌ S3 upload failed for albany/misc/general/unknown/June20TC.pdf: The request signature we calculated does not match the signature you provided. Check your key and signing method.
[2026-02-12T04:31:27.784Z] ❌ S3 upload failed for albany/misc/general/unknown/July17TC.pdf: The request signature we calculated does not match the signature you provided. Check your key and signing method.
[2026-02-12T04:31:27.791Z] ❌ S3 upload failed for albany/misc/general/unknown/June23TC.pdf: The request signature we calculated does not match the signature you provided. Check your key and signing method.
[2026-02-12T04:31:27.811Z] ❌ S3 upload failed for albany/misc/general/unknown/July18TC.pdf: The request signature we calculated does not match the signature you provided. Check your key and signing method.
[2026-02-12T04:31:27.815Z] ❌ S3 upload failed for albany/misc/general/unknown/June25TC.pdf: The request signature we calculated does not match the signature you provided. Check your key and signing method.
[2026-02-12T04:31:27.848Z] ❌ S3 upload failed for albany/misc/general/unknown/July24TC.pdf: The request signature we calculated does not match the signature you provided. Check your key and signing method.
[2026-02-12T04:31:27.854Z] ❌ S3 upload failed for albany/misc/general/unknown/June26TC.pdf: The request signature we calculated does not match the signature you provided. Check your key and signing method.
[2026-02-12T04:31:27.882Z] ❌ S3 upload failed for albany/misc/general/unknown/July25TC.pdf: The request signature we calculated does not match the signature you provided. Check your key and signing method.
[2026-02-12T04:31:27.882Z] ❌ S3 upload failed for albany/misc/general/unknown/June27TC.pdf: The request signature we calculated does not match the signature you provided. Check your key and signing method.
[2026-02-12T04:31:27.909Z] ❌ S3 upload failed for albany/misc/general/unknown/LawEnforcementForum.doc: The request signature we calculated does not match the signature you provided. Check your key and signing method.
[2026-02-12T04:31:27.912Z] ❌ S3 upload failed for albany/misc/general/unknown/July28TC.pdf: The request signature we calculated does not match the signature you provided. Check your key and signing method.
[2026-02-12T04:31:27.936Z] ❌ S3 upload failed for albany/misc/general/unknown/March3TC.pdf: The request signature we calculated does not match the signature you provided. Check your key and signing method.
[2026-02-12T04:31:27.945Z] ❌ S3 upload failed for albany/misc/general/unknown/July30TC.pdf: The request signature we calculated does not match the signature you provided. Check your key and signing method.
[2026-02-12T04:31:27.966Z] ❌ S3 upload failed for albany/misc/general/unknown/March5TC.pdf: The request signature we calculated does not match the signature you provided. Check your key and signing method.
[2026-02-12T04:31:27.970Z] ❌ S3 upload failed for albany/misc/general/unknown/July31TC.pdf: The request signature we calculated does not match the signature you provided. Check your key and signing method.
[2026-02-12T04:31:27.992Z] ❌ S3 upload failed for albany/misc/general/unknown/March6TC.pdf: The request signature we calculated does not match the signature you provided. Check your key and signing method.
[2026-02-12T04:31:27.994Z] ❌ S3 upload failed for albany/misc/general/unknown/June2TC.pdf: The request signature we calculated does not match the signature you provided. Check your key and signing method.
[2026-02-12T04:31:27.996Z]    Progress: 0 uploaded, 0 skipped, 1150 failed
[2026-02-12T04:31:28.020Z] ❌ S3 upload failed for albany/misc/general/unknown/March7TC.pdf: The request signature we calculated does not match the signature you provided. Check your key and signing method.
[2026-02-12T04:31:28.024Z] ❌ S3 upload failed for albany/misc/general/unknown/June4TC.pdf: The request signature we calculated does not match the signature you provided. Check your key and signing method.
[2026-02-12T04:31:28.056Z] ❌ S3 upload failed for albany/misc/general/unknown/March9TC.pdf: The request signature we calculated does not match the signature you provided. Check your key and signing method.
[2026-02-12T04:31:28.056Z] ❌ S3 upload failed for albany/misc/general/unknown/June5TC.pdf: The request signature we calculated does not match the signature you provided. Check your key and signing method.
[2026-02-12T04:31:28.081Z] ❌ S3 upload failed for albany/misc/general/unknown/March11A.pdf: The request signature we calculated does not match the signature you provided. Check your key and signing method.
[2026-02-12T04:31:28.086Z] ❌ S3 upload failed for albany/misc/general/unknown/June6TC.pdf: The request signature we calculated does not match the signature you provided. Check your key and signing method.
[2026-02-12T04:31:28.108Z] ❌ S3 upload failed for albany/misc/general/unknown/March12TC.pdf: The request signature we calculated does not match the signature you provided. Check your key and signing method.
[2026-02-12T04:31:28.117Z] ❌ S3 upload failed for albany/misc/general/unknown/June9TC.pdf: The request signature we calculated does not match the signature you provided. Check your key and signing method.
[2026-02-12T04:31:28.143Z] ❌ S3 upload failed for albany/misc/general/unknown/June10TC.pdf: The request signature we calculated does not match the signature you provided. Check your key and signing method.
[2026-02-12T04:31:28.178Z] ❌ S3 upload failed for albany/misc/general/unknown/June16TC.pdf: The request signature we calculated does not match the signature you provided. Check your key and signing method.
[2026-02-12T04:31:28.195Z] ❌ S3 upload failed for albany/misc/general/unknown/March13TC.pdf: The request signature we calculated does not match the signature you provided. Check your key and signing method.
[2026-02-12T04:31:28.205Z] ❌ S3 upload failed for albany/misc/general/unknown/June18TC.pdf: The request signature we calculated does not match the signature you provided. Check your key and signing method.
[2026-02-12T04:31:28.223Z] ❌ S3 upload failed for albany/misc/general/unknown/March16TC.pdf: The request signature we calculated does not match the signature you provided. Check your key and signing method.
[2026-02-12T04:31:28.229Z] ❌ S3 upload failed for albany/misc/general/unknown/June19TC.pdf: The request signature we calculated does not match the signature you provided. Check your key and signing method.
[2026-02-12T04:31:28.244Z] ❌ S3 upload failed for albany/misc/general/unknown/March19TC.pdf: The request signature we calculated does not match the signature you provided. Check your key and signing method.
[2026-02-12T04:31:28.256Z] ❌ S3 upload failed for albany/misc/general/unknown/June20TC.pdf: The request signature we calculated does not match the signature you provided. Check your key and signing method.
[2026-02-12T04:31:28.276Z] ❌ S3 upload failed for albany/misc/general/unknown/March20TC.pdf: The request signature we calculated does not match the signature you provided. Check your key and signing method.
[2026-02-12T04:31:28.282Z] ❌ S3 upload failed for albany/misc/general/unknown/June23TC.pdf: The request signature we calculated does not match the signature you provided. Check your key and signing method.
[2026-02-12T04:31:28.308Z] ❌ S3 upload failed for albany/misc/general/unknown/June25TC.pdf: The request signature we calculated does not match the signature you provided. Check your key and signing method.
[2026-02-12T04:31:28.312Z] ❌ S3 upload failed for albany/misc/general/unknown/March21TC.pdf: The request signature we calculated does not match the signature you provided. Check your key and signing method.
[2026-02-12T04:31:28.333Z] ❌ S3 upload failed for albany/misc/general/unknown/June26TC.pdf: The request signature we calculated does not match the signature you provided. Check your key and signing method.
[2026-02-12T04:31:28.339Z] ❌ S3 upload failed for albany/misc/general/unknown/March24TC.pdf: The request signature we calculated does not match the signature you provided. Check your key and signing method.
[2026-02-12T04:31:28.366Z] ❌ S3 upload failed for albany/misc/general/unknown/June27TC.pdf: The request signature we calculated does not match the signature you provided. Check your key and signing method.
[2026-02-12T04:31:28.374Z] ❌ S3 upload failed for albany/misc/general/unknown/March26TC.pdf: The request signature we calculated does not match the signature you provided. Check your key and signing method.
[2026-02-12T04:31:28.406Z] ❌ S3 upload failed for albany/misc/general/unknown/LawEnforcementForum.doc: The request signature we calculated does not match the signature you provided. Check your key and signing method.
[2026-02-12T04:31:28.413Z] ❌ S3 upload failed for albany/misc/general/unknown/March27TC.pdf: The request signature we calculated does not match the signature you provided. Check your key and signing method.
[2026-02-12T04:31:28.458Z] ❌ S3 upload failed for albany/misc/general/unknown/March3TC.pdf: The request signature we calculated does not match the signature you provided. Check your key and signing method.
[2026-02-12T04:31:28.473Z] ❌ S3 upload failed for albany/misc/general/unknown/March28TC.pdf: The request signature we calculated does not match the signature you provided. Check your key and signing method.
[2026-02-12T04:31:28.486Z] ❌ S3 upload failed for albany/misc/general/unknown/March5TC.pdf: The request signature we calculated does not match the signature you provided. Check your key and signing method.
[2026-02-12T04:31:28.502Z] ❌ S3 upload failed for albany/misc/general/unknown/May1TC.pdf: The request signature we calculated does not match the signature you provided. Check your key and signing method.
[2026-02-12T04:31:28.510Z] ❌ S3 upload failed for albany/misc/general/unknown/March6TC.pdf: The request signature we calculated does not match the signature you provided. Check your key and signing method.
[2026-02-12T04:31:28.530Z] ❌ S3 upload failed for albany/misc/general/unknown/May7TC.pdf: The request signature we calculated does not match the signature you provided. Check your key and signing method.
[2026-02-12T04:31:28.534Z] ❌ S3 upload failed for albany/misc/general/unknown/March7TC.pdf: The request signature we calculated does not match the signature you provided. Check your key and signing method.
[2026-02-12T04:31:28.564Z] ❌ S3 upload failed for albany/misc/general/unknown/March9TC.pdf: The request signature we calculated does not match the signature you provided. Check your key and signing method.
[2026-02-12T04:31:28.604Z] ❌ S3 upload failed for albany/misc/general/unknown/May8TC.pdf: The request signature we calculated does not match the signature you provided. Check your key and signing method.
[2026-02-12T04:31:28.635Z] ❌ S3 upload failed for albany/misc/general/unknown/May9TC.pdf: The request signature we calculated does not match the signature you provided. Check your key and signing method.
[2026-02-12T04:31:28.670Z] ❌ S3 upload failed for albany/misc/general/unknown/May12TC.pdf: The request signature we calculated does not match the signature you provided. Check your key and signing method.
[2026-02-12T04:31:28.712Z] ❌ S3 upload failed for albany/misc/general/unknown/March11A.pdf: The request signature we calculated does not match the signature you provided. Check your key and signing method.
[2026-02-12T04:31:28.737Z] ❌ S3 upload failed for albany/misc/general/unknown/March12TC.pdf: The request signature we calculated does not match the signature you provided. Check your key and signing method.
[2026-02-12T04:31:28.745Z] ❌ S3 upload failed for albany/misc/general/unknown/May14TC.pdf: The request signature we calculated does not match the signature you provided. Check your key and signing method.
[2026-02-12T04:31:28.769Z] ❌ S3 upload failed for albany/misc/general/unknown/March13TC.pdf: The request signature we calculated does not match the signature you provided. Check your key and signing method.
[2026-02-12T04:31:28.771Z] ❌ S3 upload failed for albany/misc/general/unknown/May15TC.pdf: The request signature we calculated does not match the signature you provided. Check your key and signing method.
[2026-02-12T04:31:28.806Z] ❌ S3 upload failed for albany/misc/general/unknown/May19TC.pdf: The request signature we calculated does not match the signature you provided. Check your key and signing method.
[2026-02-12T04:31:28.808Z] ❌ S3 upload failed for albany/misc/general/unknown/March16TC.pdf: The request signature we calculated does not match the signature you provided. Check your key and signing method.
[2026-02-12T04:31:28.833Z] ❌ S3 upload failed for albany/misc/general/unknown/May21TC.pdf: The request signature we calculated does not match the signature you provided. Check your key and signing method.
[2026-02-12T04:31:28.842Z] ❌ S3 upload failed for albany/misc/general/unknown/March19TC.pdf: The request signature we calculated does not match the signature you provided. Check your key and signing method.
[2026-02-12T04:31:28.868Z] ❌ S3 upload failed for albany/misc/general/unknown/May22TC.pdf: The request signature we calculated does not match the signature you provided. Check your key and signing method.
[2026-02-12T04:31:28.872Z] ❌ S3 upload failed for albany/misc/general/unknown/March20TC.pdf: The request signature we calculated does not match the signature you provided. Check your key and signing method.
[2026-02-12T04:31:28.894Z] ❌ S3 upload failed for albany/misc/general/unknown/May23TC.pdf: The request signature we calculated does not match the signature you provided. Check your key and signing method.
[2026-02-12T04:31:28.898Z] ❌ S3 upload failed for albany/misc/general/unknown/March21TC.pdf: The request signature we calculated does not match the signature you provided. Check your key and signing method.
[2026-02-12T04:31:28.925Z] ❌ S3 upload failed for albany/misc/general/unknown/March24TC.pdf: The request signature we calculated does not match the signature you provided. Check your key and signing method.
[2026-02-12T04:31:28.925Z] ❌ S3 upload failed for albany/misc/general/unknown/May28TC.pdf: The request signature we calculated does not match the signature you provided. Check your key and signing method.
[2026-02-12T04:31:28.953Z] ❌ S3 upload failed for albany/misc/general/unknown/March26TC.pdf: The request signature we calculated does not match the signature you provided. Check your key and signing method.
[2026-02-12T04:31:28.957Z] ❌ S3 upload failed for albany/misc/general/unknown/May29TC.pdf: The request signature we calculated does not match the signature you provided. Check your key and signing method.
[2026-02-12T04:31:28.982Z] ❌ S3 upload failed for albany/misc/general/unknown/March27TC.pdf: The request signature we calculated does not match the signature you provided. Check your key and signing method.
[2026-02-12T04:31:28.984Z] ❌ S3 upload failed for albany/misc/general/unknown/May30TC.pdf: The request signature we calculated does not match the signature you provided. Check your key and signing method.
[2026-02-12T04:31:29.009Z] ❌ S3 upload failed for albany/minutes/general/2012/Minutes2012.doc: The request signature we calculated does not match the signature you provided. Check your key and signing method.
[2026-02-12T04:31:29.040Z] ❌ S3 upload failed for albany/minutes/general/2013/Minutes2013.pdf: The request signature we calculated does not match the signature you provided. Check your key and signing method.
[2026-02-12T04:31:29.059Z] ❌ S3 upload failed for albany/misc/general/unknown/March28TC.pdf: The request signature we calculated does not match the signature you provided. Check your key and signing method.
[2026-02-12T04:31:29.071Z] ❌ S3 upload failed for albany/misc/general/unknown/Nov1TC.pdf: The request signature we calculated does not match the signature you provided. Check your key and signing method.
[2026-02-12T04:31:29.091Z] ❌ S3 upload failed for albany/misc/general/unknown/May1TC.pdf: The request signature we calculated does not match the signature you provided. Check your key and signing method.
[2026-02-12T04:31:29.102Z] ❌ S3 upload failed for albany/misc/general/unknown/Nov3TC.pdf: The request signature we calculated does not match the signature you provided. Check your key and signing method.
[2026-02-12T04:31:29.130Z] ❌ S3 upload failed for albany/misc/general/unknown/May7TC.pdf: The request signature we calculated does not match the signature you provided. Check your key and signing method.
[2026-02-12T04:31:29.137Z] ❌ S3 upload failed for albany/misc/general/unknown/Nov6TC.pdf: The request signature we calculated does not match the signature you provided. Check your key and signing method.
[2026-02-12T04:31:29.158Z] ❌ S3 upload failed for albany/misc/general/unknown/May8TC.pdf: The request signature we calculated does not match the signature you provided. Check your key and signing method.
[2026-02-12T04:31:29.166Z] ❌ S3 upload failed for albany/misc/general/unknown/Nov7TC.pdf: The request signature we calculated does not match the signature you provided. Check your key and signing method.
[2026-02-12T04:31:29.167Z]    Progress: 0 uploaded, 0 skipped, 1200 failed
[2026-02-12T04:31:29.187Z] ❌ S3 upload failed for albany/misc/general/unknown/May9TC.pdf: The request signature we calculated does not match the signature you provided. Check your key and signing method.
[2026-02-12T04:31:29.204Z] ❌ S3 upload failed for albany/misc/general/unknown/Nov8.pdf: The request signature we calculated does not match the signature you provided. Check your key and signing method.
[2026-02-12T04:31:29.226Z] ❌ S3 upload failed for albany/misc/general/unknown/May12TC.pdf: The request signature we calculated does not match the signature you provided. Check your key and signing method.
[2026-02-12T04:31:29.243Z] ❌ S3 upload failed for albany/misc/general/unknown/Nov13TC.pdf: The request signature we calculated does not match the signature you provided. Check your key and signing method.
[2026-02-12T04:31:29.256Z] ❌ S3 upload failed for albany/misc/general/unknown/May14TC.pdf: The request signature we calculated does not match the signature you provided. Check your key and signing method.
[2026-02-12T04:31:29.270Z] ❌ S3 upload failed for albany/misc/general/unknown/Nov17TC.pdf: The request signature we calculated does not match the signature you provided. Check your key and signing method.
[2026-02-12T04:31:29.282Z] ❌ S3 upload failed for albany/misc/general/unknown/May15TC.pdf: The request signature we calculated does not match the signature you provided. Check your key and signing method.
[2026-02-12T04:31:29.303Z] ❌ S3 upload failed for albany/misc/general/unknown/Nov19TC.pdf: The request signature we calculated does not match the signature you provided. Check your key and signing method.
[2026-02-12T04:31:29.308Z] ❌ S3 upload failed for albany/misc/general/unknown/May19TC.pdf: The request signature we calculated does not match the signature you provided. Check your key and signing method.
[2026-02-12T04:31:29.335Z] ❌ S3 upload failed for albany/misc/general/unknown/Nov24TC.pdf: The request signature we calculated does not match the signature you provided. Check your key and signing method.
[2026-02-12T04:31:29.335Z] ❌ S3 upload failed for albany/misc/general/unknown/May21TC.pdf: The request signature we calculated does not match the signature you provided. Check your key and signing method.
[2026-02-12T04:31:29.364Z] ❌ S3 upload failed for albany/misc/general/unknown/May22TC.pdf: The request signature we calculated does not match the signature you provided. Check your key and signing method.
[2026-02-12T04:31:29.365Z] ❌ S3 upload failed for albany/misc/general/unknown/Nov26TC.pdf: The request signature we calculated does not match the signature you provided. Check your key and signing method.
[2026-02-12T04:31:29.392Z] ❌ S3 upload failed for albany/misc/general/unknown/Nov28TC.pdf: The request signature we calculated does not match the signature you provided. Check your key and signing method.
[2026-02-12T04:31:29.394Z] ❌ S3 upload failed for albany/misc/general/unknown/May23TC.pdf: The request signature we calculated does not match the signature you provided. Check your key and signing method.
[2026-02-12T04:31:29.422Z] ❌ S3 upload failed for albany/misc/general/unknown/Oct3TC.pdf: The request signature we calculated does not match the signature you provided. Check your key and signing method.
[2026-02-12T04:31:29.422Z] ❌ S3 upload failed for albany/misc/general/unknown/May28TC.pdf: The request signature we calculated does not match the signature you provided. Check your key and signing method.
[2026-02-12T04:31:29.448Z] ❌ S3 upload failed for albany/misc/general/unknown/Oct4.pdf: The request signature we calculated does not match the signature you provided. Check your key and signing method.
[2026-02-12T04:31:29.449Z] ❌ S3 upload failed for albany/misc/general/unknown/May29TC.pdf: The request signature we calculated does not match the signature you provided. Check your key and signing method.
[2026-02-12T04:31:29.474Z] ❌ S3 upload failed for albany/misc/general/unknown/May30TC.pdf: The request signature we calculated does not match the signature you provided. Check your key and signing method.
[2026-02-12T04:31:29.478Z] ❌ S3 upload failed for albany/misc/general/unknown/Oct6TC.pdf: The request signature we calculated does not match the signature you provided. Check your key and signing method.
[2026-02-12T04:31:29.500Z] ❌ S3 upload failed for albany/minutes/general/2012/Minutes2012.doc: The request signature we calculated does not match the signature you provided. Check your key and signing method.
[2026-02-12T04:31:29.503Z] ❌ S3 upload failed for albany/misc/general/unknown/Oct9TC.pdf: The request signature we calculated does not match the signature you provided. Check your key and signing method.
[2026-02-12T04:31:29.528Z] ❌ S3 upload failed for albany/misc/general/unknown/Oct10TC.pdf: The request signature we calculated does not match the signature you provided. Check your key and signing method.
[2026-02-12T04:31:29.530Z] ❌ S3 upload failed for albany/minutes/general/2013/Minutes2013.pdf: The request signature we calculated does not match the signature you provided. Check your key and signing method.
[2026-02-12T04:31:29.553Z] ❌ S3 upload failed for albany/misc/general/unknown/Oct11.pdf: The request signature we calculated does not match the signature you provided. Check your key and signing method.
[2026-02-12T04:31:29.558Z] ❌ S3 upload failed for albany/misc/general/unknown/Nov1TC.pdf: The request signature we calculated does not match the signature you provided. Check your key and signing method.
[2026-02-12T04:31:29.583Z] ❌ S3 upload failed for albany/misc/general/unknown/Nov3TC.pdf: The request signature we calculated does not match the signature you provided. Check your key and signing method.
[2026-02-12T04:31:29.611Z] ❌ S3 upload failed for albany/misc/general/unknown/Nov6TC.pdf: The request signature we calculated does not match the signature you provided. Check your key and signing method.
[2026-02-12T04:31:29.638Z] ❌ S3 upload failed for albany/misc/general/unknown/Oct13TC.pdf: The request signature we calculated does not match the signature you provided. Check your key and signing method.
[2026-02-12T04:31:29.639Z] ❌ S3 upload failed for albany/misc/general/unknown/Nov7TC.pdf: The request signature we calculated does not match the signature you provided. Check your key and signing method.
[2026-02-12T04:31:29.640Z]    Progress: 0 uploaded, 0 skipped, 1200 failed
[2026-02-12T04:31:29.664Z] ❌ S3 upload failed for albany/misc/general/unknown/Oct15TC.pdf: The request signature we calculated does not match the signature you provided. Check your key and signing method.
[2026-02-12T04:31:29.668Z] ❌ S3 upload failed for albany/misc/general/unknown/Nov8.pdf: The request signature we calculated does not match the signature you provided. Check your key and signing method.
[2026-02-12T04:31:29.691Z] ❌ S3 upload failed for albany/misc/general/unknown/Oct17TC.pdf: The request signature we calculated does not match the signature you provided. Check your key and signing method.
[2026-02-12T04:31:29.697Z] ❌ S3 upload failed for albany/misc/general/unknown/Nov13TC.pdf: The request signature we calculated does not match the signature you provided. Check your key and signing method.
[2026-02-12T04:31:29.715Z] ❌ S3 upload failed for albany/misc/general/unknown/Oct18TC.pdf: The request signature we calculated does not match the signature you provided. Check your key and signing method.
[2026-02-12T04:31:29.726Z] ❌ S3 upload failed for albany/misc/general/unknown/Nov17TC.pdf: The request signature we calculated does not match the signature you provided. Check your key and signing method.
[2026-02-12T04:31:29.748Z] ❌ S3 upload failed for albany/misc/general/unknown/Oct20TC.pdf: The request signature we calculated does not match the signature you provided. Check your key and signing method.
[2026-02-12T04:31:29.753Z] ❌ S3 upload failed for albany/misc/general/unknown/Nov19TC.pdf: The request signature we calculated does not match the signature you provided. Check your key and signing method.
[2026-02-12T04:31:29.778Z] ❌ S3 upload failed for albany/misc/general/unknown/Oct22TC.pdf: The request signature we calculated does not match the signature you provided. Check your key and signing method.
[2026-02-12T04:31:29.787Z] ❌ S3 upload failed for albany/misc/general/unknown/Nov24TC.pdf: The request signature we calculated does not match the signature you provided. Check your key and signing method.
[2026-02-12T04:31:29.824Z] ❌ S3 upload failed for albany/misc/general/unknown/Oct23TC.pdf: The request signature we calculated does not match the signature you provided. Check your key and signing method.
[2026-02-12T04:31:29.832Z] ❌ S3 upload failed for albany/misc/general/unknown/Nov26TC.pdf: The request signature we calculated does not match the signature you provided. Check your key and signing method.
[2026-02-12T04:31:29.856Z] ❌ S3 upload failed for albany/misc/general/unknown/Nov28TC.pdf: The request signature we calculated does not match the signature you provided. Check your key and signing method.
[2026-02-12T04:31:29.857Z] ❌ S3 upload failed for albany/misc/general/unknown/Oct24TC.pdf: The request signature we calculated does not match the signature you provided. Check your key and signing method.
[2026-02-12T04:31:29.883Z] ❌ S3 upload failed for albany/misc/general/unknown/Oct3TC.pdf: The request signature we calculated does not match the signature you provided. Check your key and signing method.
[2026-02-12T04:31:29.886Z] ❌ S3 upload failed for albany/misc/general/unknown/Oct25TC.pdf: The request signature we calculated does not match the signature you provided. Check your key and signing method.
[2026-02-12T04:31:29.909Z] ❌ S3 upload failed for albany/misc/general/unknown/Oct27TC.pdf: The request signature we calculated does not match the signature you provided. Check your key and signing method.
[2026-02-12T04:31:29.914Z] ❌ S3 upload failed for albany/misc/general/unknown/Oct4.pdf: The request signature we calculated does not match the signature you provided. Check your key and signing method.
[2026-02-12T04:31:29.945Z] ❌ S3 upload failed for albany/misc/general/unknown/Oct6TC.pdf: The request signature we calculated does not match the signature you provided. Check your key and signing method.
[2026-02-12T04:31:29.976Z] ❌ S3 upload failed for albany/misc/general/unknown/Oct9TC.pdf: The request signature we calculated does not match the signature you provided. Check your key and signing method.
[2026-02-12T04:31:29.982Z] ❌ S3 upload failed for albany/misc/general/unknown/Oct29Tc.pdf: The request signature we calculated does not match the signature you provided. Check your key and signing method.
[2026-02-12T04:31:30.008Z] ❌ S3 upload failed for albany/misc/general/unknown/Oct30TC.pdf: The request signature we calculated does not match the signature you provided. Check your key and signing method.
[2026-02-12T04:31:30.011Z] ❌ S3 upload failed for albany/misc/general/unknown/Oct10TC.pdf: The request signature we calculated does not match the signature you provided. Check your key and signing method.
[2026-02-12T04:31:30.039Z] ❌ S3 upload failed for albany/misc/general/unknown/Oct11.pdf: The request signature we calculated does not match the signature you provided. Check your key and signing method.
[2026-02-12T04:31:30.044Z] ❌ S3 upload failed for albany/misc/general/2011/PartyFlyer2011.pdf: The request signature we calculated does not match the signature you provided. Check your key and signing method.
[2026-02-12T04:31:30.067Z] ❌ S3 upload failed for albany/misc/general/unknown/Oct13TC.pdf: The request signature we calculated does not match the signature you provided. Check your key and signing method.
[2026-02-12T04:31:30.075Z] ❌ S3 upload failed for albany/budget/general/2009/Proposed2009Budget.pdf: The request signature we calculated does not match the signature you provided. Check your key and signing method.
[2026-02-12T04:31:30.094Z] ❌ S3 upload failed for albany/misc/general/unknown/Oct15TC.pdf: The request signature we calculated does not match the signature you provided. Check your key and signing method.
[2026-02-12T04:31:30.118Z] ❌ S3 upload failed for albany/misc/general/unknown/Oct17TC.pdf: The request signature we calculated does not match the signature you provided. Check your key and signing method.
[2026-02-12T04:31:30.130Z] ❌ S3 upload failed for albany/misc/general/unknown/Sept1TC.pdf: The request signature we calculated does not match the signature you provided. Check your key and signing method.
[2026-02-12T04:31:30.154Z] ❌ S3 upload failed for albany/misc/general/unknown/Sept3TC.pdf: The request signature we calculated does not match the signature you provided. Check your key and signing method.
[2026-02-12T04:31:30.163Z] ❌ S3 upload failed for albany/misc/general/unknown/Oct18TC.pdf: The request signature we calculated does not match the signature you provided. Check your key and signing method.
[2026-02-12T04:31:30.181Z] ❌ S3 upload failed for albany/misc/general/unknown/Sept5TC.pdf: The request signature we calculated does not match the signature you provided. Check your key and signing method.
[2026-02-12T04:31:30.191Z] ❌ S3 upload failed for albany/misc/general/unknown/Oct20TC.pdf: The request signature we calculated does not match the signature you provided. Check your key and signing method.
[2026-02-12T04:31:30.208Z] ❌ S3 upload failed for albany/misc/general/unknown/Sept10TC.pdf: The request signature we calculated does not match the signature you provided. Check your key and signing method.
[2026-02-12T04:31:30.220Z] ❌ S3 upload failed for albany/misc/general/unknown/Oct22TC.pdf: The request signature we calculated does not match the signature you provided. Check your key and signing method.
[2026-02-12T04:31:30.237Z] ❌ S3 upload failed for albany/misc/general/unknown/Sept15TC.pdf: The request signature we calculated does not match the signature you provided. Check your key and signing method.
[2026-02-12T04:31:30.247Z] ❌ S3 upload failed for albany/misc/general/unknown/Oct23TC.pdf: The request signature we calculated does not match the signature you provided. Check your key and signing method.
[2026-02-12T04:31:30.260Z] ❌ S3 upload failed for albany/misc/general/unknown/Sept19TC.pdf: The request signature we calculated does not match the signature you provided. Check your key and signing method.
[2026-02-12T04:31:30.283Z] ❌ S3 upload failed for albany/misc/general/unknown/Oct24TC.pdf: The request signature we calculated does not match the signature you provided. Check your key and signing method.
[2026-02-12T04:31:30.287Z] ❌ S3 upload failed for albany/misc/general/unknown/Sept25TC.pdf: The request signature we calculated does not match the signature you provided. Check your key and signing method.
[2026-02-12T04:31:30.315Z] ❌ S3 upload failed for albany/misc/general/unknown/Sept26TC.pdf: The request signature we calculated does not match the signature you provided. Check your key and signing method.
[2026-02-12T04:31:30.316Z] ❌ S3 upload failed for albany/misc/general/unknown/Oct25TC.pdf: The request signature we calculated does not match the signature you provided. Check your key and signing method.
[2026-02-12T04:31:30.343Z] ❌ S3 upload failed for albany/misc/general/unknown/September18TC.pdf: The request signature we calculated does not match the signature you provided. Check your key and signing method.
[2026-02-12T04:31:30.346Z] ❌ S3 upload failed for albany/misc/general/unknown/Oct27TC.pdf: The request signature we calculated does not match the signature you provided. Check your key and signing method.
[2026-02-12T04:31:30.371Z] ❌ S3 upload failed for albany/warrants/general/unknown/Spec.Tn.MtgWarrant.pdf: The request signature we calculated does not match the signature you provided. Check your key and signing method.
[2026-02-12T04:31:30.390Z] ❌ S3 upload failed for albany/misc/general/unknown/Oct29Tc.pdf: The request signature we calculated does not match the signature you provided. Check your key and signing method.
[2026-02-12T04:31:30.398Z] ❌ S3 upload failed for albany/misc/general/unknown/SpecTownMtgDec08.pdf: The request signature we calculated does not match the signature you provided. Check your key and signing method.
[2026-02-12T04:31:30.418Z] ❌ S3 upload failed for albany/misc/general/unknown/Oct30TC.pdf: The request signature we calculated does not match the signature you provided. Check your key and signing method.
[2026-02-12T04:31:30.426Z] ❌ S3 upload failed for albany/misc/general/unknown/StateAbsenteeBallotApp.pdf: The request signature we calculated does not match the signature you provided. Check your key and signing method.
[2026-02-12T04:31:30.447Z] ❌ S3 upload failed for albany/misc/general/2011/PartyFlyer2011.pdf: The request signature we calculated does not match the signature you provided. Check your key and signing method.
[2026-02-12T04:31:30.454Z] ❌ S3 upload failed for albany/misc/general/unknown/ThriftStore.pdf: The request signature we calculated does not match the signature you provided. Check your key and signing method.
[2026-02-12T04:31:30.478Z] ❌ S3 upload failed for albany/budget/general/2009/Proposed2009Budget.pdf: The request signature we calculated does not match the signature you provided. Check your key and signing method.
[2026-02-12T04:31:30.531Z] ❌ S3 upload failed for albany/annual-reports/general/unknown/TownReport.pdf: The request signature we calculated does not match the signature you provided. Check your key and signing method.
[2026-02-12T04:31:30.537Z] ❌ S3 upload failed for albany/misc/general/unknown/Sept1TC.pdf: The request signature we calculated does not match the signature you provided. Check your key and signing method.
[2026-02-12T04:31:30.566Z] ❌ S3 upload failed for albany/annual-reports/general/2009/TownReport2009.pdf: The request signature we calculated does not match the signature you provided. Check your key and signing method.
[2026-02-12T04:31:30.579Z] ❌ S3 upload failed for albany/misc/general/unknown/Sept3TC.pdf: The request signature we calculated does not match the signature you provided. Check your key and signing method.
[2026-02-12T04:31:30.599Z] ❌ S3 upload failed for albany/misc/general/unknown/TownofAlbany.pdf: The request signature we calculated does not match the signature you provided. Check your key and signing method.
[2026-02-12T04:31:30.607Z] ❌ S3 upload failed for albany/misc/general/unknown/Sept5TC.pdf: The request signature we calculated does not match the signature you provided. Check your key and signing method.
[2026-02-12T04:31:30.625Z] ❌ S3 upload failed for albany/misc/general/unknown/WorkScope.pdf: The request signature we calculated does not match the signature you provided. Check your key and signing method.
[2026-02-12T04:31:30.631Z] ❌ S3 upload failed for albany/misc/general/unknown/Sept10TC.pdf: The request signature we calculated does not match the signature you provided. Check your key and signing method.
[2026-02-12T04:31:30.652Z] ❌ S3 upload failed for albany/zoning/general/unknown/ZoningAmendments.pdf: The request signature we calculated does not match the signature you provided. Check your key and signing method.
[2026-02-12T04:31:30.657Z] ❌ S3 upload failed for albany/misc/general/unknown/Sept15TC.pdf: The request signature we calculated does not match the signature you provided. Check your key and signing method.
[2026-02-12T04:31:30.677Z] ❌ S3 upload failed for albany/misc/general/unknown/march10TC.pdf: The request signature we calculated does not match the signature you provided. Check your key and signing method.
[2026-02-12T04:31:30.685Z] ❌ S3 upload failed for albany/misc/general/unknown/Sept19TC.pdf: The request signature we calculated does not match the signature you provided. Check your key and signing method.
[2026-02-12T04:31:30.713Z] ❌ S3 upload failed for albany/misc/general/unknown/presentation4Mfinal.pptx: The request signature we calculated does not match the signature you provided. Check your key and signing method.
[2026-02-12T04:31:30.714Z] ❌ S3 upload failed for albany/misc/general/unknown/Sept25TC.pdf: The request signature we calculated does not match the signature you provided. Check your key and signing method.
[2026-02-12T04:31:30.714Z] ✅ Completed Albany: 0 uploaded, 0 skipped, 1247 failed (0.7 min)
[2026-02-12T04:31:30.716Z] 📬 New upload queue detected: albany-1770870649141.json
[2026-02-12T04:31:30.737Z] ❌ S3 upload failed for albany/misc/general/unknown/Sept26TC.pdf: The request signature we calculated does not match the signature you provided. Check your key and signing method.
[2026-02-12T04:31:30.763Z] ❌ S3 upload failed for albany/misc/general/unknown/September18TC.pdf: The request signature we calculated does not match the signature you provided. Check your key and signing method.
[2026-02-12T04:31:30.788Z] ❌ S3 upload failed for albany/warrants/general/unknown/Spec.Tn.MtgWarrant.pdf: The request signature we calculated does not match the signature you provided. Check your key and signing method.
[2026-02-12T04:31:30.823Z] ❌ S3 upload failed for albany/misc/general/unknown/SpecTownMtgDec08.pdf: The request signature we calculated does not match the signature you provided. Check your key and signing method.
[2026-02-12T04:31:30.852Z] ❌ S3 upload failed for albany/misc/general/unknown/StateAbsenteeBallotApp.pdf: The request signature we calculated does not match the signature you provided. Check your key and signing method.
[2026-02-12T04:31:30.873Z] ❌ S3 upload failed for albany/misc/general/unknown/ThriftStore.pdf: The request signature we calculated does not match the signature you provided. Check your key and signing method.
[2026-02-12T04:31:30.920Z] ❌ S3 upload failed for albany/annual-reports/general/unknown/TownReport.pdf: The request signature we calculated does not match the signature you provided. Check your key and signing method.
[2026-02-12T04:31:30.947Z] ❌ S3 upload failed for albany/annual-reports/general/2009/TownReport2009.pdf: The request signature we calculated does not match the signature you provided. Check your key and signing method.
[2026-02-12T04:31:30.986Z] ❌ S3 upload failed for albany/misc/general/unknown/TownofAlbany.pdf: The request signature we calculated does not match the signature you provided. Check your key and signing method.
[2026-02-12T04:31:31.025Z] ❌ S3 upload failed for albany/misc/general/unknown/WorkScope.pdf: The request signature we calculated does not match the signature you provided. Check your key and signing method.
[2026-02-12T04:31:31.055Z] ❌ S3 upload failed for albany/zoning/general/unknown/ZoningAmendments.pdf: The request signature we calculated does not match the signature you provided. Check your key and signing method.
[2026-02-12T04:31:31.083Z] ❌ S3 upload failed for albany/misc/general/unknown/march10TC.pdf: The request signature we calculated does not match the signature you provided. Check your key and signing method.
[2026-02-12T04:31:31.128Z] ❌ S3 upload failed for albany/misc/general/unknown/presentation4Mfinal.pptx: The request signature we calculated does not match the signature you provided. Check your key and signing method.
[2026-02-12T04:31:31.129Z] ✅ Completed Albany: 0 uploaded, 0 skipped, 1247 failed (0.7 min)
[2026-02-12T04:31:31.129Z] ❌ Failed to process queue /home/ubuntu/.openclaw/workspace/OPENCouncil/upload-queue/albany-1770870649141.json: ENOENT: no such file or directory, rename '/home/ubuntu/.openclaw/workspace/OPENCouncil/upload-queue/albany-1770870649141.json' -> '/home/ubuntu/.openclaw/workspace/OPENCouncil/upload-queue/processed/albany-1770870649141.json'
[2026-02-12T04:34:14.259Z] 📬 New upload queue detected: bartlett-1770870854258.json
[2026-02-12T04:34:14.259Z] 📬 New upload queue detected: bartlett-1770870854258.json
[2026-02-12T04:34:15.261Z] 📋 Found 1 upload queue(s)
[2026-02-12T04:34:15.261Z] 📋 Found 1 upload queue(s)
[2026-02-12T04:34:15.263Z] 📦 Processing upload queue: bartlett-1770870854258.json
[2026-02-12T04:34:15.263Z] 📦 Processing upload queue: bartlett-1770870854258.json
[2026-02-12T04:34:15.291Z] ❌ S3 upload failed for bartlett/misc/general/2024/New-Fees-Effective-July-1-2024-PDF.pdf: The request signature we calculated does not match the signature you provided. Check your key and signing method.
[2026-02-12T04:34:15.294Z] ❌ S3 upload failed for bartlett/misc/general/2024/New-Fees-Effective-July-1-2024-PDF.pdf: The request signature we calculated does not match the signature you provided. Check your key and signing method.
[2026-02-12T04:34:15.322Z] ❌ S3 upload failed for bartlett/misc/general/unknown/Accessory-Dwelling-Unit-Permit-and-Checklist-PDF.pdf: The request signature we calculated does not match the signature you provided. Check your key and signing method.
[2026-02-12T04:34:15.325Z] ❌ S3 upload failed for bartlett/misc/general/unknown/Accessory-Dwelling-Unit-Permit-and-Checklist-PDF.pdf: The request signature we calculated does not match the signature you provided. Check your key and signing method.
[2026-02-12T04:34:15.357Z] ❌ S3 upload failed for bartlett/misc/general/unknown/Addition-Permit-PDF.pdf: The request signature we calculated does not match the signature you provided. Check your key and signing method.
[2026-02-12T04:34:15.378Z] ❌ S3 upload failed for bartlett/misc/general/unknown/Addition-Permit-PDF.pdf: The request signature we calculated does not match the signature you provided. Check your key and signing method.
[2026-02-12T04:34:15.391Z] ❌ S3 upload failed for bartlett/misc/general/unknown/Detached-Addition-Building-Permit-PDF.pdf: The request signature we calculated does not match the signature you provided. Check your key and signing method.
[2026-02-12T04:34:15.405Z] ❌ S3 upload failed for bartlett/misc/general/unknown/Detached-Addition-Building-Permit-PDF.pdf: The request signature we calculated does not match the signature you provided. Check your key and signing method.
[2026-02-12T04:34:15.427Z] ❌ S3 upload failed for bartlett/misc/general/unknown/Interior-Change-of-Use-Residential-PDF.pdf: The request signature we calculated does not match the signature you provided. Check your key and signing method.
[2026-02-12T04:34:15.438Z] ❌ S3 upload failed for bartlett/misc/general/unknown/Interior-Change-of-Use-Residential-PDF.pdf: The request signature we calculated does not match the signature you provided. Check your key and signing method.
[2026-02-12T04:34:15.451Z] ❌ S3 upload failed for bartlett/forms/general/unknown/Minor-Modification-Form-PDF.pdf: The request signature we calculated does not match the signature you provided. Check your key and signing method.
[2026-02-12T04:34:15.478Z] ❌ S3 upload failed for bartlett/forms/general/unknown/Minor-Modification-Form-PDF.pdf: The request signature we calculated does not match the signature you provided. Check your key and signing method.
[2026-02-12T04:34:15.481Z] ❌ S3 upload failed for bartlett/forms/general/unknown/New-House-Building-Permit-Application-PDF.pdf: The request signature we calculated does not match the signature you provided. Check your key and signing method.
[2026-02-12T04:34:15.509Z] ❌ S3 upload failed for bartlett/forms/general/unknown/New-House-Building-Permit-Application-PDF.pdf: The request signature we calculated does not match the signature you provided. Check your key and signing method.
[2026-02-12T04:34:15.510Z] ❌ S3 upload failed for bartlett/misc/general/unknown/Annual-Sign-Permit-Real-Estate-Contracted-Services-Etc-PDF.pdf: The request signature we calculated does not match the signature you provided. Check your key and signing method.
[2026-02-12T04:34:15.538Z] ❌ S3 upload failed for bartlett/forms/general/unknown/Cell-Tower-Application-or-Modification-PDF.pdf: The request signature we calculated does not match the signature you provided. Check your key and signing method.
[2026-02-12T04:34:15.544Z] ❌ S3 upload failed for bartlett/misc/general/unknown/Annual-Sign-Permit-Real-Estate-Contracted-Services-Etc-PDF.pdf: The request signature we calculated does not match the signature you provided. Check your key and signing method.
[2026-02-12T04:34:15.571Z] ❌ S3 upload failed for bartlett/misc/general/unknown/Commercial-Building-Permit-PDF.pdf: The request signature we calculated does not match the signature you provided. Check your key and signing method.
[2026-02-12T04:34:15.577Z] ❌ S3 upload failed for bartlett/forms/general/unknown/Cell-Tower-Application-or-Modification-PDF.pdf: The request signature we calculated does not match the signature you provided. Check your key and signing method.
[2026-02-12T04:34:15.603Z] ❌ S3 upload failed for bartlett/misc/general/unknown/Commercial-Change-of-Use-Permit-PDF.pdf: The request signature we calculated does not match the signature you provided. Check your key and signing method.
[2026-02-12T04:34:15.627Z] ❌ S3 upload failed for bartlett/misc/general/unknown/Commercial-Building-Permit-PDF.pdf: The request signature we calculated does not match the signature you provided. Check your key and signing method.
[2026-02-12T04:34:15.634Z] ❌ S3 upload failed for bartlett/misc/general/unknown/Open-House-Sign-Permit-PDF.pdf: The request signature we calculated does not match the signature you provided. Check your key and signing method.
[2026-02-12T04:34:15.655Z] ❌ S3 upload failed for bartlett/misc/general/unknown/Commercial-Change-of-Use-Permit-PDF.pdf: The request signature we calculated does not match the signature you provided. Check your key and signing method.
[2026-02-12T04:34:15.666Z] ❌ S3 upload failed for bartlett/misc/general/unknown/Sign-Permit-PDF.pdf: The request signature we calculated does not match the signature you provided. Check your key and signing method.
[2026-02-12T04:34:15.685Z] ❌ S3 upload failed for bartlett/misc/general/unknown/Open-House-Sign-Permit-PDF.pdf: The request signature we calculated does not match the signature you provided. Check your key and signing method.
[2026-02-12T04:34:15.689Z] ❌ S3 upload failed for bartlett/misc/general/unknown/Tent-Sale-Permit-PDF.pdf: The request signature we calculated does not match the signature you provided. Check your key and signing method.
[2026-02-12T04:34:15.727Z] ❌ S3 upload failed for bartlett/misc/general/unknown/Sign-Permit-PDF.pdf: The request signature we calculated does not match the signature you provided. Check your key and signing method.
[2026-02-12T04:34:15.734Z] ❌ S3 upload failed for bartlett/misc/general/unknown/Vendor-Permit---Includes-Food-Trucks-PDF.pdf: The request signature we calculated does not match the signature you provided. Check your key and signing method.
[2026-02-12T04:34:15.754Z] ❌ S3 upload failed for bartlett/misc/general/unknown/Tent-Sale-Permit-PDF.pdf: The request signature we calculated does not match the signature you provided. Check your key and signing method.
[2026-02-12T04:34:15.764Z] ❌ S3 upload failed for bartlett/forms/general/unknown/Address-Change-Form-PDF.pdf: The request signature we calculated does not match the signature you provided. Check your key and signing method.
[2026-02-12T04:34:15.787Z] ❌ S3 upload failed for bartlett/misc/general/unknown/Vendor-Permit---Includes-Food-Trucks-PDF.pdf: The request signature we calculated does not match the signature you provided. Check your key and signing method.
[2026-02-12T04:34:15.796Z] ❌ S3 upload failed for bartlett/misc/general/unknown/Demolition-Notification-PDF.pdf: The request signature we calculated does not match the signature you provided. Check your key and signing method.
[2026-02-12T04:34:15.825Z] ❌ S3 upload failed for bartlett/forms/general/unknown/Address-Change-Form-PDF.pdf: The request signature we calculated does not match the signature you provided. Check your key and signing method.
[2026-02-12T04:34:15.864Z] ❌ S3 upload failed for bartlett/forms/general/unknown/Driveway-Permit-Application-PDF.pdf: The request signature we calculated does not match the signature you provided. Check your key and signing method.
[2026-02-12T04:34:15.898Z] ❌ S3 upload failed for bartlett/misc/general/unknown/E911-House-Number-Request-PDF.pdf: The request signature we calculated does not match the signature you provided. Check your key and signing method.
[2026-02-12T04:34:15.917Z] ❌ S3 upload failed for bartlett/misc/general/unknown/Demolition-Notification-PDF.pdf: The request signature we calculated does not match the signature you provided. Check your key and signing method.
[2026-02-12T04:34:15.931Z] ❌ S3 upload failed for bartlett/misc/general/unknown/Permit-to-Excavate-in-a-Town-Road-PDF.pdf: The request signature we calculated does not match the signature you provided. Check your key and signing method.
[2026-02-12T04:34:15.946Z] ❌ S3 upload failed for bartlett/forms/general/unknown/Driveway-Permit-Application-PDF.pdf: The request signature we calculated does not match the signature you provided. Check your key and signing method.
[2026-02-12T04:34:15.947Z] ❌ S3 upload failed for bartlett/misc/general/unknown/Raffle-Permit-PDF.pdf: The request signature we calculated does not match the signature you provided. Check your key and signing method.
[2026-02-12T04:34:15.973Z] ❌ S3 upload failed for bartlett/misc/general/unknown/E911-House-Number-Request-PDF.pdf: The request signature we calculated does not match the signature you provided. Check your key and signing method.
[2026-02-12T04:34:15.984Z] ❌ S3 upload failed for bartlett/forms/general/unknown/Request-for-Assistance-Application-PDF.pdf: The request signature we calculated does not match the signature you provided. Check your key and signing method.
[2026-02-12T04:34:16.019Z] ❌ S3 upload failed for bartlett/forms/general/unknown/Solar-Array-Application-PDF.pdf: The request signature we calculated does not match the signature you provided. Check your key and signing method.
[2026-02-12T04:34:16.034Z] ❌ S3 upload failed for bartlett/misc/general/unknown/Permit-to-Excavate-in-a-Town-Road-PDF.pdf: The request signature we calculated does not match the signature you provided. Check your key and signing method.
[2026-02-12T04:34:16.045Z] ❌ S3 upload failed for bartlett/misc/general/unknown/Special-Event-License-PDF.pdf: The request signature we calculated does not match the signature you provided. Check your key and signing method.
[2026-02-12T04:34:16.058Z] ❌ S3 upload failed for bartlett/misc/general/unknown/Raffle-Permit-PDF.pdf: The request signature we calculated does not match the signature you provided. Check your key and signing method.
[2026-02-12T04:34:16.071Z] ❌ S3 upload failed for bartlett/regulations/general/2022/Town-of-Bartlett-Street-Regulations---Revised-August-12-2022-PDF.pdf: The request signature we calculated does not match the signature you provided. Check your key and signing method.
[2026-02-12T04:34:16.101Z] ❌ S3 upload failed for bartlett/ordinances/general/2022/Town-of-Bartlett-Zoning-Ordinance---Amended-March-2022-PDF.pdf: The request signature we calculated does not match the signature you provided. Check your key and signing method.
[2026-02-12T04:34:16.101Z] ✅ Completed Bartlett: 0 uploaded, 0 skipped, 26 failed (0.0 min)
[2026-02-12T04:34:16.102Z] 📬 New upload queue detected: bartlett-1770870854258.json
[2026-02-12T04:34:16.104Z] ❌ S3 upload failed for bartlett/forms/general/unknown/Request-for-Assistance-Application-PDF.pdf: The request signature we calculated does not match the signature you provided. Check your key and signing method.
[2026-02-12T04:34:16.140Z] ❌ S3 upload failed for bartlett/forms/general/unknown/Solar-Array-Application-PDF.pdf: The request signature we calculated does not match the signature you provided. Check your key and signing method.
[2026-02-12T04:34:16.181Z] ❌ S3 upload failed for bartlett/misc/general/unknown/Special-Event-License-PDF.pdf: The request signature we calculated does not match the signature you provided. Check your key and signing method.
[2026-02-12T04:34:16.211Z] ❌ S3 upload failed for bartlett/regulations/general/2022/Town-of-Bartlett-Street-Regulations---Revised-August-12-2022-PDF.pdf: The request signature we calculated does not match the signature you provided. Check your key and signing method.
[2026-02-12T04:34:16.243Z] ❌ S3 upload failed for bartlett/ordinances/general/2022/Town-of-Bartlett-Zoning-Ordinance---Amended-March-2022-PDF.pdf: The request signature we calculated does not match the signature you provided. Check your key and signing method.
[2026-02-12T04:34:16.244Z] ✅ Completed Bartlett: 0 uploaded, 0 skipped, 26 failed (0.0 min)
[2026-02-12T04:34:16.245Z] ❌ Failed to process queue /home/ubuntu/.openclaw/workspace/OPENCouncil/upload-queue/bartlett-1770870854258.json: ENOENT: no such file or directory, rename '/home/ubuntu/.openclaw/workspace/OPENCouncil/upload-queue/bartlett-1770870854258.json' -> '/home/ubuntu/.openclaw/workspace/OPENCouncil/upload-queue/processed/bartlett-1770870854258.json'
[2026-02-12T04:38:46.716Z] 📬 New upload queue detected: brookfield-1770871126716.json
[2026-02-12T04:38:46.716Z] 📬 New upload queue detected: brookfield-1770871126716.json
[2026-02-12T04:38:47.719Z] 📋 Found 1 upload queue(s)
[2026-02-12T04:38:47.719Z] 📋 Found 1 upload queue(s)
[2026-02-12T04:38:47.720Z] 📦 Processing upload queue: brookfield-1770871126716.json
[2026-02-12T04:38:47.720Z] 📦 Processing upload queue: brookfield-1770871126716.json
[2026-02-12T04:38:47.748Z] ❌ S3 upload failed for brookfield/misc/general/2025/municipal_fees_-_updated_3-28-2025_1.pdf: The request signature we calculated does not match the signature you provided. Check your key and signing method.
[2026-02-12T04:38:47.751Z] ❌ S3 upload failed for brookfield/misc/general/2025/municipal_fees_-_updated_3-28-2025_1.pdf: The request signature we calculated does not match the signature you provided. Check your key and signing method.
[2026-02-12T04:38:47.797Z] ❌ S3 upload failed for brookfield/reports/general/2024/2024_annual_report_.pdf: The request signature we calculated does not match the signature you provided. Check your key and signing method.
[2026-02-12T04:38:47.798Z] ❌ S3 upload failed for brookfield/reports/general/2024/2024_annual_report_.pdf: The request signature we calculated does not match the signature you provided. Check your key and signing method.
[2026-02-12T04:38:47.819Z] ❌ S3 upload failed for brookfield/forms/general/2025/2025_updated_application_for_building_permit_4.pdf: The request signature we calculated does not match the signature you provided. Check your key and signing method.
[2026-02-12T04:38:47.828Z] ❌ S3 upload failed for brookfield/forms/general/2025/2025_updated_application_for_building_permit_4.pdf: The request signature we calculated does not match the signature you provided. Check your key and signing method.
[2026-02-12T04:38:47.845Z] ❌ S3 upload failed for brookfield/forms/general/unknown/home-based_occupation_permit_application_0.pdf: The request signature we calculated does not match the signature you provided. Check your key and signing method.
[2026-02-12T04:38:47.862Z] ❌ S3 upload failed for brookfield/forms/general/unknown/home-based_occupation_permit_application_0.pdf: The request signature we calculated does not match the signature you provided. Check your key and signing method.
[2026-02-12T04:38:47.876Z] ❌ S3 upload failed for brookfield/forms/general/unknown/form_-_request_for_vital_record.pdf: The request signature we calculated does not match the signature you provided. Check your key and signing method.
[2026-02-12T04:38:47.876Z] ✅ Completed Brookfield: 0 uploaded, 0 skipped, 5 failed (0.0 min)
[2026-02-12T04:38:47.877Z] 📬 New upload queue detected: brookfield-1770871126716.json
[2026-02-12T04:38:47.890Z] ❌ S3 upload failed for brookfield/forms/general/unknown/form_-_request_for_vital_record.pdf: The request signature we calculated does not match the signature you provided. Check your key and signing method.
[2026-02-12T04:38:47.890Z] ✅ Completed Brookfield: 0 uploaded, 0 skipped, 5 failed (0.0 min)
[2026-02-12T04:38:47.891Z] ❌ Failed to process queue /home/ubuntu/.openclaw/workspace/OPENCouncil/upload-queue/brookfield-1770871126716.json: ENOENT: no such file or directory, rename '/home/ubuntu/.openclaw/workspace/OPENCouncil/upload-queue/brookfield-1770871126716.json' -> '/home/ubuntu/.openclaw/workspace/OPENCouncil/upload-queue/processed/brookfield-1770871126716.json'
[2026-02-12T04:41:42.857Z] 📬 New upload queue detected: chatham-1770871302857.json
[2026-02-12T04:41:42.858Z] 📬 New upload queue detected: chatham-1770871302857.json
[2026-02-12T04:41:43.860Z] 📋 Found 1 upload queue(s)
[2026-02-12T04:41:43.860Z] 📋 Found 1 upload queue(s)
[2026-02-12T04:41:43.861Z] 📦 Processing upload queue: chatham-1770871302857.json
[2026-02-12T04:41:43.861Z] 📦 Processing upload queue: chatham-1770871302857.json
[2026-02-12T04:41:43.903Z] ❌ S3 upload failed for chatham/forms/general/2017/Floodplain-Development-Permit-Application-final.pdf: The request signature we calculated does not match the signature you provided. Check your key and signing method.
[2026-02-12T04:41:43.909Z] ❌ S3 upload failed for chatham/forms/general/2017/Floodplain-Development-Permit-Application-final.pdf: The request signature we calculated does not match the signature you provided. Check your key and signing method.
[2026-02-12T04:41:43.954Z] ❌ S3 upload failed for chatham/ordinances/general/2017/Floodplain-Ordinance-final-and-sealed.pdf: The request signature we calculated does not match the signature you provided. Check your key and signing method.
[2026-02-12T04:41:43.958Z] ❌ S3 upload failed for chatham/ordinances/general/2017/Floodplain-Ordinance-final-and-sealed.pdf: The request signature we calculated does not match the signature you provided. Check your key and signing method.
[2026-02-12T04:41:43.976Z] ❌ S3 upload failed for chatham/regulations/general/2022/FINAL2022-Subdivision-Regulations.pdf: The request signature we calculated does not match the signature you provided. Check your key and signing method.
[2026-02-12T04:41:43.989Z] ❌ S3 upload failed for chatham/regulations/general/2022/FINAL2022-Subdivision-Regulations.pdf: The request signature we calculated does not match the signature you provided. Check your key and signing method.
[2026-02-12T04:41:44.010Z] ❌ S3 upload failed for chatham/forms/general/2014/Chatham-2014-Subdivision-application.pdf: The request signature we calculated does not match the signature you provided. Check your key and signing method.
[2026-02-12T04:41:44.019Z] ❌ S3 upload failed for chatham/forms/general/2014/Chatham-2014-Subdivision-application.pdf: The request signature we calculated does not match the signature you provided. Check your key and signing method.
[2026-02-12T04:41:44.038Z] ❌ S3 upload failed for chatham/minutes/general/2023/OFFICIAL-MINUTES-05182023.pdf: The request signature we calculated does not match the signature you provided. Check your key and signing method.
[2026-02-12T04:41:44.061Z] ❌ S3 upload failed for chatham/minutes/general/2023/OFFICIAL-MINUTES-04202023.pdf: The request signature we calculated does not match the signature you provided. Check your key and signing method.
[2026-02-12T04:41:44.061Z] ❌ S3 upload failed for chatham/minutes/general/2023/OFFICIAL-MINUTES-05182023.pdf: The request signature we calculated does not match the signature you provided. Check your key and signing method.
[2026-02-12T04:41:44.100Z] ❌ S3 upload failed for chatham/minutes/general/2023/OFFICIAL-MINUTES-04202023.pdf: The request signature we calculated does not match the signature you provided. Check your key and signing method.
[2026-02-12T04:41:44.104Z] ❌ S3 upload failed for chatham/minutes/general/2023/OFFICIAL-MINUTES-03162023.pdf: The request signature we calculated does not match the signature you provided. Check your key and signing method.
[2026-02-12T04:41:44.131Z] ❌ S3 upload failed for chatham/minutes/general/2023/OFFICIAL-MINUTES-03162023.pdf: The request signature we calculated does not match the signature you provided. Check your key and signing method.
[2026-02-12T04:41:44.134Z] ❌ S3 upload failed for chatham/minutes/general/2023/OFFICIAL-MINUTES-02162023.pdf: The request signature we calculated does not match the signature you provided. Check your key and signing method.
[2026-02-12T04:41:44.159Z] ❌ S3 upload failed for chatham/minutes/general/2023/OFFICIAL-MINUTES-02162023.pdf: The request signature we calculated does not match the signature you provided. Check your key and signing method.
[2026-02-12T04:41:44.167Z] ❌ S3 upload failed for chatham/minutes/general/2023/OFFICIAL-MINUTES-01192023.pdf: The request signature we calculated does not match the signature you provided. Check your key and signing method.
[2026-02-12T04:41:44.194Z] ❌ S3 upload failed for chatham/minutes/general/2023/12.15.2022-Planning-Board-Minutes.pdf: The request signature we calculated does not match the signature you provided. Check your key and signing method.
[2026-02-12T04:41:44.207Z] ❌ S3 upload failed for chatham/minutes/general/2023/OFFICIAL-MINUTES-01192023.pdf: The request signature we calculated does not match the signature you provided. Check your key and signing method.
[2026-02-12T04:41:44.239Z] ❌ S3 upload failed for chatham/minutes/general/2023/12.15.2022-Planning-Board-Minutes.pdf: The request signature we calculated does not match the signature you provided. Check your key and signing method.
[2026-02-12T04:41:44.243Z] ❌ S3 upload failed for chatham/minutes/general/2023/11.17.2022-Planning-Board-Minutes.pdf: The request signature we calculated does not match the signature you provided. Check your key and signing method.
[2026-02-12T04:41:44.270Z] ❌ S3 upload failed for chatham/minutes/general/2023/11.17.2022-Planning-Board-Minutes.pdf: The request signature we calculated does not match the signature you provided. Check your key and signing method.
[2026-02-12T04:41:44.295Z] ❌ S3 upload failed for chatham/minutes/general/2022/10.20.2022-Planning-Board-Minutes.pdf: The request signature we calculated does not match the signature you provided. Check your key and signing method.
[2026-02-12T04:41:44.297Z] ❌ S3 upload failed for chatham/minutes/general/2022/10.20.2022-Planning-Board-Minutes.pdf: The request signature we calculated does not match the signature you provided. Check your key and signing method.
[2026-02-12T04:41:44.315Z] ❌ S3 upload failed for chatham/minutes/general/2022/9.15.2022-Planning-Board-Minutes.pdf: The request signature we calculated does not match the signature you provided. Check your key and signing method.
[2026-02-12T04:41:44.333Z] ❌ S3 upload failed for chatham/minutes/general/2022/9.15.2022-Planning-Board-Minutes.pdf: The request signature we calculated does not match the signature you provided. Check your key and signing method.
[2026-02-12T04:41:44.336Z] ❌ S3 upload failed for chatham/minutes/general/2022/DRAFT-MINUTES-2022-0818.pdf: The request signature we calculated does not match the signature you provided. Check your key and signing method.
[2026-02-12T04:41:44.358Z] ❌ S3 upload failed for chatham/minutes/general/2022/DRAFT-MINUTES-2022-0721.pdf: The request signature we calculated does not match the signature you provided. Check your key and signing method.
[2026-02-12T04:41:44.359Z] ❌ S3 upload failed for chatham/minutes/general/2022/DRAFT-MINUTES-2022-0818.pdf: The request signature we calculated does not match the signature you provided. Check your key and signing method.
[2026-02-12T04:41:44.386Z] ❌ S3 upload failed for chatham/minutes/general/2022/DRAFT-MINUTES-2022-0721.pdf: The request signature we calculated does not match the signature you provided. Check your key and signing method.
[2026-02-12T04:41:44.391Z] ❌ S3 upload failed for chatham/minutes/general/2022/Draft-minutes-2022-0616.pdf: The request signature we calculated does not match the signature you provided. Check your key and signing method.
[2026-02-12T04:41:44.411Z] ❌ S3 upload failed for chatham/minutes/general/2022/Draft-minutes-2022-0616.pdf: The request signature we calculated does not match the signature you provided. Check your key and signing method.
[2026-02-12T04:41:44.435Z] ❌ S3 upload failed for chatham/minutes/general/2022/Draft-minutes-2022-0519.pdf: The request signature we calculated does not match the signature you provided. Check your key and signing method.
[2026-02-12T04:41:44.437Z] ❌ S3 upload failed for chatham/minutes/general/2022/Draft-minutes-2022-0519.pdf: The request signature we calculated does not match the signature you provided. Check your key and signing method.
[2026-02-12T04:41:44.463Z] ❌ S3 upload failed for chatham/minutes/general/2022/4.21.2022-Planning-Board-Minutes.pdf: The request signature we calculated does not match the signature you provided. Check your key and signing method.
[2026-02-12T04:41:44.469Z] ❌ S3 upload failed for chatham/minutes/general/2022/4.21.2022-Planning-Board-Minutes.pdf: The request signature we calculated does not match the signature you provided. Check your key and signing method.
[2026-02-12T04:41:44.492Z] ❌ S3 upload failed for chatham/minutes/general/2022/3.17.2022-Planning-Board-Minutes-5.pdf: The request signature we calculated does not match the signature you provided. Check your key and signing method.
[2026-02-12T04:41:44.498Z] ❌ S3 upload failed for chatham/minutes/general/2022/3.17.2022-Planning-Board-Minutes-5.pdf: The request signature we calculated does not match the signature you provided. Check your key and signing method.
[2026-02-12T04:41:44.519Z] ❌ S3 upload failed for chatham/minutes/general/2022/2.17.2022-Planning-Board-Minutes.pdf: The request signature we calculated does not match the signature you provided. Check your key and signing method.
[2026-02-12T04:41:44.528Z] ❌ S3 upload failed for chatham/minutes/general/2022/2.17.2022-Planning-Board-Minutes.pdf: The request signature we calculated does not match the signature you provided. Check your key and signing method.
[2026-02-12T04:41:44.548Z] ❌ S3 upload failed for chatham/minutes/general/2022/1.20.2022-Planning-Board-Minutes.pdf: The request signature we calculated does not match the signature you provided. Check your key and signing method.
[2026-02-12T04:41:44.553Z] ❌ S3 upload failed for chatham/minutes/general/2022/1.20.2022-Planning-Board-Minutes.pdf: The request signature we calculated does not match the signature you provided. Check your key and signing method.
[2026-02-12T04:41:44.580Z] ❌ S3 upload failed for chatham/minutes/general/2021/12.16.2021-Planning-Board-Minutes.pdf: The request signature we calculated does not match the signature you provided. Check your key and signing method.
[2026-02-12T04:41:44.583Z] ❌ S3 upload failed for chatham/minutes/general/2021/12.16.2021-Planning-Board-Minutes.pdf: The request signature we calculated does not match the signature you provided. Check your key and signing method.
[2026-02-12T04:41:44.607Z] ❌ S3 upload failed for chatham/minutes/general/2021/11.18.2021-Planning-Board-Minutes.pdf: The request signature we calculated does not match the signature you provided. Check your key and signing method.
[2026-02-12T04:41:44.609Z] ❌ S3 upload failed for chatham/minutes/general/2021/11.18.2021-Planning-Board-Minutes.pdf: The request signature we calculated does not match the signature you provided. Check your key and signing method.
[2026-02-12T04:41:44.632Z] ❌ S3 upload failed for chatham/minutes/general/2021/10.21.2021-Planning-Board-Minutes.pdf: The request signature we calculated does not match the signature you provided. Check your key and signing method.
[2026-02-12T04:41:44.639Z] ❌ S3 upload failed for chatham/minutes/general/2021/10.21.2021-Planning-Board-Minutes.pdf: The request signature we calculated does not match the signature you provided. Check your key and signing method.
[2026-02-12T04:41:44.662Z] ❌ S3 upload failed for chatham/minutes/general/2021/9.16.2021-Planning-Board-Minutes.pdf: The request signature we calculated does not match the signature you provided. Check your key and signing method.
[2026-02-12T04:41:44.664Z] ❌ S3 upload failed for chatham/minutes/general/2021/9.16.2021-Planning-Board-Minutes.pdf: The request signature we calculated does not match the signature you provided. Check your key and signing method.
[2026-02-12T04:41:44.688Z] ❌ S3 upload failed for chatham/minutes/general/2021/8.19.2021-Planning-Board-Minutes.pdf: The request signature we calculated does not match the signature you provided. Check your key and signing method.
[2026-02-12T04:41:44.696Z] ❌ S3 upload failed for chatham/minutes/general/2021/8.19.2021-Planning-Board-Minutes.pdf: The request signature we calculated does not match the signature you provided. Check your key and signing method.
[2026-02-12T04:41:44.716Z] ❌ S3 upload failed for chatham/minutes/general/2021/7.15.2021-Planning-Board-Minutes.pdf: The request signature we calculated does not match the signature you provided. Check your key and signing method.
[2026-02-12T04:41:44.717Z] ❌ S3 upload failed for chatham/minutes/general/2021/7.15.2021-Planning-Board-Minutes.pdf: The request signature we calculated does not match the signature you provided. Check your key and signing method.
[2026-02-12T04:41:44.739Z] ❌ S3 upload failed for chatham/minutes/general/2021/6.17.2021-Planning-Board-Minutes.pdf: The request signature we calculated does not match the signature you provided. Check your key and signing method.
[2026-02-12T04:41:44.746Z] ❌ S3 upload failed for chatham/minutes/general/2021/6.17.2021-Planning-Board-Minutes.pdf: The request signature we calculated does not match the signature you provided. Check your key and signing method.
[2026-02-12T04:41:44.765Z] ❌ S3 upload failed for chatham/minutes/general/2021/5.20.2021-Planning-Board-Minutes.pdf: The request signature we calculated does not match the signature you provided. Check your key and signing method.
[2026-02-12T04:41:44.771Z] ❌ S3 upload failed for chatham/minutes/general/2021/5.20.2021-Planning-Board-Minutes.pdf: The request signature we calculated does not match the signature you provided. Check your key and signing method.
[2026-02-12T04:41:44.793Z] ❌ S3 upload failed for chatham/minutes/general/2021/Planning-Board-minutes-4.15.2021.pdf: The request signature we calculated does not match the signature you provided. Check your key and signing method.
[2026-02-12T04:41:44.795Z] ❌ S3 upload failed for chatham/minutes/general/2021/Planning-Board-minutes-4.15.2021.pdf: The request signature we calculated does not match the signature you provided. Check your key and signing method.
[2026-02-12T04:41:44.820Z] ❌ S3 upload failed for chatham/minutes/general/2021/3.18.2021-Planning-Board-Minutes.pdf: The request signature we calculated does not match the signature you provided. Check your key and signing method.
[2026-02-12T04:41:44.822Z] ❌ S3 upload failed for chatham/minutes/general/2021/3.18.2021-Planning-Board-Minutes.pdf: The request signature we calculated does not match the signature you provided. Check your key and signing method.
[2026-02-12T04:41:44.852Z] ❌ S3 upload failed for chatham/minutes/general/2021/2.18.2021-Planning-Board-Minutes.pdf: The request signature we calculated does not match the signature you provided. Check your key and signing method.
[2026-02-12T04:41:44.853Z] ❌ S3 upload failed for chatham/minutes/general/2021/2.18.2021-Planning-Board-Minutes.pdf: The request signature we calculated does not match the signature you provided. Check your key and signing method.
[2026-02-12T04:41:44.881Z] ❌ S3 upload failed for chatham/minutes/general/2021/1.21.2021-Planning-Board-Minutes.pdf: The request signature we calculated does not match the signature you provided. Check your key and signing method.
[2026-02-12T04:41:44.899Z] ❌ S3 upload failed for chatham/minutes/general/2021/1.21.2021-Planning-Board-Minutes.pdf: The request signature we calculated does not match the signature you provided. Check your key and signing method.
[2026-02-12T04:41:44.919Z] ❌ S3 upload failed for chatham/minutes/general/2021/12.17.2020-Planning-Board-Minutes.pdf: The request signature we calculated does not match the signature you provided. Check your key and signing method.
[2026-02-12T04:41:44.922Z] ❌ S3 upload failed for chatham/minutes/general/2021/12.17.2020-Planning-Board-Minutes.pdf: The request signature we calculated does not match the signature you provided. Check your key and signing method.
[2026-02-12T04:41:44.941Z] ❌ S3 upload failed for chatham/minutes/general/2021/11.19.2020-Planning-Board-Minutes.pdf: The request signature we calculated does not match the signature you provided. Check your key and signing method.
[2026-02-12T04:41:44.950Z] ❌ S3 upload failed for chatham/minutes/general/2021/11.19.2020-Planning-Board-Minutes.pdf: The request signature we calculated does not match the signature you provided. Check your key and signing method.
[2026-02-12T04:41:44.972Z] ❌ S3 upload failed for chatham/minutes/general/2021/10.15.2020-Planning-Board-Minutes.pdf: The request signature we calculated does not match the signature you provided. Check your key and signing method.
[2026-02-12T04:41:44.975Z] ❌ S3 upload failed for chatham/minutes/general/2021/10.15.2020-Planning-Board-Minutes.pdf: The request signature we calculated does not match the signature you provided. Check your key and signing method.
[2026-02-12T04:41:44.998Z] ❌ S3 upload failed for chatham/minutes/general/2021/Planning-Board-Minutes-8-20-2020-AND-9-17-2020.pdf: The request signature we calculated does not match the signature you provided. Check your key and signing method.
[2026-02-12T04:41:44.999Z] ❌ S3 upload failed for chatham/minutes/general/2021/Planning-Board-Minutes-8-20-2020-AND-9-17-2020.pdf: The request signature we calculated does not match the signature you provided. Check your key and signing method.
[2026-02-12T04:41:45.023Z] ❌ S3 upload failed for chatham/minutes/general/2021/Planning-Board-Minutes-7-16-2020.pdf: The request signature we calculated does not match the signature you provided. Check your key and signing method.
[2026-02-12T04:41:45.026Z] ❌ S3 upload failed for chatham/minutes/general/2021/Planning-Board-Minutes-7-16-2020.pdf: The request signature we calculated does not match the signature you provided. Check your key and signing method.
[2026-02-12T04:41:45.045Z] ❌ S3 upload failed for chatham/minutes/general/2020/Planning-Board-Minutes-6-18-20.pdf: The request signature we calculated does not match the signature you provided. Check your key and signing method.
[2026-02-12T04:41:45.052Z] ❌ S3 upload failed for chatham/minutes/general/2020/Planning-Board-Minutes-6-18-20.pdf: The request signature we calculated does not match the signature you provided. Check your key and signing method.
[2026-02-12T04:41:45.085Z] ❌ S3 upload failed for chatham/minutes/general/2020/Planning-Board-Minutes-05-21-2020.pdf: The request signature we calculated does not match the signature you provided. Check your key and signing method.
[2026-02-12T04:41:45.108Z] ❌ S3 upload failed for chatham/minutes/general/2020/Planning-Board-Minutes-04-16-2020.pdf: The request signature we calculated does not match the signature you provided. Check your key and signing method.
[2026-02-12T04:41:45.135Z] ❌ S3 upload failed for chatham/minutes/general/2020/Planning-Board-Minutes-January-March-2020.pdf: The request signature we calculated does not match the signature you provided. Check your key and signing method.
[2026-02-12T04:41:45.136Z] ❌ S3 upload failed for chatham/minutes/general/2020/Planning-Board-Minutes-05-21-2020.pdf: The request signature we calculated does not match the signature you provided. Check your key and signing method.
[2026-02-12T04:41:45.167Z] ❌ S3 upload failed for chatham/minutes/general/2020/Planning-Board-Minutes-04-16-2020.pdf: The request signature we calculated does not match the signature you provided. Check your key and signing method.
[2026-02-12T04:41:45.173Z] ❌ S3 upload failed for chatham/minutes/general/2020/Planning-Board-Minutes-12-19-2019.pdf: The request signature we calculated does not match the signature you provided. Check your key and signing method.
[2026-02-12T04:41:45.193Z] ❌ S3 upload failed for chatham/minutes/general/2020/Planning-Board-Minutes-January-March-2020.pdf: The request signature we calculated does not match the signature you provided. Check your key and signing method.
[2026-02-12T04:41:45.208Z] ❌ S3 upload failed for chatham/minutes/general/2019/Planning-Board-Minutes-11-21-2019.pdf: The request signature we calculated does not match the signature you provided. Check your key and signing method.
[2026-02-12T04:41:45.233Z] ❌ S3 upload failed for chatham/minutes/general/2020/Planning-Board-Minutes-12-19-2019.pdf: The request signature we calculated does not match the signature you provided. Check your key and signing method.
[2026-02-12T04:41:45.235Z] ❌ S3 upload failed for chatham/minutes/general/2019/Planning-Board-Minutes-10-17-2019.pdf: The request signature we calculated does not match the signature you provided. Check your key and signing method.
[2026-02-12T04:41:45.265Z] ❌ S3 upload failed for chatham/minutes/general/2019/Planning-Board-Minutes-11-21-2019.pdf: The request signature we calculated does not match the signature you provided. Check your key and signing method.
[2026-02-12T04:41:45.295Z] ❌ S3 upload failed for chatham/minutes/general/2019/Planning-Board-Minutes-09-19-2019.pdf: The request signature we calculated does not match the signature you provided. Check your key and signing method.
[2026-02-12T04:41:45.308Z] ❌ S3 upload failed for chatham/minutes/general/2019/Planning-Board-Minutes-10-17-2019.pdf: The request signature we calculated does not match the signature you provided. Check your key and signing method.
[2026-02-12T04:41:45.330Z] ❌ S3 upload failed for chatham/minutes/general/2019/Planning-Board-Minutes-09-19-2019.pdf: The request signature we calculated does not match the signature you provided. Check your key and signing method.
[2026-02-12T04:41:45.334Z] ❌ S3 upload failed for chatham/minutes/general/2019/Planning-Board-Minutes-08-15-2019.pdf: The request signature we calculated does not match the signature you provided. Check your key and signing method.
[2026-02-12T04:41:45.375Z] ❌ S3 upload failed for chatham/minutes/general/2019/Planning-Board-Minutes-07-18-2019.pdf: The request signature we calculated does not match the signature you provided. Check your key and signing method.
[2026-02-12T04:41:45.383Z] ❌ S3 upload failed for chatham/minutes/general/2019/Planning-Board-Minutes-08-15-2019.pdf: The request signature we calculated does not match the signature you provided. Check your key and signing method.
[2026-02-12T04:41:45.415Z] ❌ S3 upload failed for chatham/minutes/general/2019/Planning-Board-Minutes-06-20-2019.pdf: The request signature we calculated does not match the signature you provided. Check your key and signing method.
[2026-02-12T04:41:45.427Z] ❌ S3 upload failed for chatham/minutes/general/2019/Planning-Board-Minutes-07-18-2019.pdf: The request signature we calculated does not match the signature you provided. Check your key and signing method.
[2026-02-12T04:41:45.448Z] ❌ S3 upload failed for chatham/minutes/general/2019/Planning-Board-Minutes-05-16-2019.pdf: The request signature we calculated does not match the signature you provided. Check your key and signing method.
[2026-02-12T04:41:45.448Z]    Progress: 0 uploaded, 0 skipped, 50 failed
[2026-02-12T04:41:45.466Z] ❌ S3 upload failed for chatham/minutes/general/2019/Planning-Board-Minutes-06-20-2019.pdf: The request signature we calculated does not match the signature you provided. Check your key and signing method.
[2026-02-12T04:41:45.481Z] ❌ S3 upload failed for chatham/minutes/general/2019/Planning-Board-Minutes-04-18-2019.pdf: The request signature we calculated does not match the signature you provided. Check your key and signing method.
[2026-02-12T04:41:45.515Z] ❌ S3 upload failed for chatham/minutes/general/2019/Planning-Board-Minutes-05-16-2019.pdf: The request signature we calculated does not match the signature you provided. Check your key and signing method.
[2026-02-12T04:41:45.515Z]    Progress: 0 uploaded, 0 skipped, 50 failed
[2026-02-12T04:41:45.526Z] ❌ S3 upload failed for chatham/minutes/general/2019/Planning-Board-Minutes-03-21-2019.pdf: The request signature we calculated does not match the signature you provided. Check your key and signing method.
[2026-02-12T04:41:45.554Z] ❌ S3 upload failed for chatham/minutes/general/2019/Planning-Board-Minutes-02-21-2019.pdf: The request signature we calculated does not match the signature you provided. Check your key and signing method.
[2026-02-12T04:41:45.580Z] ❌ S3 upload failed for chatham/minutes/general/2019/Planning-Board-Minutes-01-17-2019.pdf: The request signature we calculated does not match the signature you provided. Check your key and signing method.
[2026-02-12T04:41:45.583Z] ❌ S3 upload failed for chatham/minutes/general/2019/Planning-Board-Minutes-04-18-2019.pdf: The request signature we calculated does not match the signature you provided. Check your key and signing method.
[2026-02-12T04:41:45.604Z] ❌ S3 upload failed for chatham/minutes/general/2019/Planning-Board-Minutes-12-20-2018.pdf: The request signature we calculated does not match the signature you provided. Check your key and signing method.
[2026-02-12T04:41:45.625Z] ❌ S3 upload failed for chatham/minutes/general/2019/Planning-Board-Minutes-03-21-2019.pdf: The request signature we calculated does not match the signature you provided. Check your key and signing method.
[2026-02-12T04:41:45.631Z] ❌ S3 upload failed for chatham/minutes/general/2018/Planning-Board-Minutes-11-15-2018.pdf: The request signature we calculated does not match the signature you provided. Check your key and signing method.
[2026-02-12T04:41:45.650Z] ❌ S3 upload failed for chatham/minutes/general/2019/Planning-Board-Minutes-02-21-2019.pdf: The request signature we calculated does not match the signature you provided. Check your key and signing method.
[2026-02-12T04:41:45.656Z] ❌ S3 upload failed for chatham/minutes/general/2018/Planning-Board-Minutes-10-18-2018.pdf: The request signature we calculated does not match the signature you provided. Check your key and signing method.
[2026-02-12T04:41:45.678Z] ❌ S3 upload failed for chatham/minutes/general/2019/Planning-Board-Minutes-01-17-2019.pdf: The request signature we calculated does not match the signature you provided. Check your key and signing method.
[2026-02-12T04:41:45.691Z] ❌ S3 upload failed for chatham/minutes/general/2018/Planning-Board-Minutes-09-20-2018.pdf: The request signature we calculated does not match the signature you provided. Check your key and signing method.
[2026-02-12T04:41:45.709Z] ❌ S3 upload failed for chatham/minutes/general/2019/Planning-Board-Minutes-12-20-2018.pdf: The request signature we calculated does not match the signature you provided. Check your key and signing method.
[2026-02-12T04:41:45.721Z] ❌ S3 upload failed for chatham/minutes/general/2018/Planning-Board-Minutes-08-16-2018.pdf: The request signature we calculated does not match the signature you provided. Check your key and signing method.
[2026-02-12T04:41:45.748Z] ❌ S3 upload failed for chatham/minutes/general/2018/Planning-Board-Minutes-11-15-2018.pdf: The request signature we calculated does not match the signature you provided. Check your key and signing method.
[2026-02-12T04:41:45.757Z] ❌ S3 upload failed for chatham/minutes/general/2018/Planning-Board-Minutes-07-19-2018.pdf: The request signature we calculated does not match the signature you provided. Check your key and signing method.
[2026-02-12T04:41:45.785Z] ❌ S3 upload failed for chatham/minutes/general/2018/Planning-Board-Minutes-10-18-2018.pdf: The request signature we calculated does not match the signature you provided. Check your key and signing method.
[2026-02-12T04:41:45.810Z] ❌ S3 upload failed for chatham/minutes/general/2018/Planning-Board-Minutes-06-21-2018.pdf: The request signature we calculated does not match the signature you provided. Check your key and signing method.
[2026-02-12T04:41:45.844Z] ❌ S3 upload failed for chatham/minutes/general/2018/Planning-Board-Minutes-09-20-2018.pdf: The request signature we calculated does not match the signature you provided. Check your key and signing method.
[2026-02-12T04:41:45.849Z] ❌ S3 upload failed for chatham/minutes/general/2018/Planning-Board-Minutes-05-17-2018.pdf: The request signature we calculated does not match the signature you provided. Check your key and signing method.
[2026-02-12T04:41:45.878Z] ❌ S3 upload failed for chatham/minutes/general/2018/Planning-Board-Minutes-08-16-2018.pdf: The request signature we calculated does not match the signature you provided. Check your key and signing method.
[2026-02-12T04:41:45.893Z] ❌ S3 upload failed for chatham/minutes/general/2018/Planning-Board-Minutes-04-19-2018.pdf: The request signature we calculated does not match the signature you provided. Check your key and signing method.
[2026-02-12T04:41:45.921Z] ❌ S3 upload failed for chatham/minutes/general/2018/Planning-Board-Minutes-07-19-2018.pdf: The request signature we calculated does not match the signature you provided. Check your key and signing method.
[2026-02-12T04:41:45.925Z] ❌ S3 upload failed for chatham/minutes/general/2018/Planning-Board-Minutes-03-15-2018.pdf: The request signature we calculated does not match the signature you provided. Check your key and signing method.
[2026-02-12T04:41:45.951Z] ❌ S3 upload failed for chatham/minutes/general/2018/Planning-Board-Minutes-02-15-2018.pdf: The request signature we calculated does not match the signature you provided. Check your key and signing method.
[2026-02-12T04:41:45.964Z] ❌ S3 upload failed for chatham/minutes/general/2018/Planning-Board-Minutes-06-21-2018.pdf: The request signature we calculated does not match the signature you provided. Check your key and signing method.
[2026-02-12T04:41:45.979Z] ❌ S3 upload failed for chatham/minutes/general/2018/Planning-Board-Minutes-01-18-2018.pdf: The request signature we calculated does not match the signature you provided. Check your key and signing method.
[2026-02-12T04:41:46.000Z] ❌ S3 upload failed for chatham/minutes/general/2018/Planning-Board-Minutes-12-21-17.pdf: The request signature we calculated does not match the signature you provided. Check your key and signing method.
[2026-02-12T04:41:46.005Z] ❌ S3 upload failed for chatham/minutes/general/2018/Planning-Board-Minutes-05-17-2018.pdf: The request signature we calculated does not match the signature you provided. Check your key and signing method.
[2026-02-12T04:41:46.030Z] ❌ S3 upload failed for chatham/minutes/general/2018/Planning-Board-Minutes-11-16-17.pdf: The request signature we calculated does not match the signature you provided. Check your key and signing method.
[2026-02-12T04:41:46.039Z] ❌ S3 upload failed for chatham/minutes/general/2018/Planning-Board-Minutes-04-19-2018.pdf: The request signature we calculated does not match the signature you provided. Check your key and signing method.
[2026-02-12T04:41:46.060Z] ❌ S3 upload failed for chatham/minutes/general/2017/Planning-Board-Minutes-10-19-2017.pdf: The request signature we calculated does not match the signature you provided. Check your key and signing method.
[2026-02-12T04:41:46.077Z] ❌ S3 upload failed for chatham/minutes/general/2018/Planning-Board-Minutes-03-15-2018.pdf: The request signature we calculated does not match the signature you provided. Check your key and signing method.
[2026-02-12T04:41:46.101Z] ❌ S3 upload failed for chatham/minutes/general/2018/Planning-Board-Minutes-02-15-2018.pdf: The request signature we calculated does not match the signature you provided. Check your key and signing method.
[2026-02-12T04:41:46.124Z] ❌ S3 upload failed for chatham/minutes/general/2017/Planning-Board-Minutes-9-21-2017.pdf: The request signature we calculated does not match the signature you provided. Check your key and signing method.
[2026-02-12T04:41:46.138Z] ❌ S3 upload failed for chatham/minutes/general/2018/Planning-Board-Minutes-01-18-2018.pdf: The request signature we calculated does not match the signature you provided. Check your key and signing method.
[2026-02-12T04:41:46.149Z] ❌ S3 upload failed for chatham/minutes/general/2017/Planning-Board-Minutes-8-17-2017.pdf: The request signature we calculated does not match the signature you provided. Check your key and signing method.
[2026-02-12T04:41:46.162Z] ❌ S3 upload failed for chatham/minutes/general/2018/Planning-Board-Minutes-12-21-17.pdf: The request signature we calculated does not match the signature you provided. Check your key and signing method.
[2026-02-12T04:41:46.183Z] ❌ S3 upload failed for chatham/minutes/general/2017/Planning-Board-Minutes-07-20-2017.pdf: The request signature we calculated does not match the signature you provided. Check your key and signing method.
[2026-02-12T04:41:46.186Z] ❌ S3 upload failed for chatham/minutes/general/2018/Planning-Board-Minutes-11-16-17.pdf: The request signature we calculated does not match the signature you provided. Check your key and signing method.
[2026-02-12T04:41:46.207Z] ❌ S3 upload failed for chatham/minutes/general/2017/Planning-Board-Minutes-06-15-2017.pdf: The request signature we calculated does not match the signature you provided. Check your key and signing method.
[2026-02-12T04:41:46.214Z] ❌ S3 upload failed for chatham/minutes/general/2017/Planning-Board-Minutes-10-19-2017.pdf: The request signature we calculated does not match the signature you provided. Check your key and signing method.
[2026-02-12T04:41:46.237Z] ❌ S3 upload failed for chatham/minutes/general/2017/Planning-Board-Minuted-05-18-17.pdf: The request signature we calculated does not match the signature you provided. Check your key and signing method.
[2026-02-12T04:41:46.237Z] ❌ S3 upload failed for chatham/minutes/general/2017/Planning-Board-Minutes-9-21-2017.pdf: The request signature we calculated does not match the signature you provided. Check your key and signing method.
[2026-02-12T04:41:46.263Z] ❌ S3 upload failed for chatham/minutes/general/2017/Planning-Board-Minutes-04-20-2017.pdf: The request signature we calculated does not match the signature you provided. Check your key and signing method.
[2026-02-12T04:41:46.295Z] ❌ S3 upload failed for chatham/minutes/general/2017/Planning-Board-Minutes-8-17-2017.pdf: The request signature we calculated does not match the signature you provided. Check your key and signing method.
[2026-02-12T04:41:46.300Z] ❌ S3 upload failed for chatham/minutes/general/2017/Planning-Board-Minutes-03-16-2017.pdf: The request signature we calculated does not match the signature you provided. Check your key and signing method.
[2026-02-12T04:41:46.323Z] ❌ S3 upload failed for chatham/minutes/general/2017/Planning-Board-Minutes-07-20-2017.pdf: The request signature we calculated does not match the signature you provided. Check your key and signing method.
[2026-02-12T04:41:46.343Z] ❌ S3 upload failed for chatham/minutes/general/2017/Planning-Board-Minutes-06-15-2017.pdf: The request signature we calculated does not match the signature you provided. Check your key and signing method.
[2026-02-12T04:41:46.345Z] ❌ S3 upload failed for chatham/minutes/general/2017/Planning-Board-Minutes-02-16-2017.pdf: The request signature we calculated does not match the signature you provided. Check your key and signing method.
[2026-02-12T04:41:46.375Z] ❌ S3 upload failed for chatham/minutes/general/2017/Planning-Board-Minuted-05-18-17.pdf: The request signature we calculated does not match the signature you provided. Check your key and signing method.
[2026-02-12T04:41:46.389Z] ❌ S3 upload failed for chatham/minutes/general/2017/Planning-Board-Minutes-01-19-20171.pdf: The request signature we calculated does not match the signature you provided. Check your key and signing method.
[2026-02-12T04:41:46.410Z] ❌ S3 upload failed for chatham/minutes/general/2017/Planning-Board-Minutes-04-20-2017.pdf: The request signature we calculated does not match the signature you provided. Check your key and signing method.
[2026-02-12T04:41:46.429Z] ❌ S3 upload failed for chatham/minutes/general/2017/Planning-Board-Minutes-2011-2016.pdf: The request signature we calculated does not match the signature you provided. Check your key and signing method.
[2026-02-12T04:41:46.445Z] ❌ S3 upload failed for chatham/minutes/general/2017/Planning-Board-Minutes-03-16-2017.pdf: The request signature we calculated does not match the signature you provided. Check your key and signing method.
[2026-02-12T04:41:46.469Z] ❌ S3 upload failed for chatham/minutes/general/2017/Planning-Board-Minutes-2007-2010.pdf: The request signature we calculated does not match the signature you provided. Check your key and signing method.
[2026-02-12T04:41:46.481Z] ❌ S3 upload failed for chatham/minutes/general/2017/Planning-Board-Minutes-02-16-2017.pdf: The request signature we calculated does not match the signature you provided. Check your key and signing method.
[2026-02-12T04:41:46.509Z] ❌ S3 upload failed for chatham/minutes/general/2017/Planning-Board-Minutes-2002-2006.pdf: The request signature we calculated does not match the signature you provided. Check your key and signing method.
[2026-02-12T04:41:46.513Z] ❌ S3 upload failed for chatham/minutes/general/2017/Planning-Board-Minutes-01-19-20171.pdf: The request signature we calculated does not match the signature you provided. Check your key and signing method.
[2026-02-12T04:41:46.552Z] ❌ S3 upload failed for chatham/minutes/general/2017/Planning-Board-Minutes-1970-1999.pdf: The request signature we calculated does not match the signature you provided. Check your key and signing method.
[2026-02-12T04:41:46.576Z] ❌ S3 upload failed for chatham/minutes/general/2017/Planning-Board-Minutes-2011-2016.pdf: The request signature we calculated does not match the signature you provided. Check your key and signing method.
[2026-02-12T04:41:46.592Z] ❌ S3 upload failed for chatham/misc/general/2014/Elections-Matter-FAQs.pdf: The request signature we calculated does not match the signature you provided. Check your key and signing method.
[2026-02-12T04:41:46.632Z] ❌ S3 upload failed for chatham/minutes/general/2017/Planning-Board-Minutes-2007-2010.pdf: The request signature we calculated does not match the signature you provided. Check your key and signing method.
[2026-02-12T04:41:46.660Z] ❌ S3 upload failed for chatham/misc/general/2014/Town-Of-Chatham-NH-Cemetery-Revised-2014.pdf: The request signature we calculated does not match the signature you provided. Check your key and signing method.
[2026-02-12T04:41:46.683Z] ❌ S3 upload failed for chatham/minutes/general/2017/Planning-Board-Minutes-2002-2006.pdf: The request signature we calculated does not match the signature you provided. Check your key and signing method.
[2026-02-12T04:41:46.684Z] ❌ S3 upload failed for chatham/misc/general/2014/Town-of-Chatham-Interment-Revisd-2014.pdf: The request signature we calculated does not match the signature you provided. Check your key and signing method.
[2026-02-12T04:41:46.729Z] ❌ S3 upload failed for chatham/minutes/general/2017/Citizens-Advisory-Committee-Minutes-07-17-2017.pdf: The request signature we calculated does not match the signature you provided. Check your key and signing method.
[2026-02-12T04:41:46.730Z] ❌ S3 upload failed for chatham/minutes/general/2017/Planning-Board-Minutes-1970-1999.pdf: The request signature we calculated does not match the signature you provided. Check your key and signing method.
[2026-02-12T04:41:46.757Z] ❌ S3 upload failed for chatham/minutes/general/2017/Citizens-Advisory-Committee-Minutes-08-21-2017.pdf: The request signature we calculated does not match the signature you provided. Check your key and signing method.
[2026-02-12T04:41:46.759Z] ❌ S3 upload failed for chatham/misc/general/2014/Elections-Matter-FAQs.pdf: The request signature we calculated does not match the signature you provided. Check your key and signing method.
[2026-02-12T04:41:46.796Z] ❌ S3 upload failed for chatham/misc/general/2014/Town-Of-Chatham-NH-Cemetery-Revised-2014.pdf: The request signature we calculated does not match the signature you provided. Check your key and signing method.
[2026-02-12T04:41:46.820Z] ❌ S3 upload failed for chatham/minutes/general/2017/Citizens-Advisory-Committee-Minutes-09-18-2017.pdf: The request signature we calculated does not match the signature you provided. Check your key and signing method.
[2026-02-12T04:41:46.822Z] ❌ S3 upload failed for chatham/misc/general/2014/Town-of-Chatham-Interment-Revisd-2014.pdf: The request signature we calculated does not match the signature you provided. Check your key and signing method.
[2026-02-12T04:41:46.857Z] ❌ S3 upload failed for chatham/misc/general/2014/NH-Conservation-Guidebook.pdf: The request signature we calculated does not match the signature you provided. Check your key and signing method.
[2026-02-12T04:41:46.878Z] ❌ S3 upload failed for chatham/minutes/general/2017/Citizens-Advisory-Committee-Minutes-07-17-2017.pdf: The request signature we calculated does not match the signature you provided. Check your key and signing method.
[2026-02-12T04:41:46.895Z] ❌ S3 upload failed for chatham/misc/general/2014/Chatham-Conservation-Commission-Rules.pdf: The request signature we calculated does not match the signature you provided. Check your key and signing method.
[2026-02-12T04:41:46.927Z] ❌ S3 upload failed for chatham/misc/general/2014/Helth-Officer-Roles.pdf: The request signature we calculated does not match the signature you provided. Check your key and signing method.
[2026-02-12T04:41:46.937Z] ❌ S3 upload failed for chatham/minutes/general/2017/Citizens-Advisory-Committee-Minutes-08-21-2017.pdf: The request signature we calculated does not match the signature you provided. Check your key and signing method.
[2026-02-12T04:41:46.956Z] ❌ S3 upload failed for chatham/misc/general/2014/Health-Officer-Authority.pdf: The request signature we calculated does not match the signature you provided. Check your key and signing method.
[2026-02-12T04:41:46.972Z] ❌ S3 upload failed for chatham/minutes/general/2017/Citizens-Advisory-Committee-Minutes-09-18-2017.pdf: The request signature we calculated does not match the signature you provided. Check your key and signing method.
[2026-02-12T04:41:46.990Z] ❌ S3 upload failed for chatham/minutes/general/2017/Budget-Committee-Minutes-School-District-Summary-2017-2018.pdf: The request signature we calculated does not match the signature you provided. Check your key and signing method.
[2026-02-12T04:41:47.002Z] ❌ S3 upload failed for chatham/misc/general/2014/NH-Conservation-Guidebook.pdf: The request signature we calculated does not match the signature you provided. Check your key and signing method.
[2026-02-12T04:41:47.025Z] ❌ S3 upload failed for chatham/minutes/general/2017/Budget-Committee-Minutes-Town-02-08-2017-.pdf: The request signature we calculated does not match the signature you provided. Check your key and signing method.
[2026-02-12T04:41:47.034Z] ❌ S3 upload failed for chatham/misc/general/2014/Chatham-Conservation-Commission-Rules.pdf: The request signature we calculated does not match the signature you provided. Check your key and signing method.
[2026-02-12T04:41:47.052Z] ❌ S3 upload failed for chatham/minutes/general/2017/Town-of-Chatham-school-budget-minutes.pdf: The request signature we calculated does not match the signature you provided. Check your key and signing method.
[2026-02-12T04:41:47.062Z] ❌ S3 upload failed for chatham/misc/general/2014/Helth-Officer-Roles.pdf: The request signature we calculated does not match the signature you provided. Check your key and signing method.
[2026-02-12T04:41:47.083Z] ❌ S3 upload failed for chatham/minutes/general/2017/Town-of-Chatham-town-budget-minutes.pdf: The request signature we calculated does not match the signature you provided. Check your key and signing method.
[2026-02-12T04:41:47.088Z] ❌ S3 upload failed for chatham/misc/general/2014/Health-Officer-Authority.pdf: The request signature we calculated does not match the signature you provided. Check your key and signing method.
[2026-02-12T04:41:47.105Z] ❌ S3 upload failed for chatham/minutes/general/2024/minutes-to-meetings-June-6-2024.docx: The request signature we calculated does not match the signature you provided. Check your key and signing method.
[2026-02-12T04:41:47.115Z] ❌ S3 upload failed for chatham/minutes/general/2017/Budget-Committee-Minutes-School-District-Summary-2017-2018.pdf: The request signature we calculated does not match the signature you provided. Check your key and signing method.
[2026-02-12T04:41:47.133Z] ❌ S3 upload failed for chatham/minutes/general/2024/minutes-to-meetings-January-4-2024.docx: The request signature we calculated does not match the signature you provided. Check your key and signing method.
[2026-02-12T04:41:47.160Z] ❌ S3 upload failed for chatham/minutes/general/2024/minutes-to-meetings-February-1-2024.docx: The request signature we calculated does not match the signature you provided. Check your key and signing method.
[2026-02-12T04:41:47.188Z] ❌ S3 upload failed for chatham/minutes/general/2024/minutes-to-meetings-March-7-2024.docx: The request signature we calculated does not match the signature you provided. Check your key and signing method.
[2026-02-12T04:41:47.189Z]    Progress: 0 uploaded, 0 skipped, 100 failed
[2026-02-12T04:41:47.190Z] ❌ S3 upload failed for chatham/minutes/general/2017/Budget-Committee-Minutes-Town-02-08-2017-.pdf: The request signature we calculated does not match the signature you provided. Check your key and signing method.
[2026-02-12T04:41:47.217Z] ❌ S3 upload failed for chatham/minutes/general/2024/minutes-to-meetings-April-11-2024.docx: The request signature we calculated does not match the signature you provided. Check your key and signing method.
[2026-02-12T04:41:47.243Z] ❌ S3 upload failed for chatham/minutes/general/2024/minutes-to-meetings-May-2-2024.docx: The request signature we calculated does not match the signature you provided. Check your key and signing method.
[2026-02-12T04:41:47.266Z] ❌ S3 upload failed for chatham/minutes/general/2017/Town-of-Chatham-school-budget-minutes.pdf: The request signature we calculated does not match the signature you provided. Check your key and signing method.
[2026-02-12T04:41:47.271Z] ❌ S3 upload failed for chatham/minutes/general/2024/minutes-to-meetings-December-7-2023.docx: The request signature we calculated does not match the signature you provided. Check your key and signing method.
[2026-02-12T04:41:47.298Z] ❌ S3 upload failed for chatham/minutes/general/2017/Town-of-Chatham-town-budget-minutes.pdf: The request signature we calculated does not match the signature you provided. Check your key and signing method.
[2026-02-12T04:41:47.302Z] ❌ S3 upload failed for chatham/minutes/general/2024/minutes-to-meetings-November-2-2023.docx: The request signature we calculated does not match the signature you provided. Check your key and signing method.
[2026-02-12T04:41:47.321Z] ❌ S3 upload failed for chatham/minutes/general/2024/minutes-to-meetings-June-6-2024.docx: The request signature we calculated does not match the signature you provided. Check your key and signing method.
[2026-02-12T04:41:47.335Z] ❌ S3 upload failed for chatham/minutes/general/2024/minutes-to-meetings-October-5-2023.docx: The request signature we calculated does not match the signature you provided. Check your key and signing method.
[2026-02-12T04:41:47.345Z] ❌ S3 upload failed for chatham/minutes/general/2024/minutes-to-meetings-January-4-2024.docx: The request signature we calculated does not match the signature you provided. Check your key and signing method.
[2026-02-12T04:41:47.357Z] ❌ S3 upload failed for chatham/minutes/general/2023/minutes-to-meetings-September-7-2023.pdf: The request signature we calculated does not match the signature you provided. Check your key and signing method.
[2026-02-12T04:41:47.369Z] ❌ S3 upload failed for chatham/minutes/general/2024/minutes-to-meetings-February-1-2024.docx: The request signature we calculated does not match the signature you provided. Check your key and signing method.
[2026-02-12T04:41:47.404Z] ❌ S3 upload failed for chatham/minutes/general/2024/minutes-to-meetings-March-7-2024.docx: The request signature we calculated does not match the signature you provided. Check your key and signing method.
[2026-02-12T04:41:47.406Z]    Progress: 0 uploaded, 0 skipped, 100 failed
[2026-02-12T04:41:47.419Z] ❌ S3 upload failed for chatham/minutes/general/2023/August-3-2023-meeting-minutes.pdf: The request signature we calculated does not match the signature you provided. Check your key and signing method.
[2026-02-12T04:41:47.433Z] ❌ S3 upload failed for chatham/minutes/general/2024/minutes-to-meetings-April-11-2024.docx: The request signature we calculated does not match the signature you provided. Check your key and signing method.
[2026-02-12T04:41:47.466Z] ❌ S3 upload failed for chatham/minutes/general/2024/minutes-to-meetings-May-2-2024.docx: The request signature we calculated does not match the signature you provided. Check your key and signing method.
[2026-02-12T04:41:47.465Z] ❌ S3 upload failed for chatham/minutes/general/2023/July-6-2023-meeting-minutes_20231018_0001.pdf: The request signature we calculated does not match the signature you provided. Check your key and signing method.
[2026-02-12T04:41:47.492Z] ❌ S3 upload failed for chatham/minutes/general/2023/Selectmen-minutes-June-1-2023.pdf: The request signature we calculated does not match the signature you provided. Check your key and signing method.
[2026-02-12T04:41:47.492Z] ❌ S3 upload failed for chatham/minutes/general/2024/minutes-to-meetings-December-7-2023.docx: The request signature we calculated does not match the signature you provided. Check your key and signing method.
[2026-02-12T04:41:47.517Z] ❌ S3 upload failed for chatham/minutes/general/2023/Selectmen-minutes-May-4-2023.pdf: The request signature we calculated does not match the signature you provided. Check your key and signing method.
[2026-02-12T04:41:47.522Z] ❌ S3 upload failed for chatham/minutes/general/2024/minutes-to-meetings-November-2-2023.docx: The request signature we calculated does not match the signature you provided. Check your key and signing method.
[2026-02-12T04:41:47.548Z] ❌ S3 upload failed for chatham/minutes/general/2024/minutes-to-meetings-October-5-2023.docx: The request signature we calculated does not match the signature you provided. Check your key and signing method.
[2026-02-12T04:41:47.550Z] ❌ S3 upload failed for chatham/misc/general/2023/April-25-special-meeting_20230505_0001.pdf: The request signature we calculated does not match the signature you provided. Check your key and signing method.
[2026-02-12T04:41:47.573Z] ❌ S3 upload failed for chatham/minutes/general/2023/minutes-to-meetings-September-7-2023.pdf: The request signature we calculated does not match the signature you provided. Check your key and signing method.
[2026-02-12T04:41:47.576Z] ❌ S3 upload failed for chatham/minutes/general/2023/APRIL-6-2023-selectmen-minutes.pdf: The request signature we calculated does not match the signature you provided. Check your key and signing method.
[2026-02-12T04:41:47.609Z] ❌ S3 upload failed for chatham/minutes/general/2023/minutes-to-meetings-March-2-2023.pdf: The request signature we calculated does not match the signature you provided. Check your key and signing method.
[2026-02-12T04:41:47.619Z] ❌ S3 upload failed for chatham/minutes/general/2023/August-3-2023-meeting-minutes.pdf: The request signature we calculated does not match the signature you provided. Check your key and signing method.
[2026-02-12T04:41:47.637Z] ❌ S3 upload failed for chatham/minutes/general/2023/minutes-to-meetings-February-2-2023.docx: The request signature we calculated does not match the signature you provided. Check your key and signing method.
[2026-02-12T04:41:47.662Z] ❌ S3 upload failed for chatham/minutes/general/2023/Selectmen-minutes-January-5-2023.pdf: The request signature we calculated does not match the signature you provided. Check your key and signing method.
[2026-02-12T04:41:47.687Z] ❌ S3 upload failed for chatham/minutes/general/2023/Selectmen-minutes-to-meetings-December-1-2022.pdf: The request signature we calculated does not match the signature you provided. Check your key and signing method.
[2026-02-12T04:41:47.688Z] ❌ S3 upload failed for chatham/minutes/general/2023/July-6-2023-meeting-minutes_20231018_0001.pdf: The request signature we calculated does not match the signature you provided. Check your key and signing method.
[2026-02-12T04:41:47.710Z] ❌ S3 upload failed for chatham/minutes/general/2022/Selectmen-minutes-to-meetings-November-3-2022.pdf: The request signature we calculated does not match the signature you provided. Check your key and signing method.
[2026-02-12T04:41:47.716Z] ❌ S3 upload failed for chatham/minutes/general/2023/Selectmen-minutes-June-1-2023.pdf: The request signature we calculated does not match the signature you provided. Check your key and signing method.
[2026-02-12T04:41:47.735Z] ❌ S3 upload failed for chatham/minutes/general/2022/Selectmen-minutes-October-6-2022.pdf: The request signature we calculated does not match the signature you provided. Check your key and signing method.
[2026-02-12T04:41:47.749Z] ❌ S3 upload failed for chatham/minutes/general/2023/Selectmen-minutes-May-4-2023.pdf: The request signature we calculated does not match the signature you provided. Check your key and signing method.
[2026-02-12T04:41:47.759Z] ❌ S3 upload failed for chatham/minutes/general/2022/selectmen-minutes-to-meetings-September-1-2022.pdf: The request signature we calculated does not match the signature you provided. Check your key and signing method.
[2026-02-12T04:41:47.784Z] ❌ S3 upload failed for chatham/minutes/general/2022/Selectmen-minutes-to-meetings-August-4-2022.pdf: The request signature we calculated does not match the signature you provided. Check your key and signing method.
[2026-02-12T04:41:47.788Z] ❌ S3 upload failed for chatham/misc/general/2023/April-25-special-meeting_20230505_0001.pdf: The request signature we calculated does not match the signature you provided. Check your key and signing method.
[2026-02-12T04:41:47.839Z] ❌ S3 upload failed for chatham/minutes/general/2023/APRIL-6-2023-selectmen-minutes.pdf: The request signature we calculated does not match the signature you provided. Check your key and signing method.
[2026-02-12T04:41:47.848Z] ❌ S3 upload failed for chatham/minutes/general/2022/Selectmen-minutes-to-meetings-July-7-2022.pdf: The request signature we calculated does not match the signature you provided. Check your key and signing method.
[2026-02-12T04:41:47.865Z] ❌ S3 upload failed for chatham/minutes/general/2023/minutes-to-meetings-March-2-2023.pdf: The request signature we calculated does not match the signature you provided. Check your key and signing method.
[2026-02-12T04:41:47.874Z] ❌ S3 upload failed for chatham/minutes/general/2022/selectmen-minutes-to-meetings-June-2-2022.pdf: The request signature we calculated does not match the signature you provided. Check your key and signing method.
[2026-02-12T04:41:47.890Z] ❌ S3 upload failed for chatham/minutes/general/2023/minutes-to-meetings-February-2-2023.docx: The request signature we calculated does not match the signature you provided. Check your key and signing method.
[2026-02-12T04:41:47.908Z] ❌ S3 upload failed for chatham/minutes/general/2023/Selectmen-minutes-January-5-2023.pdf: The request signature we calculated does not match the signature you provided. Check your key and signing method.
[2026-02-12T04:41:47.922Z] ❌ S3 upload failed for chatham/minutes/general/2022/minutes-to-meetings-May-5-2022.pdf: The request signature we calculated does not match the signature you provided. Check your key and signing method.
[2026-02-12T04:41:47.937Z] ❌ S3 upload failed for chatham/minutes/general/2023/Selectmen-minutes-to-meetings-December-1-2022.pdf: The request signature we calculated does not match the signature you provided. Check your key and signing method.
[2026-02-12T04:41:47.961Z] ❌ S3 upload failed for chatham/minutes/general/2022/minutes-to-meetings-April-7-2022.pdf: The request signature we calculated does not match the signature you provided. Check your key and signing method.
[2026-02-12T04:41:47.964Z] ❌ S3 upload failed for chatham/minutes/general/2022/Selectmen-minutes-to-meetings-November-3-2022.pdf: The request signature we calculated does not match the signature you provided. Check your key and signing method.
[2026-02-12T04:41:47.987Z] ❌ S3 upload failed for chatham/minutes/general/2022/Selectmen-minutes-October-6-2022.pdf: The request signature we calculated does not match the signature you provided. Check your key and signing method.
[2026-02-12T04:41:47.991Z] ❌ S3 upload failed for chatham/minutes/general/2022/selectmen-minutes-march-3-2022.pdf: The request signature we calculated does not match the signature you provided. Check your key and signing method.
[2026-02-12T04:41:48.023Z] ❌ S3 upload failed for chatham/minutes/general/2022/selectmen-minutes-to-meetings-September-1-2022.pdf: The request signature we calculated does not match the signature you provided. Check your key and signing method.
[2026-02-12T04:41:48.027Z] ❌ S3 upload failed for chatham/minutes/general/2022/Selectmen-minutes-February-3-2022.pdf: The request signature we calculated does not match the signature you provided. Check your key and signing method.
[2026-02-12T04:41:48.053Z] ❌ S3 upload failed for chatham/minutes/general/2022/Selectmen-minutes-to-meetings-August-4-2022.pdf: The request signature we calculated does not match the signature you provided. Check your key and signing method.
[2026-02-12T04:41:48.057Z] ❌ S3 upload failed for chatham/minutes/general/2022/Selectmen-minutes-January-6-2022.pdf: The request signature we calculated does not match the signature you provided. Check your key and signing method.
[2026-02-12T04:41:48.087Z] ❌ S3 upload failed for chatham/minutes/general/2022/Selecmen-minutes-12.2.2021.pdf: The request signature we calculated does not match the signature you provided. Check your key and signing method.
[2026-02-12T04:41:48.088Z] ❌ S3 upload failed for chatham/minutes/general/2022/Selectmen-minutes-to-meetings-July-7-2022.pdf: The request signature we calculated does not match the signature you provided. Check your key and signing method.
[2026-02-12T04:41:48.127Z] ❌ S3 upload failed for chatham/minutes/general/2022/selectmen-minutes-to-meetings-June-2-2022.pdf: The request signature we calculated does not match the signature you provided. Check your key and signing method.
[2026-02-12T04:41:48.131Z] ❌ S3 upload failed for chatham/minutes/general/2021/Selectmen-minutes-11.4.2021.pdf: The request signature we calculated does not match the signature you provided. Check your key and signing method.
[2026-02-12T04:41:48.161Z] ❌ S3 upload failed for chatham/minutes/general/2022/minutes-to-meetings-May-5-2022.pdf: The request signature we calculated does not match the signature you provided. Check your key and signing method.
[2026-02-12T04:41:48.184Z] ❌ S3 upload failed for chatham/minutes/general/2021/Selectmen-minutes-October-7-2021.pdf: The request signature we calculated does not match the signature you provided. Check your key and signing method.
[2026-02-12T04:41:48.191Z] ❌ S3 upload failed for chatham/minutes/general/2022/minutes-to-meetings-April-7-2022.pdf: The request signature we calculated does not match the signature you provided. Check your key and signing method.
[2026-02-12T04:41:48.216Z] ❌ S3 upload failed for chatham/minutes/general/2022/selectmen-minutes-march-3-2022.pdf: The request signature we calculated does not match the signature you provided. Check your key and signing method.
[2026-02-12T04:41:48.217Z] ❌ S3 upload failed for chatham/minutes/general/2021/Selectmen-Minutes-9.2.2021.pdf: The request signature we calculated does not match the signature you provided. Check your key and signing method.
[2026-02-12T04:41:48.249Z] ❌ S3 upload failed for chatham/minutes/general/2021/Selectmen-minutes-8.5.20212021.pdf: The request signature we calculated does not match the signature you provided. Check your key and signing method.
[2026-02-12T04:41:48.253Z] ❌ S3 upload failed for chatham/minutes/general/2022/Selectmen-minutes-February-3-2022.pdf: The request signature we calculated does not match the signature you provided. Check your key and signing method.
[2026-02-12T04:41:48.274Z] ❌ S3 upload failed for chatham/minutes/general/2021/Selectmen-minutes-to-meetings-July-1-2021.pdf: The request signature we calculated does not match the signature you provided. Check your key and signing method.
[2026-02-12T04:41:48.278Z] ❌ S3 upload failed for chatham/minutes/general/2022/Selectmen-minutes-January-6-2022.pdf: The request signature we calculated does not match the signature you provided. Check your key and signing method.
[2026-02-12T04:41:48.300Z] ❌ S3 upload failed for chatham/minutes/general/2021/Selectmen-minutes-6.3.2021.pdf: The request signature we calculated does not match the signature you provided. Check your key and signing method.
[2026-02-12T04:41:48.304Z] ❌ S3 upload failed for chatham/minutes/general/2022/Selecmen-minutes-12.2.2021.pdf: The request signature we calculated does not match the signature you provided. Check your key and signing method.
[2026-02-12T04:41:48.331Z] ❌ S3 upload failed for chatham/minutes/general/2021/Selectmen-minutes-5.6.2021.pdf: The request signature we calculated does not match the signature you provided. Check your key and signing method.
[2026-02-12T04:41:48.335Z] ❌ S3 upload failed for chatham/minutes/general/2021/Selectmen-minutes-11.4.2021.pdf: The request signature we calculated does not match the signature you provided. Check your key and signing method.
[2026-02-12T04:41:48.360Z] ❌ S3 upload failed for chatham/minutes/general/2021/Selectmen-minutes-October-7-2021.pdf: The request signature we calculated does not match the signature you provided. Check your key and signing method.
[2026-02-12T04:41:48.363Z] ❌ S3 upload failed for chatham/minutes/general/2021/Selectmen-minutes-4.1.2021.pdf: The request signature we calculated does not match the signature you provided. Check your key and signing method.
[2026-02-12T04:41:48.390Z] ❌ S3 upload failed for chatham/minutes/general/2021/Selectmen-Minutes-9.2.2021.pdf: The request signature we calculated does not match the signature you provided. Check your key and signing method.
[2026-02-12T04:41:48.391Z] ❌ S3 upload failed for chatham/minutes/general/2021/Selectmen-minutes-3.4.2021.pdf: The request signature we calculated does not match the signature you provided. Check your key and signing method.
[2026-02-12T04:41:48.419Z] ❌ S3 upload failed for chatham/minutes/general/2021/Selectmen-minutes-8.5.20212021.pdf: The request signature we calculated does not match the signature you provided. Check your key and signing method.
[2026-02-12T04:41:48.421Z] ❌ S3 upload failed for chatham/minutes/general/2021/Selectmen-minutes-2.4.2021.pdf: The request signature we calculated does not match the signature you provided. Check your key and signing method.
[2026-02-12T04:41:48.452Z] ❌ S3 upload failed for chatham/minutes/general/2021/Selectmen-minutes-to-meetings-July-1-2021.pdf: The request signature we calculated does not match the signature you provided. Check your key and signing method.
[2026-02-12T04:41:48.458Z] ❌ S3 upload failed for chatham/minutes/general/2021/Selectmen-minutes-1.7.2021.pdf: The request signature we calculated does not match the signature you provided. Check your key and signing method.
[2026-02-12T04:41:48.479Z] ❌ S3 upload failed for chatham/minutes/general/2021/Selectmen-minutes-6.3.2021.pdf: The request signature we calculated does not match the signature you provided. Check your key and signing method.
[2026-02-12T04:41:48.484Z] ❌ S3 upload failed for chatham/minutes/general/2021/Selectmen-minutes-12.3.2020.pdf: The request signature we calculated does not match the signature you provided. Check your key and signing method.
[2026-02-12T04:41:48.509Z] ❌ S3 upload failed for chatham/minutes/general/2021/Selectmen-minutes-5.6.2021.pdf: The request signature we calculated does not match the signature you provided. Check your key and signing method.
[2026-02-12T04:41:48.534Z] ❌ S3 upload failed for chatham/minutes/general/2020/Selectmen-Minutes-11-05-2020.pdf: The request signature we calculated does not match the signature you provided. Check your key and signing method.
[2026-02-12T04:41:48.538Z] ❌ S3 upload failed for chatham/minutes/general/2021/Selectmen-minutes-4.1.2021.pdf: The request signature we calculated does not match the signature you provided. Check your key and signing method.
[2026-02-12T04:41:48.569Z] ❌ S3 upload failed for chatham/minutes/general/2021/Selectmen-minutes-3.4.2021.pdf: The request signature we calculated does not match the signature you provided. Check your key and signing method.
[2026-02-12T04:41:48.575Z] ❌ S3 upload failed for chatham/minutes/general/2020/Selectmen-Minutes-10-01-2020.pdf: The request signature we calculated does not match the signature you provided. Check your key and signing method.
[2026-02-12T04:41:48.600Z] ❌ S3 upload failed for chatham/minutes/general/2021/Selectmen-minutes-2.4.2021.pdf: The request signature we calculated does not match the signature you provided. Check your key and signing method.
[2026-02-12T04:41:48.607Z] ❌ S3 upload failed for chatham/minutes/general/2020/Selectmen-Minutes-09-03-2020.pdf: The request signature we calculated does not match the signature you provided. Check your key and signing method.
[2026-02-12T04:41:48.629Z] ❌ S3 upload failed for chatham/minutes/general/2021/Selectmen-minutes-1.7.2021.pdf: The request signature we calculated does not match the signature you provided. Check your key and signing method.
[2026-02-12T04:41:48.639Z] ❌ S3 upload failed for chatham/minutes/general/2020/Selectmen-Minutes-08-06-2020.pdf: The request signature we calculated does not match the signature you provided. Check your key and signing method.
[2026-02-12T04:41:48.660Z] ❌ S3 upload failed for chatham/minutes/general/2021/Selectmen-minutes-12.3.2020.pdf: The request signature we calculated does not match the signature you provided. Check your key and signing method.
[2026-02-12T04:41:48.671Z] ❌ S3 upload failed for chatham/minutes/general/2020/Selectmen-Minutes-07-02-2020.pdf: The request signature we calculated does not match the signature you provided. Check your key and signing method.
[2026-02-12T04:41:48.709Z] ❌ S3 upload failed for chatham/minutes/general/2020/Selectmen-Minutes-06-04-2020.pdf: The request signature we calculated does not match the signature you provided. Check your key and signing method.
[2026-02-12T04:41:48.711Z] ❌ S3 upload failed for chatham/minutes/general/2020/Selectmen-Minutes-11-05-2020.pdf: The request signature we calculated does not match the signature you provided. Check your key and signing method.
[2026-02-12T04:41:48.739Z] ❌ S3 upload failed for chatham/minutes/general/2020/Selectmen-Minutes-05-07-2020.pdf: The request signature we calculated does not match the signature you provided. Check your key and signing method.
[2026-02-12T04:41:48.743Z] ❌ S3 upload failed for chatham/minutes/general/2020/Selectmen-Minutes-10-01-2020.pdf: The request signature we calculated does not match the signature you provided. Check your key and signing method.
[2026-02-12T04:41:48.776Z] ❌ S3 upload failed for chatham/minutes/general/2020/Selectmen-Minutes-09-03-2020.pdf: The request signature we calculated does not match the signature you provided. Check your key and signing method.
[2026-02-12T04:41:48.780Z] ❌ S3 upload failed for chatham/minutes/general/2020/Selectmen-Minutes-03-05-2020.pdf: The request signature we calculated does not match the signature you provided. Check your key and signing method.
[2026-02-12T04:41:48.819Z] ❌ S3 upload failed for chatham/minutes/general/2020/Selectmen-Minutes-08-06-2020.pdf: The request signature we calculated does not match the signature you provided. Check your key and signing method.
[2026-02-12T04:41:48.851Z] ❌ S3 upload failed for chatham/minutes/general/2020/Selectmen-Minutes-07-02-2020.pdf: The request signature we calculated does not match the signature you provided. Check your key and signing method.
[2026-02-12T04:41:48.865Z] ❌ S3 upload failed for chatham/minutes/general/2020/Selectmen-Minutes-02-06-2020.pdf: The request signature we calculated does not match the signature you provided. Check your key and signing method.
[2026-02-12T04:41:48.881Z] ❌ S3 upload failed for chatham/minutes/general/2020/Selectmen-Minutes-06-04-2020.pdf: The request signature we calculated does not match the signature you provided. Check your key and signing method.
[2026-02-12T04:41:48.901Z] ❌ S3 upload failed for chatham/minutes/general/2020/Selectmen-Minutes-01-02-2020.pdf: The request signature we calculated does not match the signature you provided. Check your key and signing method.
[2026-02-12T04:41:48.903Z]    Progress: 0 uploaded, 0 skipped, 150 failed
[2026-02-12T04:41:48.922Z] ❌ S3 upload failed for chatham/minutes/general/2020/Selectmen-Minutes-05-07-2020.pdf: The request signature we calculated does not match the signature you provided. Check your key and signing method.
[2026-02-12T04:41:48.929Z] ❌ S3 upload failed for chatham/minutes/general/2020/Selectmen-Minutes-12-05-2019.pdf: The request signature we calculated does not match the signature you provided. Check your key and signing method.
[2026-02-12T04:41:48.973Z] ❌ S3 upload failed for chatham/minutes/general/2020/Selectmen-Minutes-11-07-2019.pdf: The request signature we calculated does not match the signature you provided. Check your key and signing method.
[2026-02-12T04:41:48.976Z] ❌ S3 upload failed for chatham/minutes/general/2020/Selectmen-Minutes-03-05-2020.pdf: The request signature we calculated does not match the signature you provided. Check your key and signing method.
[2026-02-12T04:41:49.008Z] ❌ S3 upload failed for chatham/minutes/general/2020/Selectmen-Minutes-02-06-2020.pdf: The request signature we calculated does not match the signature you provided. Check your key and signing method.
[2026-02-12T04:41:49.010Z] ❌ S3 upload failed for chatham/minutes/general/2020/Selectmen-Minutes-10-03-2019.pdf: The request signature we calculated does not match the signature you provided. Check your key and signing method.
[2026-02-12T04:41:49.045Z] ❌ S3 upload failed for chatham/minutes/general/2020/Selectmen-Minutes-01-02-2020.pdf: The request signature we calculated does not match the signature you provided. Check your key and signing method.
[2026-02-12T04:41:49.045Z]    Progress: 0 uploaded, 0 skipped, 150 failed
[2026-02-12T04:41:49.048Z] ❌ S3 upload failed for chatham/minutes/general/2019/Selectmen-Minutes-09-05-2019.pdf: The request signature we calculated does not match the signature you provided. Check your key and signing method.
[2026-02-12T04:41:49.080Z] ❌ S3 upload failed for chatham/minutes/general/2020/Selectmen-Minutes-12-05-2019.pdf: The request signature we calculated does not match the signature you provided. Check your key and signing method.
[2026-02-12T04:41:49.083Z] ❌ S3 upload failed for chatham/minutes/general/2019/Selectmen-Minutes-08-04-2019.pdf: The request signature we calculated does not match the signature you provided. Check your key and signing method.
[2026-02-12T04:41:49.106Z] ❌ S3 upload failed for chatham/minutes/general/2020/Selectmen-Minutes-11-07-2019.pdf: The request signature we calculated does not match the signature you provided. Check your key and signing method.
[2026-02-12T04:41:49.136Z] ❌ S3 upload failed for chatham/minutes/general/2019/Selectmen-Minutes-07-04-2019.pdf: The request signature we calculated does not match the signature you provided. Check your key and signing method.
[2026-02-12T04:41:49.162Z] ❌ S3 upload failed for chatham/minutes/general/2019/Selectmen-Minutes-06-06-2019.pdf: The request signature we calculated does not match the signature you provided. Check your key and signing method.
[2026-02-12T04:41:49.163Z] ❌ S3 upload failed for chatham/minutes/general/2020/Selectmen-Minutes-10-03-2019.pdf: The request signature we calculated does not match the signature you provided. Check your key and signing method.
[2026-02-12T04:41:49.199Z] ❌ S3 upload failed for chatham/minutes/general/2019/Selectmen-Minutes-09-05-2019.pdf: The request signature we calculated does not match the signature you provided. Check your key and signing method.
[2026-02-12T04:41:49.203Z] ❌ S3 upload failed for chatham/minutes/general/2019/Selectmen-Minutes-05-02-2019.pdf: The request signature we calculated does not match the signature you provided. Check your key and signing method.
[2026-02-12T04:41:49.233Z] ❌ S3 upload failed for chatham/minutes/general/2019/Selectmen-Minutes-08-04-2019.pdf: The request signature we calculated does not match the signature you provided. Check your key and signing method.
[2026-02-12T04:41:49.262Z] ❌ S3 upload failed for chatham/minutes/general/2019/Selectmen-Minutes-07-04-2019.pdf: The request signature we calculated does not match the signature you provided. Check your key and signing method.
[2026-02-12T04:41:49.267Z] ❌ S3 upload failed for chatham/minutes/general/2019/Selectmen-Minutes-04-04-2019.pdf: The request signature we calculated does not match the signature you provided. Check your key and signing method.
[2026-02-12T04:41:49.297Z] ❌ S3 upload failed for chatham/minutes/general/2019/Selectmen-Minutes-03-07-2019.pdf: The request signature we calculated does not match the signature you provided. Check your key and signing method.
[2026-02-12T04:41:49.302Z] ❌ S3 upload failed for chatham/minutes/general/2019/Selectmen-Minutes-06-06-2019.pdf: The request signature we calculated does not match the signature you provided. Check your key and signing method.
[2026-02-12T04:41:49.322Z] ❌ S3 upload failed for chatham/minutes/general/2019/Selectmen-Minutes-01-30-2019.pdf: The request signature we calculated does not match the signature you provided. Check your key and signing method.
[2026-02-12T04:41:49.346Z] ❌ S3 upload failed for chatham/minutes/general/2018/Selectmen-Minutes-11-01-2018.pdf: The request signature we calculated does not match the signature you provided. Check your key and signing method.
[2026-02-12T04:41:49.377Z] ❌ S3 upload failed for chatham/minutes/general/2019/Selectmen-Minutes-10-04-2018.pdf: The request signature we calculated does not match the signature you provided. Check your key and signing method.
[2026-02-12T04:41:49.379Z] ❌ S3 upload failed for chatham/minutes/general/2019/Selectmen-Minutes-05-02-2019.pdf: The request signature we calculated does not match the signature you provided. Check your key and signing method.
[2026-02-12T04:41:49.408Z] ❌ S3 upload failed for chatham/minutes/general/2019/Selectmen-Minutes-09-06-2018.pdf: The request signature we calculated does not match the signature you provided. Check your key and signing method.
[2026-02-12T04:41:49.422Z] ❌ S3 upload failed for chatham/minutes/general/2019/Selectmen-Minutes-04-04-2019.pdf: The request signature we calculated does not match the signature you provided. Check your key and signing method.
[2026-02-12T04:41:49.466Z] ❌ S3 upload failed for chatham/minutes/general/2018/Selectmen-Minutes-08-02-2018.pdf: The request signature we calculated does not match the signature you provided. Check your key and signing method.
[2026-02-12T04:41:49.473Z] ❌ S3 upload failed for chatham/minutes/general/2019/Selectmen-Minutes-03-07-2019.pdf: The request signature we calculated does not match the signature you provided. Check your key and signing method.
[2026-02-12T04:41:49.494Z] ❌ S3 upload failed for chatham/minutes/general/2018/Selectmen-Minutes-07-12-2018.pdf: The request signature we calculated does not match the signature you provided. Check your key and signing method.
[2026-02-12T04:41:49.525Z] ❌ S3 upload failed for chatham/minutes/general/2019/Selectmen-Minutes-01-30-2019.pdf: The request signature we calculated does not match the signature you provided. Check your key and signing method.
[2026-02-12T04:41:49.531Z] ❌ S3 upload failed for chatham/minutes/general/2019/Selectmen-Minutes-06-03-2018.pdf: The request signature we calculated does not match the signature you provided. Check your key and signing method.
[2026-02-12T04:41:49.546Z] ❌ S3 upload failed for chatham/minutes/general/2018/Selectmen-Minutes-11-01-2018.pdf: The request signature we calculated does not match the signature you provided. Check your key and signing method.
[2026-02-12T04:41:49.561Z] ❌ S3 upload failed for chatham/minutes/general/2018/Selectmen-Minutes-05-03-2018-6.pdf: The request signature we calculated does not match the signature you provided. Check your key and signing method.
[2026-02-12T04:41:49.581Z] ❌ S3 upload failed for chatham/minutes/general/2019/Selectmen-Minutes-10-04-2018.pdf: The request signature we calculated does not match the signature you provided. Check your key and signing method.
[2026-02-12T04:41:49.591Z] ❌ S3 upload failed for chatham/minutes/general/2018/Selectman-Minutes-04-05-2018-1.pdf: The request signature we calculated does not match the signature you provided. Check your key and signing method.
[2026-02-12T04:41:49.616Z] ❌ S3 upload failed for chatham/minutes/general/2019/Selectmen-Minutes-09-06-2018.pdf: The request signature we calculated does not match the signature you provided. Check your key and signing method.
[2026-02-12T04:41:49.630Z] ❌ S3 upload failed for chatham/minutes/general/2018/Selectman-Minutes-03-03-2018.pdf: The request signature we calculated does not match the signature you provided. Check your key and signing method.
[2026-02-12T04:41:49.659Z] ❌ S3 upload failed for chatham/minutes/general/2018/Selectmen-Minutes-08-02-2018.pdf: The request signature we calculated does not match the signature you provided. Check your key and signing method.
[2026-02-12T04:41:49.700Z] ❌ S3 upload failed for chatham/minutes/general/2019/Minutes-to-Public-Hearing-02-22-2018.pdf: The request signature we calculated does not match the signature you provided. Check your key and signing method.
[2026-02-12T04:41:49.712Z] ❌ S3 upload failed for chatham/minutes/general/2018/Selectmen-Minutes-07-12-2018.pdf: The request signature we calculated does not match the signature you provided. Check your key and signing method.
[2026-02-12T04:41:49.729Z] ❌ S3 upload failed for chatham/minutes/general/2018/Selectman-Minutes-01-31-2018.pdf: The request signature we calculated does not match the signature you provided. Check your key and signing method.
[2026-02-12T04:41:49.745Z] ❌ S3 upload failed for chatham/minutes/general/2019/Selectmen-Minutes-06-03-2018.pdf: The request signature we calculated does not match the signature you provided. Check your key and signing method.
[2026-02-12T04:41:49.761Z] ❌ S3 upload failed for chatham/minutes/general/2018/Selectman-Minutes-01-09-2018.pdf: The request signature we calculated does not match the signature you provided. Check your key and signing method.
[2026-02-12T04:41:49.781Z] ❌ S3 upload failed for chatham/minutes/general/2018/Selectmen-Minutes-05-03-2018-6.pdf: The request signature we calculated does not match the signature you provided. Check your key and signing method.
[2026-02-12T04:41:49.782Z] ❌ S3 upload failed for chatham/minutes/general/2018/Selectman-Minutes-12-07-2017.pdf: The request signature we calculated does not match the signature you provided. Check your key and signing method.
[2026-02-12T04:41:49.806Z] ❌ S3 upload failed for chatham/minutes/general/2017/Selectman-Minutes-11-09-2017.pdf: The request signature we calculated does not match the signature you provided. Check your key and signing method.
[2026-02-12T04:41:49.814Z] ❌ S3 upload failed for chatham/minutes/general/2018/Selectman-Minutes-04-05-2018-1.pdf: The request signature we calculated does not match the signature you provided. Check your key and signing method.
[2026-02-12T04:41:49.835Z] ❌ S3 upload failed for chatham/minutes/general/2017/Selectman-Minutes-10-05-2017.pdf: The request signature we calculated does not match the signature you provided. Check your key and signing method.
[2026-02-12T04:41:49.844Z] ❌ S3 upload failed for chatham/minutes/general/2018/Selectman-Minutes-03-03-2018.pdf: The request signature we calculated does not match the signature you provided. Check your key and signing method.
[2026-02-12T04:41:49.874Z] ❌ S3 upload failed for chatham/minutes/general/2017/Selectman-Minutes-09-07-2017.pdf: The request signature we calculated does not match the signature you provided. Check your key and signing method.
[2026-02-12T04:41:49.882Z] ❌ S3 upload failed for chatham/minutes/general/2019/Minutes-to-Public-Hearing-02-22-2018.pdf: The request signature we calculated does not match the signature you provided. Check your key and signing method.
[2026-02-12T04:41:49.910Z] ❌ S3 upload failed for chatham/minutes/general/2017/Selectman-Minutes-08-03-2017.pdf: The request signature we calculated does not match the signature you provided. Check your key and signing method.
[2026-02-12T04:41:49.916Z] ❌ S3 upload failed for chatham/minutes/general/2018/Selectman-Minutes-01-31-2018.pdf: The request signature we calculated does not match the signature you provided. Check your key and signing method.
[2026-02-12T04:41:49.948Z] ❌ S3 upload failed for chatham/minutes/general/2018/Selectman-Minutes-01-09-2018.pdf: The request signature we calculated does not match the signature you provided. Check your key and signing method.
[2026-02-12T04:41:49.956Z] ❌ S3 upload failed for chatham/minutes/general/2017/Selectman-Minutes-07-06-2017.pdf: The request signature we calculated does not match the signature you provided. Check your key and signing method.
[2026-02-12T04:41:49.981Z] ❌ S3 upload failed for chatham/minutes/general/2018/Selectman-Minutes-12-07-2017.pdf: The request signature we calculated does not match the signature you provided. Check your key and signing method.
[2026-02-12T04:41:50.012Z] ❌ S3 upload failed for chatham/minutes/general/2017/Selectman-Minutes-11-09-2017.pdf: The request signature we calculated does not match the signature you provided. Check your key and signing method.
[2026-02-12T04:41:50.044Z] ❌ S3 upload failed for chatham/minutes/general/2017/Selectman-Minutes-10-05-2017.pdf: The request signature we calculated does not match the signature you provided. Check your key and signing method.
[2026-02-12T04:41:50.063Z] ❌ S3 upload failed for chatham/minutes/general/2017/Selectman-Minutes-06-01-2017.pdf: The request signature we calculated does not match the signature you provided. Check your key and signing method.
[2026-02-12T04:41:50.075Z] ❌ S3 upload failed for chatham/minutes/general/2017/Selectman-Minutes-09-07-2017.pdf: The request signature we calculated does not match the signature you provided. Check your key and signing method.
[2026-02-12T04:41:50.108Z] ❌ S3 upload failed for chatham/minutes/general/2017/Selectman-Minutes-08-03-2017.pdf: The request signature we calculated does not match the signature you provided. Check your key and signing method.
[2026-02-12T04:41:50.109Z] ❌ S3 upload failed for chatham/minutes/general/2017/Selectman-Minutes-05-04-2017.pdf: The request signature we calculated does not match the signature you provided. Check your key and signing method.
[2026-02-12T04:41:50.136Z] ❌ S3 upload failed for chatham/minutes/general/2017/Selectman-Minutes-04-06-2017.pdf: The request signature we calculated does not match the signature you provided. Check your key and signing method.
[2026-02-12T04:41:50.139Z] ❌ S3 upload failed for chatham/minutes/general/2017/Selectman-Minutes-07-06-2017.pdf: The request signature we calculated does not match the signature you provided. Check your key and signing method.
[2026-02-12T04:41:50.173Z] ❌ S3 upload failed for chatham/minutes/general/2017/Selectman-Minutes-03-02-2017.pdf: The request signature we calculated does not match the signature you provided. Check your key and signing method.
[2026-02-12T04:41:50.176Z] ❌ S3 upload failed for chatham/minutes/general/2017/Selectman-Minutes-06-01-2017.pdf: The request signature we calculated does not match the signature you provided. Check your key and signing method.
[2026-02-12T04:41:50.213Z] ❌ S3 upload failed for chatham/minutes/general/2017/Selectman-Minutes-05-04-2017.pdf: The request signature we calculated does not match the signature you provided. Check your key and signing method.
[2026-02-12T04:41:50.216Z] ❌ S3 upload failed for chatham/minutes/general/2017/Selectman-Minutes-01-30-2017.pdf: The request signature we calculated does not match the signature you provided. Check your key and signing method.
[2026-02-12T04:41:50.240Z] ❌ S3 upload failed for chatham/minutes/general/2017/Selectman-Minutes-04-06-2017.pdf: The request signature we calculated does not match the signature you provided. Check your key and signing method.
[2026-02-12T04:41:50.254Z] ❌ S3 upload failed for chatham/minutes/general/2017/Selectman-Minutes-01-05-2017.pdf: The request signature we calculated does not match the signature you provided. Check your key and signing method.
[2026-02-12T04:41:50.279Z] ❌ S3 upload failed for chatham/minutes/general/2017/Selectman-Minutes-12-01-2016-.pdf: The request signature we calculated does not match the signature you provided. Check your key and signing method.
[2026-02-12T04:41:50.284Z] ❌ S3 upload failed for chatham/minutes/general/2017/Selectman-Minutes-03-02-2017.pdf: The request signature we calculated does not match the signature you provided. Check your key and signing method.
[2026-02-12T04:41:50.300Z] ❌ S3 upload failed for chatham/minutes/general/2017/Selectman-Minutes-11-03-2016-.pdf: The request signature we calculated does not match the signature you provided. Check your key and signing method.
[2026-02-12T04:41:50.319Z] ❌ S3 upload failed for chatham/minutes/general/2017/Selectman-Minutes-01-30-2017.pdf: The request signature we calculated does not match the signature you provided. Check your key and signing method.
[2026-02-12T04:41:50.325Z] ❌ S3 upload failed for chatham/minutes/general/2017/Selectman-Minutes-09-01-2016-.pdf: The request signature we calculated does not match the signature you provided. Check your key and signing method.
[2026-02-12T04:41:50.354Z] ❌ S3 upload failed for chatham/minutes/general/2017/Selectman-Minutes-01-05-2017.pdf: The request signature we calculated does not match the signature you provided. Check your key and signing method.
[2026-02-12T04:41:50.352Z] ❌ S3 upload failed for chatham/minutes/general/2017/Selectman-Minutes-08-04-2016.pdf: The request signature we calculated does not match the signature you provided. Check your key and signing method.
[2026-02-12T04:41:50.374Z] ❌ S3 upload failed for chatham/minutes/general/2017/Selectman-Minutes-12-01-2016-.pdf: The request signature we calculated does not match the signature you provided. Check your key and signing method.
[2026-02-12T04:41:50.382Z] ❌ S3 upload failed for chatham/minutes/general/2017/Selectman-Minutes-07-07-2016-.pdf: The request signature we calculated does not match the signature you provided. Check your key and signing method.
[2026-02-12T04:41:50.402Z] ❌ S3 upload failed for chatham/minutes/general/2017/Selectman-Minutes-11-03-2016-.pdf: The request signature we calculated does not match the signature you provided. Check your key and signing method.
[2026-02-12T04:41:50.406Z] ❌ S3 upload failed for chatham/minutes/general/2017/Selectman-Minutes-06-07-2016.pdf: The request signature we calculated does not match the signature you provided. Check your key and signing method.
[2026-02-12T04:41:50.422Z] ❌ S3 upload failed for chatham/minutes/general/2017/Selectman-Minutes-09-01-2016-.pdf: The request signature we calculated does not match the signature you provided. Check your key and signing method.
[2026-02-12T04:41:50.436Z] ❌ S3 upload failed for chatham/minutes/general/2014/Selectman-Minutes-05-25-16.pdf: The request signature we calculated does not match the signature you provided. Check your key and signing method.
[2026-02-12T04:41:50.457Z] ❌ S3 upload failed for chatham/minutes/general/2017/Selectman-Minutes-08-04-2016.pdf: The request signature we calculated does not match the signature you provided. Check your key and signing method.
[2026-02-12T04:41:50.466Z] ❌ S3 upload failed for chatham/minutes/general/2014/Selectman-Minutes-05-03-2016.pdf: The request signature we calculated does not match the signature you provided. Check your key and signing method.
[2026-02-12T04:41:50.492Z] ❌ S3 upload failed for chatham/minutes/general/2017/Selectman-Minutes-07-07-2016-.pdf: The request signature we calculated does not match the signature you provided. Check your key and signing method.
[2026-02-12T04:41:50.502Z] ❌ S3 upload failed for chatham/minutes/general/2014/Selectman-Minutes-04-05-2016.pdf: The request signature we calculated does not match the signature you provided. Check your key and signing method.
[2026-02-12T04:41:50.518Z] ❌ S3 upload failed for chatham/minutes/general/2017/Selectman-Minutes-06-07-2016.pdf: The request signature we calculated does not match the signature you provided. Check your key and signing method.
[2026-02-12T04:41:50.531Z] ❌ S3 upload failed for chatham/minutes/general/2014/Selectman-Minutes-03-01-2016.pdf: The request signature we calculated does not match the signature you provided. Check your key and signing method.
[2026-02-12T04:41:50.547Z] ❌ S3 upload failed for chatham/minutes/general/2014/Selectman-Minutes-05-25-16.pdf: The request signature we calculated does not match the signature you provided. Check your key and signing method.
[2026-02-12T04:41:50.553Z] ❌ S3 upload failed for chatham/minutes/general/2014/Selectman-Minutes-02-23-2016.pdf: The request signature we calculated does not match the signature you provided. Check your key and signing method.
[2026-02-12T04:41:50.580Z] ❌ S3 upload failed for chatham/minutes/general/2014/Selectman-Minutes-05-03-2016.pdf: The request signature we calculated does not match the signature you provided. Check your key and signing method.
[2026-02-12T04:41:50.583Z] ❌ S3 upload failed for chatham/minutes/general/2014/Selectman-Minutes-02-02-2016.pdf: The request signature we calculated does not match the signature you provided. Check your key and signing method.
[2026-02-12T04:41:50.609Z] ❌ S3 upload failed for chatham/minutes/general/2014/Selectman-Minutes-04-05-2016.pdf: The request signature we calculated does not match the signature you provided. Check your key and signing method.
[2026-02-12T04:41:50.631Z] ❌ S3 upload failed for chatham/minutes/general/2014/Selectman-Minutes-01-05-2016.pdf: The request signature we calculated does not match the signature you provided. Check your key and signing method.
[2026-02-12T04:41:50.656Z] ❌ S3 upload failed for chatham/minutes/general/2014/Selectman-Minutes-03-01-2016.pdf: The request signature we calculated does not match the signature you provided. Check your key and signing method.
[2026-02-12T04:41:50.657Z] ❌ S3 upload failed for chatham/minutes/general/2014/Selectman-Minutes-12-18-2015.pdf: The request signature we calculated does not match the signature you provided. Check your key and signing method.
[2026-02-12T04:41:50.679Z] ❌ S3 upload failed for chatham/minutes/general/2014/Selectman-Minutes-11-10-2015.pdf: The request signature we calculated does not match the signature you provided. Check your key and signing method.
[2026-02-12T04:41:50.680Z]    Progress: 0 uploaded, 0 skipped, 200 failed
[2026-02-12T04:41:50.690Z] ❌ S3 upload failed for chatham/minutes/general/2014/Selectman-Minutes-02-23-2016.pdf: The request signature we calculated does not match the signature you provided. Check your key and signing method.
[2026-02-12T04:41:50.711Z] ❌ S3 upload failed for chatham/minutes/general/2014/Selectman-Minutes-10-26-2015.pdf: The request signature we calculated does not match the signature you provided. Check your key and signing method.
[2026-02-12T04:41:50.721Z] ❌ S3 upload failed for chatham/minutes/general/2014/Selectman-Minutes-02-02-2016.pdf: The request signature we calculated does not match the signature you provided. Check your key and signing method.
[2026-02-12T04:41:50.752Z] ❌ S3 upload failed for chatham/minutes/general/2014/Selectman-Minutes-10-19-2015.pdf: The request signature we calculated does not match the signature you provided. Check your key and signing method.
[2026-02-12T04:41:50.754Z] ❌ S3 upload failed for chatham/minutes/general/2014/Selectman-Minutes-01-05-2016.pdf: The request signature we calculated does not match the signature you provided. Check your key and signing method.
[2026-02-12T04:41:50.786Z] ❌ S3 upload failed for chatham/minutes/general/2015/Selectman-Minutes-10-6-2015.pdf: The request signature we calculated does not match the signature you provided. Check your key and signing method.
[2026-02-12T04:41:50.788Z] ❌ S3 upload failed for chatham/minutes/general/2014/Selectman-Minutes-12-18-2015.pdf: The request signature we calculated does not match the signature you provided. Check your key and signing method.
[2026-02-12T04:41:50.815Z] ❌ S3 upload failed for chatham/minutes/general/2015/Selectman-Minutes-09-14-2015.pdf: The request signature we calculated does not match the signature you provided. Check your key and signing method.
[2026-02-12T04:41:50.821Z] ❌ S3 upload failed for chatham/minutes/general/2014/Selectman-Minutes-11-10-2015.pdf: The request signature we calculated does not match the signature you provided. Check your key and signing method.
[2026-02-12T04:41:50.821Z]    Progress: 0 uploaded, 0 skipped, 200 failed
[2026-02-12T04:41:50.844Z] ❌ S3 upload failed for chatham/minutes/general/2015/Selectman-Minutes-09-01-2015.pdf: The request signature we calculated does not match the signature you provided. Check your key and signing method.
[2026-02-12T04:41:50.852Z] ❌ S3 upload failed for chatham/minutes/general/2014/Selectman-Minutes-10-26-2015.pdf: The request signature we calculated does not match the signature you provided. Check your key and signing method.
[2026-02-12T04:41:50.871Z] ❌ S3 upload failed for chatham/minutes/general/2015/Selectman-Minutes-08-17-2015.pdf: The request signature we calculated does not match the signature you provided. Check your key and signing method.
[2026-02-12T04:41:50.883Z] ❌ S3 upload failed for chatham/minutes/general/2014/Selectman-Minutes-10-19-2015.pdf: The request signature we calculated does not match the signature you provided. Check your key and signing method.
[2026-02-12T04:41:50.908Z] ❌ S3 upload failed for chatham/minutes/general/2015/Selectman-Minutes-08-04-2015.pdf: The request signature we calculated does not match the signature you provided. Check your key and signing method.
[2026-02-12T04:41:50.934Z] ❌ S3 upload failed for chatham/minutes/general/2014/Selectman-Minutes-07-07-2015.pdf: The request signature we calculated does not match the signature you provided. Check your key and signing method.
[2026-02-12T04:41:50.961Z] ❌ S3 upload failed for chatham/minutes/general/2014/Selectman-Minutes-06-02-2015.pdf: The request signature we calculated does not match the signature you provided. Check your key and signing method.
[2026-02-12T04:41:50.964Z] ❌ S3 upload failed for chatham/minutes/general/2015/Selectman-Minutes-10-6-2015.pdf: The request signature we calculated does not match the signature you provided. Check your key and signing method.
[2026-02-12T04:41:50.991Z] ❌ S3 upload failed for chatham/minutes/general/2014/Selectman-Minutes-05-06-2015.pdf: The request signature we calculated does not match the signature you provided. Check your key and signing method.
[2026-02-12T04:41:51.014Z] ❌ S3 upload failed for chatham/minutes/general/2014/Selectman-Minutes-04-07-2015.pdf: The request signature we calculated does not match the signature you provided. Check your key and signing method.
[2026-02-12T04:41:51.044Z] ❌ S3 upload failed for chatham/minutes/general/2014/Selectman-Minutes-03-03-2015.pdf: The request signature we calculated does not match the signature you provided. Check your key and signing method.
[2026-02-12T04:41:51.061Z] ❌ S3 upload failed for chatham/minutes/general/2015/Selectman-Minutes-09-14-2015.pdf: The request signature we calculated does not match the signature you provided. Check your key and signing method.
[2026-02-12T04:41:51.073Z] ❌ S3 upload failed for chatham/minutes/general/2014/Selectman-Minutes-02-13-2015.pdf: The request signature we calculated does not match the signature you provided. Check your key and signing method.
[2026-02-12T04:41:51.093Z] ❌ S3 upload failed for chatham/minutes/general/2015/Selectman-Minutes-09-01-2015.pdf: The request signature we calculated does not match the signature you provided. Check your key and signing method.
[2026-02-12T04:41:51.096Z] ❌ S3 upload failed for chatham/minutes/general/2014/Selectman-Minutes-02-03-2015.pdf: The request signature we calculated does not match the signature you provided. Check your key and signing method.
[2026-02-12T04:41:51.117Z] ❌ S3 upload failed for chatham/minutes/general/2015/Selectman-Minutes-08-17-2015.pdf: The request signature we calculated does not match the signature you provided. Check your key and signing method.
[2026-02-12T04:41:51.123Z] ❌ S3 upload failed for chatham/minutes/general/2014/Selectman-Minutes-01-07-2015.pdf: The request signature we calculated does not match the signature you provided. Check your key and signing method.
[2026-02-12T04:41:51.148Z] ❌ S3 upload failed for chatham/minutes/general/2015/Selectman-Minutes-08-04-2015.pdf: The request signature we calculated does not match the signature you provided. Check your key and signing method.
[2026-02-12T04:41:51.151Z] ❌ S3 upload failed for chatham/minutes/general/2014/Selectman-Minutes-12-02-2014.pdf: The request signature we calculated does not match the signature you provided. Check your key and signing method.
[2026-02-12T04:41:51.179Z] ❌ S3 upload failed for chatham/minutes/general/2014/Selectman-Minutes-11-04-2014.pdf: The request signature we calculated does not match the signature you provided. Check your key and signing method.
[2026-02-12T04:41:51.182Z] ❌ S3 upload failed for chatham/minutes/general/2014/Selectman-Minutes-07-07-2015.pdf: The request signature we calculated does not match the signature you provided. Check your key and signing method.
[2026-02-12T04:41:51.216Z] ❌ S3 upload failed for chatham/minutes/general/2014/Selectman-Minutes-10-7-2014.pdf: The request signature we calculated does not match the signature you provided. Check your key and signing method.
[2026-02-12T04:41:51.245Z] ❌ S3 upload failed for chatham/minutes/general/2014/Selectman-Minutes-9-2-2014.pdf: The request signature we calculated does not match the signature you provided. Check your key and signing method.
[2026-02-12T04:41:51.257Z] ❌ S3 upload failed for chatham/minutes/general/2014/Selectman-Minutes-06-02-2015.pdf: The request signature we calculated does not match the signature you provided. Check your key and signing method.
[2026-02-12T04:41:51.281Z] ❌ S3 upload failed for chatham/minutes/general/2014/Selectman-Minutes-8-5-2014.pdf: The request signature we calculated does not match the signature you provided. Check your key and signing method.
[2026-02-12T04:41:51.294Z] ❌ S3 upload failed for chatham/minutes/general/2014/Selectman-Minutes-05-06-2015.pdf: The request signature we calculated does not match the signature you provided. Check your key and signing method.
[2026-02-12T04:41:51.311Z] ❌ S3 upload failed for chatham/minutes/general/2014/Selectman-Minutes-6-3-2014.pdf: The request signature we calculated does not match the signature you provided. Check your key and signing method.
[2026-02-12T04:41:51.321Z] ❌ S3 upload failed for chatham/minutes/general/2014/Selectman-Minutes-04-07-2015.pdf: The request signature we calculated does not match the signature you provided. Check your key and signing method.
[2026-02-12T04:41:51.345Z] ❌ S3 upload failed for chatham/minutes/general/2014/Selectman-Minutes-5-6-2014.pdf: The request signature we calculated does not match the signature you provided. Check your key and signing method.
[2026-02-12T04:41:51.346Z] ❌ S3 upload failed for chatham/minutes/general/2014/Selectman-Minutes-03-03-2015.pdf: The request signature we calculated does not match the signature you provided. Check your key and signing method.
[2026-02-12T04:41:51.371Z] ❌ S3 upload failed for chatham/minutes/general/2014/Selectman-Minutes-2-4-2014.pdf: The request signature we calculated does not match the signature you provided. Check your key and signing method.
[2026-02-12T04:41:51.376Z] ❌ S3 upload failed for chatham/minutes/general/2014/Selectman-Minutes-02-13-2015.pdf: The request signature we calculated does not match the signature you provided. Check your key and signing method.
[2026-02-12T04:41:51.402Z] ❌ S3 upload failed for chatham/minutes/general/2014/Selectman-Minutes-02-03-2015.pdf: The request signature we calculated does not match the signature you provided. Check your key and signing method.
[2026-02-12T04:41:51.408Z] ❌ S3 upload failed for chatham/reports/general/2014/2015-Cover-Chatham-Town-Report.pdf: The request signature we calculated does not match the signature you provided. Check your key and signing method.
[2026-02-12T04:41:51.442Z] ❌ S3 upload failed for chatham/reports/general/2014/2015-Chatham-Annual-Report.pdf: The request signature we calculated does not match the signature you provided. Check your key and signing method.
[2026-02-12T04:41:51.443Z] ❌ S3 upload failed for chatham/minutes/general/2014/Selectman-Minutes-01-07-2015.pdf: The request signature we calculated does not match the signature you provided. Check your key and signing method.
[2026-02-12T04:41:51.469Z] ❌ S3 upload failed for chatham/reports/general/2014/2014-Cover-Chatham-Town-Report.pdf: The request signature we calculated does not match the signature you provided. Check your key and signing method.
[2026-02-12T04:41:51.483Z] ❌ S3 upload failed for chatham/minutes/general/2014/Selectman-Minutes-12-02-2014.pdf: The request signature we calculated does not match the signature you provided. Check your key and signing method.
[2026-02-12T04:41:51.499Z] ❌ S3 upload failed for chatham/reports/general/2014/2014-Chatham-Annual-Report.pdf: The request signature we calculated does not match the signature you provided. Check your key and signing method.
[2026-02-12T04:41:51.502Z] ❌ S3 upload failed for chatham/minutes/general/2014/Selectman-Minutes-11-04-2014.pdf: The request signature we calculated does not match the signature you provided. Check your key and signing method.
[2026-02-12T04:41:51.540Z] ❌ S3 upload failed for chatham/minutes/general/2014/Selectman-Minutes-10-7-2014.pdf: The request signature we calculated does not match the signature you provided. Check your key and signing method.
[2026-02-12T04:41:51.552Z] ❌ S3 upload failed for chatham/reports/general/2014/2013-Chatham-Annual-Report.pdf: The request signature we calculated does not match the signature you provided. Check your key and signing method.
[2026-02-12T04:41:51.562Z] ❌ S3 upload failed for chatham/minutes/general/2014/Selectman-Minutes-9-2-2014.pdf: The request signature we calculated does not match the signature you provided. Check your key and signing method.
[2026-02-12T04:41:51.595Z] ❌ S3 upload failed for chatham/reports/general/2014/2012-Chatham-Annual-Report.pdf: The request signature we calculated does not match the signature you provided. Check your key and signing method.
[2026-02-12T04:41:51.601Z] ❌ S3 upload failed for chatham/minutes/general/2014/Selectman-Minutes-8-5-2014.pdf: The request signature we calculated does not match the signature you provided. Check your key and signing method.
[2026-02-12T04:41:51.645Z] ❌ S3 upload failed for chatham/minutes/general/2014/Selectman-Minutes-6-3-2014.pdf: The request signature we calculated does not match the signature you provided. Check your key and signing method.
[2026-02-12T04:41:51.659Z] ❌ S3 upload failed for chatham/reports/general/2014/2011-Chatham-Annual-Report.pdf: The request signature we calculated does not match the signature you provided. Check your key and signing method.
[2026-02-12T04:41:51.669Z] ❌ S3 upload failed for chatham/minutes/general/2014/Selectman-Minutes-5-6-2014.pdf: The request signature we calculated does not match the signature you provided. Check your key and signing method.
[2026-02-12T04:41:51.688Z] ❌ S3 upload failed for chatham/misc/general/2014/Chatham_2013-Cover.pdf: The request signature we calculated does not match the signature you provided. Check your key and signing method.
[2026-02-12T04:41:51.699Z] ❌ S3 upload failed for chatham/minutes/general/2014/Selectman-Minutes-2-4-2014.pdf: The request signature we calculated does not match the signature you provided. Check your key and signing method.
[2026-02-12T04:41:51.735Z] ❌ S3 upload failed for chatham/misc/general/2014/Chatham_2013-Index.pdf: The request signature we calculated does not match the signature you provided. Check your key and signing method.
[2026-02-12T04:41:51.743Z] ❌ S3 upload failed for chatham/reports/general/2014/2015-Cover-Chatham-Town-Report.pdf: The request signature we calculated does not match the signature you provided. Check your key and signing method.
[2026-02-12T04:41:51.775Z] ❌ S3 upload failed for chatham/misc/general/2014/Chatham_2013-001.pdf: The request signature we calculated does not match the signature you provided. Check your key and signing method.
[2026-02-12T04:41:51.780Z] ❌ S3 upload failed for chatham/reports/general/2014/2015-Chatham-Annual-Report.pdf: The request signature we calculated does not match the signature you provided. Check your key and signing method.
[2026-02-12T04:41:51.802Z] ❌ S3 upload failed for chatham/misc/general/2014/Chatham_2013-002.pdf: The request signature we calculated does not match the signature you provided. Check your key and signing method.
[2026-02-12T04:41:51.814Z] ❌ S3 upload failed for chatham/reports/general/2014/2014-Cover-Chatham-Town-Report.pdf: The request signature we calculated does not match the signature you provided. Check your key and signing method.
[2026-02-12T04:41:51.824Z] ❌ S3 upload failed for chatham/misc/general/2014/Chatham_2013-003.pdf: The request signature we calculated does not match the signature you provided. Check your key and signing method.
[2026-02-12T04:41:51.849Z] ❌ S3 upload failed for chatham/reports/general/2014/2014-Chatham-Annual-Report.pdf: The request signature we calculated does not match the signature you provided. Check your key and signing method.
[2026-02-12T04:41:51.854Z] ❌ S3 upload failed for chatham/misc/general/2014/Chatham_2013-004.pdf: The request signature we calculated does not match the signature you provided. Check your key and signing method.
[2026-02-12T04:41:51.874Z] ❌ S3 upload failed for chatham/reports/general/2014/2013-Chatham-Annual-Report.pdf: The request signature we calculated does not match the signature you provided. Check your key and signing method.
[2026-02-12T04:41:51.888Z] ❌ S3 upload failed for chatham/misc/general/2014/Chatham_2013-005.pdf: The request signature we calculated does not match the signature you provided. Check your key and signing method.
[2026-02-12T04:41:51.899Z] ❌ S3 upload failed for chatham/reports/general/2014/2012-Chatham-Annual-Report.pdf: The request signature we calculated does not match the signature you provided. Check your key and signing method.
[2026-02-12T04:41:51.910Z] ❌ S3 upload failed for chatham/misc/general/2014/Chatham_2013-006.pdf: The request signature we calculated does not match the signature you provided. Check your key and signing method.
[2026-02-12T04:41:51.973Z] ❌ S3 upload failed for chatham/reports/general/2014/2011-Chatham-Annual-Report.pdf: The request signature we calculated does not match the signature you provided. Check your key and signing method.
[2026-02-12T04:41:51.978Z] ❌ S3 upload failed for chatham/misc/general/2014/Chatham_2013-007.pdf: The request signature we calculated does not match the signature you provided. Check your key and signing method.
[2026-02-12T04:41:51.991Z] ❌ S3 upload failed for chatham/misc/general/2014/Chatham_2013-Cover.pdf: The request signature we calculated does not match the signature you provided. Check your key and signing method.
[2026-02-12T04:41:52.005Z] ❌ S3 upload failed for chatham/misc/general/2014/Chatham_2013-008.pdf: The request signature we calculated does not match the signature you provided. Check your key and signing method.
[2026-02-12T04:41:52.025Z] ❌ S3 upload failed for chatham/misc/general/2014/Chatham_2013-009.pdf: The request signature we calculated does not match the signature you provided. Check your key and signing method.
[2026-02-12T04:41:52.027Z] ❌ S3 upload failed for chatham/misc/general/2014/Chatham_2013-Index.pdf: The request signature we calculated does not match the signature you provided. Check your key and signing method.
[2026-02-12T04:41:52.058Z] ❌ S3 upload failed for chatham/misc/general/2014/Chatham_2013-001.pdf: The request signature we calculated does not match the signature you provided. Check your key and signing method.
[2026-02-12T04:41:52.068Z] ❌ S3 upload failed for chatham/misc/general/2014/Chatham_2013-010.pdf: The request signature we calculated does not match the signature you provided. Check your key and signing method.
[2026-02-12T04:41:52.096Z] ❌ S3 upload failed for chatham/tax-documents/general/2014/Chatham-Tax-Rate-History1.pdf: The request signature we calculated does not match the signature you provided. Check your key and signing method.
[2026-02-12T04:41:52.096Z] ❌ S3 upload failed for chatham/misc/general/2014/Chatham_2013-002.pdf: The request signature we calculated does not match the signature you provided. Check your key and signing method.
[2026-02-12T04:41:52.127Z] ❌ S3 upload failed for chatham/misc/general/2014/Chatham_2013-003.pdf: The request signature we calculated does not match the signature you provided. Check your key and signing method.
[2026-02-12T04:41:52.130Z] ❌ S3 upload failed for chatham/misc/general/2017/Decision-to-Legalize-Ratify-Confirm-Town-Meeting-Results.pdf: The request signature we calculated does not match the signature you provided. Check your key and signing method.
[2026-02-12T04:41:52.157Z] ❌ S3 upload failed for chatham/misc/general/2014/Chatham_2013-004.pdf: The request signature we calculated does not match the signature you provided. Check your key and signing method.
[2026-02-12T04:41:52.170Z] ❌ S3 upload failed for chatham/misc/general/2014/A-Hard-Road-to-Travel.pdf: The request signature we calculated does not match the signature you provided. Check your key and signing method.
[2026-02-12T04:41:52.179Z] ❌ S3 upload failed for chatham/misc/general/2014/Chatham_2013-005.pdf: The request signature we calculated does not match the signature you provided. Check your key and signing method.
[2026-02-12T04:41:52.213Z] ❌ S3 upload failed for chatham/misc/general/2014/Chatham_2013-006.pdf: The request signature we calculated does not match the signature you provided. Check your key and signing method.
[2026-02-12T04:41:52.234Z] ❌ S3 upload failed for chatham/misc/general/2014/KnowingTheTerritory.pdf.pdf: The request signature we calculated does not match the signature you provided. Check your key and signing method.
[2026-02-12T04:41:52.244Z] ❌ S3 upload failed for chatham/misc/general/2014/Chatham_2013-007.pdf: The request signature we calculated does not match the signature you provided. Check your key and signing method.
[2026-02-12T04:41:52.269Z] ❌ S3 upload failed for chatham/misc/general/2014/Managing-Municipal-Records.pdf: The request signature we calculated does not match the signature you provided. Check your key and signing method.
[2026-02-12T04:41:52.273Z] ❌ S3 upload failed for chatham/misc/general/2014/Chatham_2013-008.pdf: The request signature we calculated does not match the signature you provided. Check your key and signing method.
[2026-02-12T04:41:52.307Z] ❌ S3 upload failed for chatham/misc/general/2014/Chatham_2013-009.pdf: The request signature we calculated does not match the signature you provided. Check your key and signing method.
[2026-02-12T04:41:52.313Z] ❌ S3 upload failed for chatham/misc/general/2014/Property-Tax-Understanding-The-Math.pdf: The request signature we calculated does not match the signature you provided. Check your key and signing method.
[2026-02-12T04:41:52.337Z] ❌ S3 upload failed for chatham/misc/general/2014/Chatham_2013-010.pdf: The request signature we calculated does not match the signature you provided. Check your key and signing method.
[2026-02-12T04:41:52.347Z] ❌ S3 upload failed for chatham/tax-documents/general/2014/Chatham-Tax-Rate-History.pdf: The request signature we calculated does not match the signature you provided. Check your key and signing method.
[2026-02-12T04:41:52.372Z] ❌ S3 upload failed for chatham/tax-documents/general/2014/Chatham-Tax-Rate-History1.pdf: The request signature we calculated does not match the signature you provided. Check your key and signing method.
[2026-02-12T04:41:52.382Z] ❌ S3 upload failed for chatham/misc/general/2014/Chatham-Class-6-Roads-04-17-2015.pdf: The request signature we calculated does not match the signature you provided. Check your key and signing method.
[2026-02-12T04:41:52.383Z]    Progress: 0 uploaded, 0 skipped, 250 failed
[2026-02-12T04:41:52.400Z] ❌ S3 upload failed for chatham/misc/general/2017/Decision-to-Legalize-Ratify-Confirm-Town-Meeting-Results.pdf: The request signature we calculated does not match the signature you provided. Check your key and signing method.
[2026-02-12T04:41:52.431Z] ❌ S3 upload failed for chatham/misc/general/2021/master-plan-revised-121820.pdf: The request signature we calculated does not match the signature you provided. Check your key and signing method.
[2026-02-12T04:41:52.443Z] ❌ S3 upload failed for chatham/misc/general/2014/A-Hard-Road-to-Travel.pdf: The request signature we calculated does not match the signature you provided. Check your key and signing method.
[2026-02-12T04:41:52.453Z] ❌ S3 upload failed for chatham/reports/general/2014/Chatham-Town-House-Fire-Inspection-Report-8-2014.pdf: The request signature we calculated does not match the signature you provided. Check your key and signing method.
[2026-02-12T04:41:52.482Z] ❌ S3 upload failed for chatham/misc/general/2014/Chatham-Town-House-Facility-Risk-Audit-8-2014.pdf: The request signature we calculated does not match the signature you provided. Check your key and signing method.
[2026-02-12T04:41:52.483Z] ✅ Completed Chatham: 0 uploaded, 0 skipped, 253 failed (0.1 min)
[2026-02-12T04:41:52.485Z] ❌ S3 upload failed for chatham/misc/general/2014/KnowingTheTerritory.pdf.pdf: The request signature we calculated does not match the signature you provided. Check your key and signing method.
[2026-02-12T04:41:52.487Z] 📬 New upload queue detected: chatham-1770871302857.json
[2026-02-12T04:41:52.522Z] ❌ S3 upload failed for chatham/misc/general/2014/Managing-Municipal-Records.pdf: The request signature we calculated does not match the signature you provided. Check your key and signing method.
[2026-02-12T04:41:52.551Z] ❌ S3 upload failed for chatham/misc/general/2014/Property-Tax-Understanding-The-Math.pdf: The request signature we calculated does not match the signature you provided. Check your key and signing method.
[2026-02-12T04:41:52.572Z] ❌ S3 upload failed for chatham/tax-documents/general/2014/Chatham-Tax-Rate-History.pdf: The request signature we calculated does not match the signature you provided. Check your key and signing method.
[2026-02-12T04:41:52.607Z] ❌ S3 upload failed for chatham/misc/general/2014/Chatham-Class-6-Roads-04-17-2015.pdf: The request signature we calculated does not match the signature you provided. Check your key and signing method.
[2026-02-12T04:41:52.607Z]    Progress: 0 uploaded, 0 skipped, 250 failed
[2026-02-12T04:41:52.629Z] ❌ S3 upload failed for chatham/misc/general/2021/master-plan-revised-121820.pdf: The request signature we calculated does not match the signature you provided. Check your key and signing method.
[2026-02-12T04:41:52.653Z] ❌ S3 upload failed for chatham/reports/general/2014/Chatham-Town-House-Fire-Inspection-Report-8-2014.pdf: The request signature we calculated does not match the signature you provided. Check your key and signing method.
[2026-02-12T04:41:52.682Z] ❌ S3 upload failed for chatham/misc/general/2014/Chatham-Town-House-Facility-Risk-Audit-8-2014.pdf: The request signature we calculated does not match the signature you provided. Check your key and signing method.
[2026-02-12T04:41:52.683Z] ✅ Completed Chatham: 0 uploaded, 0 skipped, 253 failed (0.1 min)
[2026-02-12T04:41:52.683Z] ❌ Failed to process queue /home/ubuntu/.openclaw/workspace/OPENCouncil/upload-queue/chatham-1770871302857.json: ENOENT: no such file or directory, rename '/home/ubuntu/.openclaw/workspace/OPENCouncil/upload-queue/chatham-1770871302857.json' -> '/home/ubuntu/.openclaw/workspace/OPENCouncil/upload-queue/processed/chatham-1770871302857.json'
[2026-02-12T04:45:45.700Z] 📬 New upload queue detected: conway-1770871545699.json
[2026-02-12T04:45:45.700Z] 📬 New upload queue detected: conway-1770871545699.json
[2026-02-12T04:45:46.702Z] 📋 Found 1 upload queue(s)
[2026-02-12T04:45:46.702Z] 📋 Found 1 upload queue(s)
[2026-02-12T04:45:46.702Z] 📦 Processing upload queue: conway-1770871545699.json
[2026-02-12T04:45:46.702Z] 📦 Processing upload queue: conway-1770871545699.json
[2026-02-12T04:45:46.726Z] ❌ S3 upload failed for conway/tax-documents/general/2019/2019-conway-tax-rates-final.pdf: The request signature we calculated does not match the signature you provided. Check your key and signing method.
[2026-02-12T04:45:46.727Z] ❌ S3 upload failed for conway/tax-documents/general/2019/2019-conway-tax-rates-final.pdf: The request signature we calculated does not match the signature you provided. Check your key and signing method.
[2026-02-12T04:45:46.751Z] ❌ S3 upload failed for conway/tax-documents/general/2020/2020-conway-tax-rates-final.pdf: The request signature we calculated does not match the signature you provided. Check your key and signing method.
[2026-02-12T04:45:46.754Z] ❌ S3 upload failed for conway/tax-documents/general/2020/2020-conway-tax-rates-final.pdf: The request signature we calculated does not match the signature you provided. Check your key and signing method.
[2026-02-12T04:45:46.777Z] ❌ S3 upload failed for conway/tax-documents/general/2021/2021-conway-tax-rates-final.pdf: The request signature we calculated does not match the signature you provided. Check your key and signing method.
[2026-02-12T04:45:46.785Z] ❌ S3 upload failed for conway/tax-documents/general/2021/2021-conway-tax-rates-final.pdf: The request signature we calculated does not match the signature you provided. Check your key and signing method.
[2026-02-12T04:45:46.825Z] ❌ S3 upload failed for conway/misc/general/2022/copy-of-fall2022-2-.xlsx: The request signature we calculated does not match the signature you provided. Check your key and signing method.
[2026-02-12T04:45:46.824Z] ❌ S3 upload failed for conway/misc/general/2022/copy-of-fall2022-2-.xlsx: The request signature we calculated does not match the signature you provided. Check your key and signing method.
[2026-02-12T04:45:46.856Z] ❌ S3 upload failed for conway/misc/general/2022/copy-of-spring-2022-1-.xlsx: The request signature we calculated does not match the signature you provided. Check your key and signing method.
[2026-02-12T04:45:46.859Z] ❌ S3 upload failed for conway/misc/general/2022/copy-of-spring-2022-1-.xlsx: The request signature we calculated does not match the signature you provided. Check your key and signing method.
[2026-02-12T04:45:46.885Z] ❌ S3 upload failed for conway/tax-documents/general/2022/2022-conway-tax-rates-final.pdf: The request signature we calculated does not match the signature you provided. Check your key and signing method.
[2026-02-12T04:45:46.888Z] ❌ S3 upload failed for conway/tax-documents/general/2022/2022-conway-tax-rates-final.pdf: The request signature we calculated does not match the signature you provided. Check your key and signing method.
[2026-02-12T04:45:46.917Z] ❌ S3 upload failed for conway/misc/general/2023/2023-full-statistical-revaluation-presentation-for-selectmen-10122023-conway.pdf: The request signature we calculated does not match the signature you provided. Check your key and signing method.
[2026-02-12T04:45:46.918Z] ❌ S3 upload failed for conway/misc/general/2023/2023-full-statistical-revaluation-presentation-for-selectmen-10122023-conway.pdf: The request signature we calculated does not match the signature you provided. Check your key and signing method.
[2026-02-12T04:45:46.959Z] ❌ S3 upload failed for conway/misc/general/2023/copy-of-spring-2023-1-.xlsx: The request signature we calculated does not match the signature you provided. Check your key and signing method.
[2026-02-12T04:45:46.965Z] ❌ S3 upload failed for conway/misc/general/2023/copy-of-spring-2023-1-.xlsx: The request signature we calculated does not match the signature you provided. Check your key and signing method.
[2026-02-12T04:45:46.989Z] ❌ S3 upload failed for conway/tax-documents/general/2023/2023-conway-tax-rates-final.pdf: The request signature we calculated does not match the signature you provided. Check your key and signing method.
[2026-02-12T04:45:46.995Z] ❌ S3 upload failed for conway/tax-documents/general/2023/2023-conway-tax-rates-final.pdf: The request signature we calculated does not match the signature you provided. Check your key and signing method.
[2026-02-12T04:45:47.016Z] ❌ S3 upload failed for conway/tax-documents/general/2024/2024-conway-tax-rates-final.pdf: The request signature we calculated does not match the signature you provided. Check your key and signing method.
[2026-02-12T04:45:47.026Z] ❌ S3 upload failed for conway/tax-documents/general/2024/2024-conway-tax-rates-final.pdf: The request signature we calculated does not match the signature you provided. Check your key and signing method.
[2026-02-12T04:45:47.046Z] ❌ S3 upload failed for conway/tax-documents/general/2025/2025-conway-tax-rates-final.pdf: The request signature we calculated does not match the signature you provided. Check your key and signing method.
[2026-02-12T04:45:47.051Z] ❌ S3 upload failed for conway/tax-documents/general/2025/2025-conway-tax-rates-final.pdf: The request signature we calculated does not match the signature you provided. Check your key and signing method.
[2026-02-12T04:45:47.067Z] ❌ S3 upload failed for conway/forms/general/2021/address-change-form-2021.pdf: The request signature we calculated does not match the signature you provided. Check your key and signing method.
[2026-02-12T04:45:47.075Z] ❌ S3 upload failed for conway/forms/general/2021/address-change-form-2021.pdf: The request signature we calculated does not match the signature you provided. Check your key and signing method.
[2026-02-12T04:45:47.109Z] ❌ S3 upload failed for conway/misc/general/unknown/conway-sales-7-1-22-to-9-30-23_001.pdf: The request signature we calculated does not match the signature you provided. Check your key and signing method.
[2026-02-12T04:45:47.121Z] ❌ S3 upload failed for conway/misc/general/unknown/conway-sales-7-1-22-to-9-30-23_001.pdf: The request signature we calculated does not match the signature you provided. Check your key and signing method.
[2026-02-12T04:45:47.131Z] ❌ S3 upload failed for conway/misc/general/unknown/disabled-documentation-checklist.pdf: The request signature we calculated does not match the signature you provided. Check your key and signing method.
[2026-02-12T04:45:47.141Z] ❌ S3 upload failed for conway/misc/general/unknown/disabled-documentation-checklist.pdf: The request signature we calculated does not match the signature you provided. Check your key and signing method.
[2026-02-12T04:45:47.160Z] ❌ S3 upload failed for conway/forms/general/unknown/elderly-disabled-exemption-application.pdf: The request signature we calculated does not match the signature you provided. Check your key and signing method.
[2026-02-12T04:45:47.165Z] ❌ S3 upload failed for conway/forms/general/unknown/elderly-disabled-exemption-application.pdf: The request signature we calculated does not match the signature you provided. Check your key and signing method.
[2026-02-12T04:45:47.189Z] ❌ S3 upload failed for conway/misc/general/unknown/elderly-documentation-checklist.pdf: The request signature we calculated does not match the signature you provided. Check your key and signing method.
[2026-02-12T04:45:47.193Z] ❌ S3 upload failed for conway/misc/general/unknown/elderly-documentation-checklist.pdf: The request signature we calculated does not match the signature you provided. Check your key and signing method.
[2026-02-12T04:45:47.223Z] ❌ S3 upload failed for conway/misc/general/2023/copy-of-fall-2023-revaluation.xlsx: The request signature we calculated does not match the signature you provided. Check your key and signing method.
[2026-02-12T04:45:47.225Z] ❌ S3 upload failed for conway/misc/general/2023/copy-of-fall-2023-revaluation.xlsx: The request signature we calculated does not match the signature you provided. Check your key and signing method.
[2026-02-12T04:45:47.258Z] ❌ S3 upload failed for conway/misc/general/unknown/pa-29.pdf: The request signature we calculated does not match the signature you provided. Check your key and signing method.
[2026-02-12T04:45:47.262Z] ❌ S3 upload failed for conway/misc/general/unknown/pa-29.pdf: The request signature we calculated does not match the signature you provided. Check your key and signing method.
[2026-02-12T04:45:47.284Z] ❌ S3 upload failed for conway/misc/general/unknown/state-class-codes.pdf: The request signature we calculated does not match the signature you provided. Check your key and signing method.
[2026-02-12T04:45:47.287Z] ❌ S3 upload failed for conway/misc/general/unknown/state-class-codes.pdf: The request signature we calculated does not match the signature you provided. Check your key and signing method.
[2026-02-12T04:45:47.311Z] ❌ S3 upload failed for conway/misc/general/2024/2024-abatement.pdf: The request signature we calculated does not match the signature you provided. Check your key and signing method.
[2026-02-12T04:45:47.312Z] ❌ S3 upload failed for conway/misc/general/2024/2024-abatement.pdf: The request signature we calculated does not match the signature you provided. Check your key and signing method.
[2026-02-12T04:45:47.343Z] ❌ S3 upload failed for conway/misc/general/2024/property-tax-exemptions-available-to-2024-1-.pdf: The request signature we calculated does not match the signature you provided. Check your key and signing method.
[2026-02-12T04:45:47.344Z] ❌ S3 upload failed for conway/misc/general/2024/property-tax-exemptions-available-to-2024-1-.pdf: The request signature we calculated does not match the signature you provided. Check your key and signing method.
[2026-02-12T04:45:47.381Z] ❌ S3 upload failed for conway/misc/general/2009/2009-audit.pdf: The request signature we calculated does not match the signature you provided. Check your key and signing method.
[2026-02-12T04:45:47.386Z] ❌ S3 upload failed for conway/misc/general/2009/2009-audit.pdf: The request signature we calculated does not match the signature you provided. Check your key and signing method.
[2026-02-12T04:45:47.421Z] ❌ S3 upload failed for conway/misc/general/2010/2010audit.pdf: The request signature we calculated does not match the signature you provided. Check your key and signing method.
[2026-02-12T04:45:47.425Z] ❌ S3 upload failed for conway/misc/general/2010/2010audit.pdf: The request signature we calculated does not match the signature you provided. Check your key and signing method.
[2026-02-12T04:45:47.452Z] ❌ S3 upload failed for conway/misc/general/2011/2011audit.pdf: The request signature we calculated does not match the signature you provided. Check your key and signing method.
[2026-02-12T04:45:47.457Z] ❌ S3 upload failed for conway/misc/general/2011/2011audit.pdf: The request signature we calculated does not match the signature you provided. Check your key and signing method.
[2026-02-12T04:45:47.482Z] ❌ S3 upload failed for conway/reports/general/2012/2012auditreport.pdf: The request signature we calculated does not match the signature you provided. Check your key and signing method.
[2026-02-12T04:45:47.495Z] ❌ S3 upload failed for conway/reports/general/2012/2012auditreport.pdf: The request signature we calculated does not match the signature you provided. Check your key and signing method.
[2026-02-12T04:45:47.513Z] ❌ S3 upload failed for conway/misc/general/2013/2013audit.pdf: The request signature we calculated does not match the signature you provided. Check your key and signing method.
[2026-02-12T04:45:47.526Z] ❌ S3 upload failed for conway/misc/general/2013/2013audit.pdf: The request signature we calculated does not match the signature you provided. Check your key and signing method.
[2026-02-12T04:45:47.541Z] ❌ S3 upload failed for conway/reports/general/2014/final-audit-report-2014.pdf: The request signature we calculated does not match the signature you provided. Check your key and signing method.
[2026-02-12T04:45:47.556Z] ❌ S3 upload failed for conway/reports/general/2014/final-audit-report-2014.pdf: The request signature we calculated does not match the signature you provided. Check your key and signing method.
[2026-02-12T04:45:47.586Z] ❌ S3 upload failed for conway/reports/general/2015/final-audit-report-2015.pdf: The request signature we calculated does not match the signature you provided. Check your key and signing method.
[2026-02-12T04:45:47.587Z] ❌ S3 upload failed for conway/reports/general/2015/final-audit-report-2015.pdf: The request signature we calculated does not match the signature you provided. Check your key and signing method.
[2026-02-12T04:45:47.615Z] ❌ S3 upload failed for conway/reports/general/2016/2016-town-of-conway-report-final-1.pdf-1.pdf: The request signature we calculated does not match the signature you provided. Check your key and signing method.
[2026-02-12T04:45:47.616Z] ❌ S3 upload failed for conway/reports/general/2016/2016-town-of-conway-report-final-1.pdf-1.pdf: The request signature we calculated does not match the signature you provided. Check your key and signing method.
[2026-02-12T04:45:47.655Z] ❌ S3 upload failed for conway/reports/general/2017/town-of-conway-final-2017-report.pdf: The request signature we calculated does not match the signature you provided. Check your key and signing method.
[2026-02-12T04:45:47.659Z] ❌ S3 upload failed for conway/reports/general/2017/town-of-conway-final-2017-report.pdf: The request signature we calculated does not match the signature you provided. Check your key and signing method.
[2026-02-12T04:45:47.691Z] ❌ S3 upload failed for conway/reports/general/2018/2018-town-of-conway-report-final.pdf.pdf: The request signature we calculated does not match the signature you provided. Check your key and signing method.
[2026-02-12T04:45:47.693Z] ❌ S3 upload failed for conway/reports/general/2018/2018-town-of-conway-report-final.pdf.pdf: The request signature we calculated does not match the signature you provided. Check your key and signing method.
[2026-02-12T04:45:47.727Z] ❌ S3 upload failed for conway/reports/general/2019/2019-audit-report-final.pdf: The request signature we calculated does not match the signature you provided. Check your key and signing method.
[2026-02-12T04:45:47.758Z] ❌ S3 upload failed for conway/reports/general/2019/2019-audit-report-final.pdf: The request signature we calculated does not match the signature you provided. Check your key and signing method.
[2026-02-12T04:45:47.771Z] ❌ S3 upload failed for conway/reports/general/2020/2020-final-report.pdf: The request signature we calculated does not match the signature you provided. Check your key and signing method.
[2026-02-12T04:45:47.806Z] ❌ S3 upload failed for conway/reports/general/2020/2020-final-report.pdf: The request signature we calculated does not match the signature you provided. Check your key and signing method.
[2026-02-12T04:45:47.816Z] ❌ S3 upload failed for conway/reports/general/2021/2021-town-of-conway-report-final.pdf: The request signature we calculated does not match the signature you provided. Check your key and signing method.
[2026-02-12T04:45:47.837Z] ❌ S3 upload failed for conway/reports/general/2021/2021-town-of-conway-report-final.pdf: The request signature we calculated does not match the signature you provided. Check your key and signing method.
[2026-02-12T04:45:47.850Z] ❌ S3 upload failed for conway/reports/general/2022/2022-town-of-conway-report-final.pdf: The request signature we calculated does not match the signature you provided. Check your key and signing method.
[2026-02-12T04:45:47.873Z] ❌ S3 upload failed for conway/reports/general/2022/2022-town-of-conway-report-final.pdf: The request signature we calculated does not match the signature you provided. Check your key and signing method.
[2026-02-12T04:45:47.897Z] ❌ S3 upload failed for conway/misc/general/unknown/codes-being-enforced-in-the-town-of-conway.pdf: The request signature we calculated does not match the signature you provided. Check your key and signing method.
[2026-02-12T04:45:47.899Z] ❌ S3 upload failed for conway/misc/general/unknown/codes-being-enforced-in-the-town-of-conway.pdf: The request signature we calculated does not match the signature you provided. Check your key and signing method.
[2026-02-12T04:45:47.932Z] ❌ S3 upload failed for conway/forms/general/2025/commercial-building-permit-application_3.18.2025.pdf: The request signature we calculated does not match the signature you provided. Check your key and signing method.
[2026-02-12T04:45:47.951Z] ❌ S3 upload failed for conway/forms/general/2025/commercial-building-permit-application_3.18.2025.pdf: The request signature we calculated does not match the signature you provided. Check your key and signing method.
[2026-02-12T04:45:47.958Z] ❌ S3 upload failed for conway/forms/general/2024/11-20-2024-construction-permit-application.pdf: The request signature we calculated does not match the signature you provided. Check your key and signing method.
[2026-02-12T04:45:47.975Z] ❌ S3 upload failed for conway/forms/general/2024/11-20-2024-construction-permit-application.pdf: The request signature we calculated does not match the signature you provided. Check your key and signing method.
[2026-02-12T04:45:47.979Z] ❌ S3 upload failed for conway/forms/general/unknown/contractor-reg-form-updated-4-13-21.pdf: The request signature we calculated does not match the signature you provided. Check your key and signing method.
[2026-02-12T04:45:47.997Z] ❌ S3 upload failed for conway/forms/general/unknown/contractor-reg-form-updated-4-13-21.pdf: The request signature we calculated does not match the signature you provided. Check your key and signing method.
[2026-02-12T04:45:48.002Z] ❌ S3 upload failed for conway/misc/general/2023/demo-permit-requirements-2023.pdf: The request signature we calculated does not match the signature you provided. Check your key and signing method.
[2026-02-12T04:45:48.019Z] ❌ S3 upload failed for conway/misc/general/2023/demo-permit-requirements-2023.pdf: The request signature we calculated does not match the signature you provided. Check your key and signing method.
[2026-02-12T04:45:48.037Z] ❌ S3 upload failed for conway/forms/general/2024/11-20-2024-driveway-permit-application.pdf: The request signature we calculated does not match the signature you provided. Check your key and signing method.
[2026-02-12T04:45:48.047Z] ❌ S3 upload failed for conway/forms/general/2024/11-20-2024-driveway-permit-application.pdf: The request signature we calculated does not match the signature you provided. Check your key and signing method.
[2026-02-12T04:45:48.070Z] ❌ S3 upload failed for conway/forms/general/2024/electric-permit-application_12.16.2024.pdf: The request signature we calculated does not match the signature you provided. Check your key and signing method.
[2026-02-12T04:45:48.072Z] ❌ S3 upload failed for conway/forms/general/2024/electric-permit-application_12.16.2024.pdf: The request signature we calculated does not match the signature you provided. Check your key and signing method.
[2026-02-12T04:45:48.091Z] ❌ S3 upload failed for conway/misc/general/2004/fences-3-20-2004.pdf: The request signature we calculated does not match the signature you provided. Check your key and signing method.
[2026-02-12T04:45:48.093Z] ❌ S3 upload failed for conway/misc/general/2004/fences-3-20-2004.pdf: The request signature we calculated does not match the signature you provided. Check your key and signing method.
[2026-02-12T04:45:48.122Z] ❌ S3 upload failed for conway/misc/general/unknown/mailbox-info-sheet.pdf: The request signature we calculated does not match the signature you provided. Check your key and signing method.
[2026-02-12T04:45:48.122Z] ❌ S3 upload failed for conway/misc/general/unknown/mailbox-info-sheet.pdf: The request signature we calculated does not match the signature you provided. Check your key and signing method.
[2026-02-12T04:45:48.144Z] ❌ S3 upload failed for conway/policies/general/unknown/mail-box-policy.pdf: The request signature we calculated does not match the signature you provided. Check your key and signing method.
[2026-02-12T04:45:48.145Z] ❌ S3 upload failed for conway/policies/general/unknown/mail-box-policy.pdf: The request signature we calculated does not match the signature you provided. Check your key and signing method.
[2026-02-12T04:45:48.189Z] ❌ S3 upload failed for conway/forms/general/2024/mechanical-permit-application_6.26.2024.pdf: The request signature we calculated does not match the signature you provided. Check your key and signing method.
[2026-02-12T04:45:48.192Z] ❌ S3 upload failed for conway/forms/general/2024/mechanical-permit-application_6.26.2024.pdf: The request signature we calculated does not match the signature you provided. Check your key and signing method.
[2026-02-12T04:45:48.229Z] ❌ S3 upload failed for conway/forms/general/2024/plumbing-permit-application_6.26.2024.pdf: The request signature we calculated does not match the signature you provided. Check your key and signing method.
[2026-02-12T04:45:48.231Z] ❌ S3 upload failed for conway/forms/general/2024/plumbing-permit-application_6.26.2024.pdf: The request signature we calculated does not match the signature you provided. Check your key and signing method.
[2026-02-12T04:45:48.272Z] ❌ S3 upload failed for conway/forms/general/2025/residential-building-permit-application_3.18.2025.pdf: The request signature we calculated does not match the signature you provided. Check your key and signing method.
[2026-02-12T04:45:48.273Z] ❌ S3 upload failed for conway/forms/general/2025/residential-building-permit-application_3.18.2025.pdf: The request signature we calculated does not match the signature you provided. Check your key and signing method.
[2026-02-12T04:45:48.294Z] ❌ S3 upload failed for conway/forms/general/unknown/septic-sys-application-town-revised-6-23-20.pdf: The request signature we calculated does not match the signature you provided. Check your key and signing method.
[2026-02-12T04:45:48.295Z] ❌ S3 upload failed for conway/forms/general/unknown/septic-sys-application-town-revised-6-23-20.pdf: The request signature we calculated does not match the signature you provided. Check your key and signing method.
[2026-02-12T04:45:48.322Z] ❌ S3 upload failed for conway/misc/general/2023/sign-permit-2023.pdf: The request signature we calculated does not match the signature you provided. Check your key and signing method.
[2026-02-12T04:45:48.322Z]    Progress: 0 uploaded, 0 skipped, 50 failed
[2026-02-12T04:45:48.323Z] ❌ S3 upload failed for conway/misc/general/2023/sign-permit-2023.pdf: The request signature we calculated does not match the signature you provided. Check your key and signing method.
[2026-02-12T04:45:48.326Z]    Progress: 0 uploaded, 0 skipped, 50 failed
[2026-02-12T04:45:48.347Z] ❌ S3 upload failed for conway/forms/general/2024/11-20-2024-spring-road-ban-travel-permit-application.pdf: The request signature we calculated does not match the signature you provided. Check your key and signing method.
[2026-02-12T04:45:48.353Z] ❌ S3 upload failed for conway/forms/general/2024/11-20-2024-spring-road-ban-travel-permit-application.pdf: The request signature we calculated does not match the signature you provided. Check your key and signing method.
[2026-02-12T04:45:48.382Z] ❌ S3 upload failed for conway/misc/general/unknown/town-election-results-4.9.24.pdf: The request signature we calculated does not match the signature you provided. Check your key and signing method.
[2026-02-12T04:45:48.390Z] ❌ S3 upload failed for conway/misc/general/unknown/town-election-results-4.9.24.pdf: The request signature we calculated does not match the signature you provided. Check your key and signing method.
[2026-02-12T04:45:48.413Z] ❌ S3 upload failed for conway/misc/general/2025/town-election-results-2025.pdf: The request signature we calculated does not match the signature you provided. Check your key and signing method.
[2026-02-12T04:45:48.427Z] ❌ S3 upload failed for conway/misc/general/2025/town-election-results-2025.pdf: The request signature we calculated does not match the signature you provided. Check your key and signing method.
[2026-02-12T04:45:48.441Z] ❌ S3 upload failed for conway/forms/general/2026/2026-town-absentee-ballot-request-form-1-.pdf: The request signature we calculated does not match the signature you provided. Check your key and signing method.
[2026-02-12T04:45:48.451Z] ❌ S3 upload failed for conway/forms/general/2026/2026-town-absentee-ballot-request-form-1-.pdf: The request signature we calculated does not match the signature you provided. Check your key and signing method.
[2026-02-12T04:45:48.466Z] ❌ S3 upload failed for conway/misc/general/2025/2025-school-sample-ballot.pdf: The request signature we calculated does not match the signature you provided. Check your key and signing method.
[2026-02-12T04:45:48.486Z] ❌ S3 upload failed for conway/misc/general/2025/2025-school-sample-ballot.pdf: The request signature we calculated does not match the signature you provided. Check your key and signing method.
[2026-02-12T04:45:48.511Z] ❌ S3 upload failed for conway/misc/general/2025/2025-town-sample-ballot.pdf: The request signature we calculated does not match the signature you provided. Check your key and signing method.
[2026-02-12T04:45:48.514Z] ❌ S3 upload failed for conway/misc/general/2025/2025-town-sample-ballot.pdf: The request signature we calculated does not match the signature you provided. Check your key and signing method.
[2026-02-12T04:45:48.544Z] ❌ S3 upload failed for conway/misc/general/2015/conway-job-applicaton-2015-received-041416-1-.pdf: The request signature we calculated does not match the signature you provided. Check your key and signing method.
[2026-02-12T04:45:48.548Z] ❌ S3 upload failed for conway/misc/general/2015/conway-job-applicaton-2015-received-041416-1-.pdf: The request signature we calculated does not match the signature you provided. Check your key and signing method.
[2026-02-12T04:45:48.573Z] ❌ S3 upload failed for conway/misc/general/2015/conway-job-applicaton-2015-received-041416-8-.docx: The request signature we calculated does not match the signature you provided. Check your key and signing method.
[2026-02-12T04:45:48.574Z] ❌ S3 upload failed for conway/misc/general/2015/conway-job-applicaton-2015-received-041416-8-.docx: The request signature we calculated does not match the signature you provided. Check your key and signing method.
[2026-02-12T04:45:48.598Z] ❌ S3 upload failed for conway/forms/general/2024/2024-abbreviated-application.pdf: The request signature we calculated does not match the signature you provided. Check your key and signing method.
[2026-02-12T04:45:48.600Z] ❌ S3 upload failed for conway/forms/general/2024/2024-abbreviated-application.pdf: The request signature we calculated does not match the signature you provided. Check your key and signing method.
[2026-02-12T04:45:48.624Z] ❌ S3 upload failed for conway/misc/general/unknown/adult-protective-worksheet.pdf: The request signature we calculated does not match the signature you provided. Check your key and signing method.
[2026-02-12T04:45:48.623Z] ❌ S3 upload failed for conway/misc/general/unknown/adult-protective-worksheet.pdf: The request signature we calculated does not match the signature you provided. Check your key and signing method.
[2026-02-12T04:45:48.649Z] ❌ S3 upload failed for conway/misc/general/unknown/applicant-guidance-1-.pdf: The request signature we calculated does not match the signature you provided. Check your key and signing method.
[2026-02-12T04:45:48.651Z] ❌ S3 upload failed for conway/misc/general/unknown/applicant-guidance-1-.pdf: The request signature we calculated does not match the signature you provided. Check your key and signing method.
[2026-02-12T04:45:48.673Z] ❌ S3 upload failed for conway/forms/general/unknown/application-process-1-.pdf: The request signature we calculated does not match the signature you provided. Check your key and signing method.
[2026-02-12T04:45:48.676Z] ❌ S3 upload failed for conway/forms/general/unknown/application-process-1-.pdf: The request signature we calculated does not match the signature you provided. Check your key and signing method.
[2026-02-12T04:45:48.702Z] ❌ S3 upload failed for conway/misc/general/unknown/appointment-requests.pdf: The request signature we calculated does not match the signature you provided. Check your key and signing method.
[2026-02-12T04:45:48.704Z] ❌ S3 upload failed for conway/misc/general/unknown/appointment-requests.pdf: The request signature we calculated does not match the signature you provided. Check your key and signing method.
[2026-02-12T04:45:48.726Z] ❌ S3 upload failed for conway/misc/general/unknown/confidentiality-statement.pdf: The request signature we calculated does not match the signature you provided. Check your key and signing method.
[2026-02-12T04:45:48.731Z] ❌ S3 upload failed for conway/misc/general/unknown/confidentiality-statement.pdf: The request signature we calculated does not match the signature you provided. Check your key and signing method.
[2026-02-12T04:45:48.753Z] ❌ S3 upload failed for conway/forms/general/2012/dhs-release-form-11-2012-revised-2015.pdf: The request signature we calculated does not match the signature you provided. Check your key and signing method.
[2026-02-12T04:45:48.755Z] ❌ S3 upload failed for conway/forms/general/2012/dhs-release-form-11-2012-revised-2015.pdf: The request signature we calculated does not match the signature you provided. Check your key and signing method.
[2026-02-12T04:45:48.777Z] ❌ S3 upload failed for conway/misc/general/2007/2007-employment-verification.pdf: The request signature we calculated does not match the signature you provided. Check your key and signing method.
[2026-02-12T04:45:48.777Z] ❌ S3 upload failed for conway/misc/general/2007/2007-employment-verification.pdf: The request signature we calculated does not match the signature you provided. Check your key and signing method.
[2026-02-12T04:45:48.799Z] ❌ S3 upload failed for conway/misc/general/unknown/copy-of-financial-affidavit-non-household-responsible-relative-rsa165-19.pdf: The request signature we calculated does not match the signature you provided. Check your key and signing method.
[2026-02-12T04:45:48.804Z] ❌ S3 upload failed for conway/misc/general/unknown/copy-of-financial-affidavit-non-household-responsible-relative-rsa165-19.pdf: The request signature we calculated does not match the signature you provided. Check your key and signing method.
[2026-02-12T04:45:48.827Z] ❌ S3 upload failed for conway/forms/general/unknown/fraud-reporting-form.pdf: The request signature we calculated does not match the signature you provided. Check your key and signing method.
[2026-02-12T04:45:48.830Z] ❌ S3 upload failed for conway/forms/general/unknown/fraud-reporting-form.pdf: The request signature we calculated does not match the signature you provided. Check your key and signing method.
[2026-02-12T04:45:48.852Z] ❌ S3 upload failed for conway/forms/general/unknown/fuel-verification-form-.pdf: The request signature we calculated does not match the signature you provided. Check your key and signing method.
[2026-02-12T04:45:48.855Z] ❌ S3 upload failed for conway/forms/general/unknown/fuel-verification-form-.pdf: The request signature we calculated does not match the signature you provided. Check your key and signing method.
[2026-02-12T04:45:48.879Z] ❌ S3 upload failed for conway/misc/general/2024/2024-gift-statement-draft.pdf: The request signature we calculated does not match the signature you provided. Check your key and signing method.
[2026-02-12T04:45:48.881Z] ❌ S3 upload failed for conway/misc/general/2024/2024-gift-statement-draft.pdf: The request signature we calculated does not match the signature you provided. Check your key and signing method.
[2026-02-12T04:45:48.903Z] ❌ S3 upload failed for conway/misc/general/2010/2010-harship-letter-template.pdf: The request signature we calculated does not match the signature you provided. Check your key and signing method.
[2026-02-12T04:45:48.906Z] ❌ S3 upload failed for conway/misc/general/2010/2010-harship-letter-template.pdf: The request signature we calculated does not match the signature you provided. Check your key and signing method.
[2026-02-12T04:45:48.930Z] ❌ S3 upload failed for conway/misc/general/2024/2024-household-members-list.pdf: The request signature we calculated does not match the signature you provided. Check your key and signing method.
[2026-02-12T04:45:48.936Z] ❌ S3 upload failed for conway/misc/general/2024/2024-household-members-list.pdf: The request signature we calculated does not match the signature you provided. Check your key and signing method.
[2026-02-12T04:45:48.957Z] ❌ S3 upload failed for conway/misc/general/unknown/legally-liable-relatives-page.pdf: The request signature we calculated does not match the signature you provided. Check your key and signing method.
[2026-02-12T04:45:48.965Z] ❌ S3 upload failed for conway/misc/general/unknown/legally-liable-relatives-page.pdf: The request signature we calculated does not match the signature you provided. Check your key and signing method.
[2026-02-12T04:45:48.993Z] ❌ S3 upload failed for conway/misc/general/2023/2023-letter-to-relatives.pdf: The request signature we calculated does not match the signature you provided. Check your key and signing method.
[2026-02-12T04:45:48.997Z] ❌ S3 upload failed for conway/misc/general/2023/2023-letter-to-relatives.pdf: The request signature we calculated does not match the signature you provided. Check your key and signing method.
[2026-02-12T04:45:49.019Z] ❌ S3 upload failed for conway/forms/general/2024/2024-local-welfare-application.pdf: The request signature we calculated does not match the signature you provided. Check your key and signing method.
[2026-02-12T04:45:49.020Z] ❌ S3 upload failed for conway/forms/general/2024/2024-local-welfare-application.pdf: The request signature we calculated does not match the signature you provided. Check your key and signing method.
[2026-02-12T04:45:49.043Z] ❌ S3 upload failed for conway/misc/general/unknown/maine-funeral-home-estate-of.pdf: The request signature we calculated does not match the signature you provided. Check your key and signing method.
[2026-02-12T04:45:49.043Z] ❌ S3 upload failed for conway/misc/general/unknown/maine-funeral-home-estate-of.pdf: The request signature we calculated does not match the signature you provided. Check your key and signing method.
[2026-02-12T04:45:49.070Z] ❌ S3 upload failed for conway/reports/general/unknown/medical-release-and-report.pdf: The request signature we calculated does not match the signature you provided. Check your key and signing method.
[2026-02-12T04:45:49.087Z] ❌ S3 upload failed for conway/reports/general/unknown/medical-release-and-report.pdf: The request signature we calculated does not match the signature you provided. Check your key and signing method.
[2026-02-12T04:45:49.094Z] ❌ S3 upload failed for conway/misc/general/unknown/nh-funeral-home-estate-of.pdf: The request signature we calculated does not match the signature you provided. Check your key and signing method.
[2026-02-12T04:45:49.116Z] ❌ S3 upload failed for conway/misc/general/unknown/nh-funeral-home-estate-of.pdf: The request signature we calculated does not match the signature you provided. Check your key and signing method.
[2026-02-12T04:45:49.133Z] ❌ S3 upload failed for conway/misc/general/2024/2024-notice-certification-packet.pdf: The request signature we calculated does not match the signature you provided. Check your key and signing method.
[2026-02-12T04:45:49.152Z] ❌ S3 upload failed for conway/misc/general/2024/2024-notice-certification-packet.pdf: The request signature we calculated does not match the signature you provided. Check your key and signing method.
[2026-02-12T04:45:49.164Z] ❌ S3 upload failed for conway/misc/general/2024/2024-notice-of-impending-lien-.pdf: The request signature we calculated does not match the signature you provided. Check your key and signing method.
[2026-02-12T04:45:49.182Z] ❌ S3 upload failed for conway/misc/general/2024/2024-notice-of-impending-lien-.pdf: The request signature we calculated does not match the signature you provided. Check your key and signing method.
[2026-02-12T04:45:49.192Z] ❌ S3 upload failed for conway/misc/general/unknown/notice-of-rights-and-responsibilities.pdf: The request signature we calculated does not match the signature you provided. Check your key and signing method.
[2026-02-12T04:45:49.205Z] ❌ S3 upload failed for conway/misc/general/unknown/notice-of-rights-and-responsibilities.pdf: The request signature we calculated does not match the signature you provided. Check your key and signing method.
[2026-02-12T04:45:49.219Z] ❌ S3 upload failed for conway/misc/general/unknown/permanent-housing-search-2-23-19.pdf: The request signature we calculated does not match the signature you provided. Check your key and signing method.
[2026-02-12T04:45:49.228Z] ❌ S3 upload failed for conway/misc/general/unknown/permanent-housing-search-2-23-19.pdf: The request signature we calculated does not match the signature you provided. Check your key and signing method.
[2026-02-12T04:45:49.251Z] ❌ S3 upload failed for conway/misc/general/2018/template-for-phone-call-to-utility-co.-may-9-2018.pdf: The request signature we calculated does not match the signature you provided. Check your key and signing method.
[2026-02-12T04:45:49.255Z] ❌ S3 upload failed for conway/misc/general/2018/template-for-phone-call-to-utility-co.-may-9-2018.pdf: The request signature we calculated does not match the signature you provided. Check your key and signing method.
[2026-02-12T04:45:49.286Z] ❌ S3 upload failed for conway/misc/general/2024/2024-promissory-note-on-letterhead.pdf: The request signature we calculated does not match the signature you provided. Check your key and signing method.
[2026-02-12T04:45:49.287Z] ❌ S3 upload failed for conway/misc/general/2024/2024-promissory-note-on-letterhead.pdf: The request signature we calculated does not match the signature you provided. Check your key and signing method.
[2026-02-12T04:45:49.318Z] ❌ S3 upload failed for conway/forms/general/unknown/referral-form.pdf: The request signature we calculated does not match the signature you provided. Check your key and signing method.
[2026-02-12T04:45:49.327Z] ❌ S3 upload failed for conway/forms/general/unknown/referral-form.pdf: The request signature we calculated does not match the signature you provided. Check your key and signing method.
[2026-02-12T04:45:49.339Z] ❌ S3 upload failed for conway/misc/general/unknown/acfrogbbylf1fdcqxwrjmzl83zlhgazit4r6971akvw3dwfsf3vsevqawm0hpkm8k0iayorewuyrofkk8rel4xsvmbxcbok5ppz5crl4jeqbpnnfu9k9uxwntscnggao-rqxtsmqnncirc1mutcv.pdf: The request signature we calculated does not match the signature you provided. Check your key and signing method.
[2026-02-12T04:45:49.354Z] ❌ S3 upload failed for conway/misc/general/unknown/acfrogbbylf1fdcqxwrjmzl83zlhgazit4r6971akvw3dwfsf3vsevqawm0hpkm8k0iayorewuyrofkk8rel4xsvmbxcbok5ppz5crl4jeqbpnnfu9k9uxwntscnggao-rqxtsmqnncirc1mutcv.pdf: The request signature we calculated does not match the signature you provided. Check your key and signing method.
[2026-02-12T04:45:49.363Z] ❌ S3 upload failed for conway/misc/general/2009/rental-ledger-2009.pdf: The request signature we calculated does not match the signature you provided. Check your key and signing method.
[2026-02-12T04:45:49.377Z] ❌ S3 upload failed for conway/misc/general/2009/rental-ledger-2009.pdf: The request signature we calculated does not match the signature you provided. Check your key and signing method.
[2026-02-12T04:45:49.387Z] ❌ S3 upload failed for conway/forms/general/2024/2024-rental-verification-form.pdf: The request signature we calculated does not match the signature you provided. Check your key and signing method.
[2026-02-12T04:45:49.402Z] ❌ S3 upload failed for conway/forms/general/2024/2024-rental-verification-form.pdf: The request signature we calculated does not match the signature you provided. Check your key and signing method.
[2026-02-12T04:45:49.409Z] ❌ S3 upload failed for conway/misc/general/2023/self-certification-2023.pdf: The request signature we calculated does not match the signature you provided. Check your key and signing method.
[2026-02-12T04:45:49.429Z] ❌ S3 upload failed for conway/misc/general/2023/self-certification-2023.pdf: The request signature we calculated does not match the signature you provided. Check your key and signing method.
[2026-02-12T04:45:49.452Z] ❌ S3 upload failed for conway/misc/general/unknown/4-7-22-revision-of-shelter-agreement.pdf: The request signature we calculated does not match the signature you provided. Check your key and signing method.
[2026-02-12T04:45:49.463Z] ❌ S3 upload failed for conway/misc/general/unknown/4-7-22-revision-of-shelter-agreement.pdf: The request signature we calculated does not match the signature you provided. Check your key and signing method.
[2026-02-12T04:45:49.477Z] ❌ S3 upload failed for conway/misc/general/unknown/shelter-search-spreadsheet.pdf: The request signature we calculated does not match the signature you provided. Check your key and signing method.
[2026-02-12T04:45:49.492Z] ❌ S3 upload failed for conway/misc/general/unknown/shelter-search-spreadsheet.pdf: The request signature we calculated does not match the signature you provided. Check your key and signing method.
[2026-02-12T04:45:49.495Z] ❌ S3 upload failed for conway/misc/general/unknown/social-security-release.pdf: The request signature we calculated does not match the signature you provided. Check your key and signing method.
[2026-02-12T04:45:49.517Z] ❌ S3 upload failed for conway/misc/general/unknown/social-security-release.pdf: The request signature we calculated does not match the signature you provided. Check your key and signing method.
[2026-02-12T04:45:49.529Z] ❌ S3 upload failed for conway/misc/general/2017/august-10-2017-statement-of-self-employment-income.pdf: The request signature we calculated does not match the signature you provided. Check your key and signing method.
[2026-02-12T04:45:49.546Z] ❌ S3 upload failed for conway/misc/general/2017/august-10-2017-statement-of-self-employment-income.pdf: The request signature we calculated does not match the signature you provided. Check your key and signing method.
[2026-02-12T04:45:49.554Z] ❌ S3 upload failed for conway/forms/general/2024/2024-terminated-employment-form-1-.pdf: The request signature we calculated does not match the signature you provided. Check your key and signing method.
[2026-02-12T04:45:49.577Z] ❌ S3 upload failed for conway/forms/general/2024/2024-terminated-employment-form-1-.pdf: The request signature we calculated does not match the signature you provided. Check your key and signing method.
[2026-02-12T04:45:49.583Z] ❌ S3 upload failed for conway/forms/general/2024/2024-terminated-employment-form.pdf: The request signature we calculated does not match the signature you provided. Check your key and signing method.
[2026-02-12T04:45:49.606Z] ❌ S3 upload failed for conway/misc/general/unknown/skm_c360i25041611460.pdf: The request signature we calculated does not match the signature you provided. Check your key and signing method.
[2026-02-12T04:45:49.610Z] ❌ S3 upload failed for conway/forms/general/2024/2024-terminated-employment-form.pdf: The request signature we calculated does not match the signature you provided. Check your key and signing method.
[2026-02-12T04:45:49.629Z] ❌ S3 upload failed for conway/misc/general/unknown/new-volunteer-checklist.pdf: The request signature we calculated does not match the signature you provided. Check your key and signing method.
[2026-02-12T04:45:49.633Z] ❌ S3 upload failed for conway/misc/general/unknown/skm_c360i25041611460.pdf: The request signature we calculated does not match the signature you provided. Check your key and signing method.
[2026-02-12T04:45:49.660Z] ❌ S3 upload failed for conway/misc/general/unknown/new-volunteer-checklist.pdf: The request signature we calculated does not match the signature you provided. Check your key and signing method.
[2026-02-12T04:45:49.664Z] ❌ S3 upload failed for conway/misc/general/2003/2003-master-plan.pdf: The request signature we calculated does not match the signature you provided. Check your key and signing method.
[2026-02-12T04:45:49.718Z] ❌ S3 upload failed for conway/misc/general/2003/2003-master-plan.pdf: The request signature we calculated does not match the signature you provided. Check your key and signing method.
[2026-02-12T04:45:49.739Z] ❌ S3 upload failed for conway/misc/general/unknown/town-of-conway-master-plan-final-w_appendices.pdf: The request signature we calculated does not match the signature you provided. Check your key and signing method.
[2026-02-12T04:45:49.758Z] ❌ S3 upload failed for conway/misc/general/unknown/building-and-life-safety-codes.pdf: The request signature we calculated does not match the signature you provided. Check your key and signing method.
[2026-02-12T04:45:49.759Z]    Progress: 0 uploaded, 0 skipped, 100 failed
[2026-02-12T04:45:49.796Z] ❌ S3 upload failed for conway/misc/general/unknown/town-of-conway-master-plan-final-w_appendices.pdf: The request signature we calculated does not match the signature you provided. Check your key and signing method.
[2026-02-12T04:45:49.810Z] ❌ S3 upload failed for conway/forms/general/2026/2026-non-profit-budget-form.pdf: The request signature we calculated does not match the signature you provided. Check your key and signing method.
[2026-02-12T04:45:49.829Z] ❌ S3 upload failed for conway/misc/general/unknown/building-and-life-safety-codes.pdf: The request signature we calculated does not match the signature you provided. Check your key and signing method.
[2026-02-12T04:45:49.829Z]    Progress: 0 uploaded, 0 skipped, 100 failed
[2026-02-12T04:45:49.849Z] ❌ S3 upload failed for conway/misc/general/2026/2026-non-profit-letter.pdf: The request signature we calculated does not match the signature you provided. Check your key and signing method.
[2026-02-12T04:45:49.857Z] ❌ S3 upload failed for conway/forms/general/2026/2026-non-profit-budget-form.pdf: The request signature we calculated does not match the signature you provided. Check your key and signing method.
[2026-02-12T04:45:49.876Z] ❌ S3 upload failed for conway/forms/general/2025/2025-non-profit-budget-form.doc: The request signature we calculated does not match the signature you provided. Check your key and signing method.
[2026-02-12T04:45:49.886Z] ❌ S3 upload failed for conway/misc/general/2026/2026-non-profit-letter.pdf: The request signature we calculated does not match the signature you provided. Check your key and signing method.
[2026-02-12T04:45:49.904Z] ❌ S3 upload failed for conway/misc/general/2025/2025-non-profit-letter.docx: The request signature we calculated does not match the signature you provided. Check your key and signing method.
[2026-02-12T04:45:49.913Z] ❌ S3 upload failed for conway/forms/general/2025/2025-non-profit-budget-form.doc: The request signature we calculated does not match the signature you provided. Check your key and signing method.
[2026-02-12T04:45:49.931Z] ❌ S3 upload failed for conway/forms/general/2022/20220627-appeal-form.pdf: The request signature we calculated does not match the signature you provided. Check your key and signing method.
[2026-02-12T04:45:49.936Z] ❌ S3 upload failed for conway/misc/general/2025/2025-non-profit-letter.docx: The request signature we calculated does not match the signature you provided. Check your key and signing method.
[2026-02-12T04:45:49.957Z] ❌ S3 upload failed for conway/misc/general/unknown/parking-ticket-appeal-prcess-correct-address-1.pdf: The request signature we calculated does not match the signature you provided. Check your key and signing method.
[2026-02-12T04:45:49.960Z] ❌ S3 upload failed for conway/forms/general/2022/20220627-appeal-form.pdf: The request signature we calculated does not match the signature you provided. Check your key and signing method.
[2026-02-12T04:45:49.990Z] ❌ S3 upload failed for conway/forms/general/unknown/zoning-complaint-form.pdf: The request signature we calculated does not match the signature you provided. Check your key and signing method.
[2026-02-12T04:45:50.001Z] ❌ S3 upload failed for conway/misc/general/unknown/parking-ticket-appeal-prcess-correct-address-1.pdf: The request signature we calculated does not match the signature you provided. Check your key and signing method.
[2026-02-12T04:45:50.033Z] ❌ S3 upload failed for conway/misc/general/unknown/composite-1-.pdf: The request signature we calculated does not match the signature you provided. Check your key and signing method.
[2026-02-12T04:45:50.042Z] ❌ S3 upload failed for conway/forms/general/unknown/zoning-complaint-form.pdf: The request signature we calculated does not match the signature you provided. Check your key and signing method.
[2026-02-12T04:45:50.064Z] ❌ S3 upload failed for conway/forms/general/unknown/1-application-for-web-051325.pdf: The request signature we calculated does not match the signature you provided. Check your key and signing method.
[2026-02-12T04:45:50.084Z] ❌ S3 upload failed for conway/misc/general/unknown/composite-1-.pdf: The request signature we calculated does not match the signature you provided. Check your key and signing method.
[2026-02-12T04:45:50.099Z] ❌ S3 upload failed for conway/misc/general/2024/lot-merger-2024-with-affadavit.pdf: The request signature we calculated does not match the signature you provided. Check your key and signing method.
[2026-02-12T04:45:50.120Z] ❌ S3 upload failed for conway/forms/general/unknown/1-application-for-web-051325.pdf: The request signature we calculated does not match the signature you provided. Check your key and signing method.
[2026-02-12T04:45:50.123Z] ❌ S3 upload failed for conway/forms/general/unknown/temporary-event-permit-application.pdf: The request signature we calculated does not match the signature you provided. Check your key and signing method.
[2026-02-12T04:45:50.147Z] ❌ S3 upload failed for conway/misc/general/2024/lot-merger-2024-with-affadavit.pdf: The request signature we calculated does not match the signature you provided. Check your key and signing method.
[2026-02-12T04:45:50.148Z] ❌ S3 upload failed for conway/misc/general/unknown/waiver.pdf: The request signature we calculated does not match the signature you provided. Check your key and signing method.
[2026-02-12T04:45:50.180Z] ❌ S3 upload failed for conway/forms/general/unknown/temporary-event-permit-application.pdf: The request signature we calculated does not match the signature you provided. Check your key and signing method.
[2026-02-12T04:45:50.182Z] ❌ S3 upload failed for conway/forms/general/unknown/zba-application-010617.pdf: The request signature we calculated does not match the signature you provided. Check your key and signing method.
[2026-02-12T04:45:50.210Z] ❌ S3 upload failed for conway/misc/general/unknown/waiver.pdf: The request signature we calculated does not match the signature you provided. Check your key and signing method.
[2026-02-12T04:45:50.215Z] ❌ S3 upload failed for conway/zoning/general/unknown/zoning-districts.pdf: The request signature we calculated does not match the signature you provided. Check your key and signing method.
[2026-02-12T04:45:50.249Z] ❌ S3 upload failed for conway/forms/general/unknown/zba-application-010617.pdf: The request signature we calculated does not match the signature you provided. Check your key and signing method.
[2026-02-12T04:45:50.266Z] ❌ S3 upload failed for conway/misc/general/unknown/overlay-districts.pdf: The request signature we calculated does not match the signature you provided. Check your key and signing method.
[2026-02-12T04:45:50.281Z] ❌ S3 upload failed for conway/zoning/general/unknown/zoning-districts.pdf: The request signature we calculated does not match the signature you provided. Check your key and signing method.
[2026-02-12T04:45:50.322Z] ❌ S3 upload failed for conway/zoning/general/unknown/zoning-permit-revised-050124.pdf: The request signature we calculated does not match the signature you provided. Check your key and signing method.
[2026-02-12T04:45:50.324Z] ❌ S3 upload failed for conway/misc/general/unknown/overlay-districts.pdf: The request signature we calculated does not match the signature you provided. Check your key and signing method.
[2026-02-12T04:45:50.360Z] ❌ S3 upload failed for conway/zoning/general/unknown/zoning-permit-revised-050124.pdf: The request signature we calculated does not match the signature you provided. Check your key and signing method.
[2026-02-12T04:45:50.385Z] ❌ S3 upload failed for conway/misc/general/2024/rec-path-60-percent-layout-sheets-only-7-31-2024.pdf: The request signature we calculated does not match the signature you provided. Check your key and signing method.
[2026-02-12T04:45:50.401Z] ❌ S3 upload failed for conway/misc/general/2024/rec-path-60-percent-layout-sheets-only-7-31-2024.pdf: The request signature we calculated does not match the signature you provided. Check your key and signing method.
[2026-02-12T04:45:50.433Z] ❌ S3 upload failed for conway/misc/general/unknown/raffle-permit-031713.pdf: The request signature we calculated does not match the signature you provided. Check your key and signing method.
[2026-02-12T04:45:50.455Z] ❌ S3 upload failed for conway/misc/general/unknown/raffle-permit-031713.pdf: The request signature we calculated does not match the signature you provided. Check your key and signing method.
[2026-02-12T04:45:50.460Z] ❌ S3 upload failed for conway/forms/general/2022/5999_parking_permit_application_2022.pdf: The request signature we calculated does not match the signature you provided. Check your key and signing method.
[2026-02-12T04:45:50.487Z] ❌ S3 upload failed for conway/forms/general/2022/5999_parking_permit_application_2022.pdf: The request signature we calculated does not match the signature you provided. Check your key and signing method.
[2026-02-12T04:45:50.488Z] ❌ S3 upload failed for conway/misc/general/unknown/parking-program-guidelines-1-.pdf: The request signature we calculated does not match the signature you provided. Check your key and signing method.
[2026-02-12T04:45:50.516Z] ❌ S3 upload failed for conway/misc/general/unknown/one-and-two-family-self-affidavit.pdf: The request signature we calculated does not match the signature you provided. Check your key and signing method.
[2026-02-12T04:45:50.523Z] ❌ S3 upload failed for conway/misc/general/unknown/parking-program-guidelines-1-.pdf: The request signature we calculated does not match the signature you provided. Check your key and signing method.
[2026-02-12T04:45:50.543Z] ❌ S3 upload failed for conway/forms/general/unknown/multi-family-registration-form.pdf: The request signature we calculated does not match the signature you provided. Check your key and signing method.
[2026-02-12T04:45:50.550Z] ❌ S3 upload failed for conway/misc/general/unknown/one-and-two-family-self-affidavit.pdf: The request signature we calculated does not match the signature you provided. Check your key and signing method.
[2026-02-12T04:45:50.565Z] ❌ S3 upload failed for conway/misc/general/unknown/rental-inspection-fee-schedule-1-.pdf: The request signature we calculated does not match the signature you provided. Check your key and signing method.
[2026-02-12T04:45:50.574Z] ❌ S3 upload failed for conway/forms/general/unknown/multi-family-registration-form.pdf: The request signature we calculated does not match the signature you provided. Check your key and signing method.
[2026-02-12T04:45:50.595Z] ❌ S3 upload failed for conway/misc/general/2026/special-event-permit-01-08-2026-pdf-1-.pdf: The request signature we calculated does not match the signature you provided. Check your key and signing method.
[2026-02-12T04:45:50.601Z] ❌ S3 upload failed for conway/misc/general/unknown/rental-inspection-fee-schedule-1-.pdf: The request signature we calculated does not match the signature you provided. Check your key and signing method.
[2026-02-12T04:45:50.621Z] ❌ S3 upload failed for conway/misc/general/unknown/201.pdf: The request signature we calculated does not match the signature you provided. Check your key and signing method.
[2026-02-12T04:45:50.628Z] ❌ S3 upload failed for conway/misc/general/2026/special-event-permit-01-08-2026-pdf-1-.pdf: The request signature we calculated does not match the signature you provided. Check your key and signing method.
[2026-02-12T04:45:50.653Z] ❌ S3 upload failed for conway/misc/general/unknown/202.pdf: The request signature we calculated does not match the signature you provided. Check your key and signing method.
[2026-02-12T04:45:50.653Z] ❌ S3 upload failed for conway/misc/general/unknown/201.pdf: The request signature we calculated does not match the signature you provided. Check your key and signing method.
[2026-02-12T04:45:50.683Z] ❌ S3 upload failed for conway/misc/general/unknown/203.pdf: The request signature we calculated does not match the signature you provided. Check your key and signing method.
[2026-02-12T04:45:50.690Z] ❌ S3 upload failed for conway/misc/general/unknown/202.pdf: The request signature we calculated does not match the signature you provided. Check your key and signing method.
[2026-02-12T04:45:50.711Z] ❌ S3 upload failed for conway/misc/general/unknown/204.pdf: The request signature we calculated does not match the signature you provided. Check your key and signing method.
[2026-02-12T04:45:50.716Z] ❌ S3 upload failed for conway/misc/general/unknown/203.pdf: The request signature we calculated does not match the signature you provided. Check your key and signing method.
[2026-02-12T04:45:50.739Z] ❌ S3 upload failed for conway/misc/general/unknown/205.pdf: The request signature we calculated does not match the signature you provided. Check your key and signing method.
[2026-02-12T04:45:50.751Z] ❌ S3 upload failed for conway/misc/general/unknown/204.pdf: The request signature we calculated does not match the signature you provided. Check your key and signing method.
[2026-02-12T04:45:50.766Z] ❌ S3 upload failed for conway/misc/general/unknown/206.pdf: The request signature we calculated does not match the signature you provided. Check your key and signing method.
[2026-02-12T04:45:50.777Z] ❌ S3 upload failed for conway/misc/general/unknown/205.pdf: The request signature we calculated does not match the signature you provided. Check your key and signing method.
[2026-02-12T04:45:50.797Z] ❌ S3 upload failed for conway/misc/general/unknown/207.pdf: The request signature we calculated does not match the signature you provided. Check your key and signing method.
[2026-02-12T04:45:50.803Z] ❌ S3 upload failed for conway/misc/general/unknown/206.pdf: The request signature we calculated does not match the signature you provided. Check your key and signing method.
[2026-02-12T04:45:50.821Z] ❌ S3 upload failed for conway/misc/general/unknown/208.pdf: The request signature we calculated does not match the signature you provided. Check your key and signing method.
[2026-02-12T04:45:50.828Z] ❌ S3 upload failed for conway/misc/general/unknown/207.pdf: The request signature we calculated does not match the signature you provided. Check your key and signing method.
[2026-02-12T04:45:50.854Z] ❌ S3 upload failed for conway/misc/general/unknown/209.pdf: The request signature we calculated does not match the signature you provided. Check your key and signing method.
[2026-02-12T04:45:50.857Z] ❌ S3 upload failed for conway/misc/general/unknown/208.pdf: The request signature we calculated does not match the signature you provided. Check your key and signing method.
[2026-02-12T04:45:50.879Z] ❌ S3 upload failed for conway/misc/general/unknown/209.pdf: The request signature we calculated does not match the signature you provided. Check your key and signing method.
[2026-02-12T04:45:50.880Z] ❌ S3 upload failed for conway/misc/general/unknown/210.pdf: The request signature we calculated does not match the signature you provided. Check your key and signing method.
[2026-02-12T04:45:50.903Z] ❌ S3 upload failed for conway/misc/general/unknown/212.pdf: The request signature we calculated does not match the signature you provided. Check your key and signing method.
[2026-02-12T04:45:50.909Z] ❌ S3 upload failed for conway/misc/general/unknown/210.pdf: The request signature we calculated does not match the signature you provided. Check your key and signing method.
[2026-02-12T04:45:50.926Z] ❌ S3 upload failed for conway/misc/general/unknown/211.pdf: The request signature we calculated does not match the signature you provided. Check your key and signing method.
[2026-02-12T04:45:50.952Z] ❌ S3 upload failed for conway/misc/general/unknown/213.pdf: The request signature we calculated does not match the signature you provided. Check your key and signing method.
[2026-02-12T04:45:50.981Z] ❌ S3 upload failed for conway/misc/general/unknown/214.pdf: The request signature we calculated does not match the signature you provided. Check your key and signing method.
[2026-02-12T04:45:50.990Z] ❌ S3 upload failed for conway/misc/general/unknown/212.pdf: The request signature we calculated does not match the signature you provided. Check your key and signing method.
[2026-02-12T04:45:51.008Z] ❌ S3 upload failed for conway/misc/general/unknown/215.pdf: The request signature we calculated does not match the signature you provided. Check your key and signing method.
[2026-02-12T04:45:51.015Z] ❌ S3 upload failed for conway/misc/general/unknown/211.pdf: The request signature we calculated does not match the signature you provided. Check your key and signing method.
[2026-02-12T04:45:51.039Z] ❌ S3 upload failed for conway/misc/general/unknown/216.pdf: The request signature we calculated does not match the signature you provided. Check your key and signing method.
[2026-02-12T04:45:51.042Z] ❌ S3 upload failed for conway/misc/general/unknown/213.pdf: The request signature we calculated does not match the signature you provided. Check your key and signing method.
[2026-02-12T04:45:51.086Z] ❌ S3 upload failed for conway/misc/general/unknown/217.pdf: The request signature we calculated does not match the signature you provided. Check your key and signing method.
[2026-02-12T04:45:51.087Z] ❌ S3 upload failed for conway/misc/general/unknown/214.pdf: The request signature we calculated does not match the signature you provided. Check your key and signing method.
[2026-02-12T04:45:51.116Z] ❌ S3 upload failed for conway/misc/general/unknown/218.pdf: The request signature we calculated does not match the signature you provided. Check your key and signing method.
[2026-02-12T04:45:51.124Z] ❌ S3 upload failed for conway/misc/general/unknown/215.pdf: The request signature we calculated does not match the signature you provided. Check your key and signing method.
[2026-02-12T04:45:51.148Z] ❌ S3 upload failed for conway/misc/general/unknown/219.pdf: The request signature we calculated does not match the signature you provided. Check your key and signing method.
[2026-02-12T04:45:51.150Z] ❌ S3 upload failed for conway/misc/general/unknown/216.pdf: The request signature we calculated does not match the signature you provided. Check your key and signing method.
[2026-02-12T04:45:51.171Z] ❌ S3 upload failed for conway/misc/general/unknown/220.pdf: The request signature we calculated does not match the signature you provided. Check your key and signing method.
[2026-02-12T04:45:51.178Z] ❌ S3 upload failed for conway/misc/general/unknown/217.pdf: The request signature we calculated does not match the signature you provided. Check your key and signing method.
[2026-02-12T04:45:51.201Z] ❌ S3 upload failed for conway/misc/general/unknown/221.pdf: The request signature we calculated does not match the signature you provided. Check your key and signing method.
[2026-02-12T04:45:51.210Z] ❌ S3 upload failed for conway/misc/general/unknown/218.pdf: The request signature we calculated does not match the signature you provided. Check your key and signing method.
[2026-02-12T04:45:51.233Z] ❌ S3 upload failed for conway/misc/general/unknown/222.pdf: The request signature we calculated does not match the signature you provided. Check your key and signing method.
[2026-02-12T04:45:51.244Z] ❌ S3 upload failed for conway/misc/general/unknown/219.pdf: The request signature we calculated does not match the signature you provided. Check your key and signing method.
[2026-02-12T04:45:51.263Z] ❌ S3 upload failed for conway/misc/general/unknown/223.pdf: The request signature we calculated does not match the signature you provided. Check your key and signing method.
[2026-02-12T04:45:51.269Z] ❌ S3 upload failed for conway/misc/general/unknown/220.pdf: The request signature we calculated does not match the signature you provided. Check your key and signing method.
[2026-02-12T04:45:51.296Z] ❌ S3 upload failed for conway/misc/general/unknown/221.pdf: The request signature we calculated does not match the signature you provided. Check your key and signing method.
[2026-02-12T04:45:51.328Z] ❌ S3 upload failed for conway/misc/general/unknown/222.pdf: The request signature we calculated does not match the signature you provided. Check your key and signing method.
[2026-02-12T04:45:51.338Z] ❌ S3 upload failed for conway/misc/general/unknown/224.pdf: The request signature we calculated does not match the signature you provided. Check your key and signing method.
[2026-02-12T04:45:51.363Z] ❌ S3 upload failed for conway/misc/general/unknown/225.pdf: The request signature we calculated does not match the signature you provided. Check your key and signing method.
[2026-02-12T04:45:51.372Z] ❌ S3 upload failed for conway/misc/general/unknown/223.pdf: The request signature we calculated does not match the signature you provided. Check your key and signing method.
[2026-02-12T04:45:51.385Z] ❌ S3 upload failed for conway/misc/general/unknown/226.pdf: The request signature we calculated does not match the signature you provided. Check your key and signing method.
[2026-02-12T04:45:51.386Z]    Progress: 0 uploaded, 0 skipped, 150 failed
[2026-02-12T04:45:51.400Z] ❌ S3 upload failed for conway/misc/general/unknown/224.pdf: The request signature we calculated does not match the signature you provided. Check your key and signing method.
[2026-02-12T04:45:51.430Z] ❌ S3 upload failed for conway/misc/general/unknown/225.pdf: The request signature we calculated does not match the signature you provided. Check your key and signing method.
[2026-02-12T04:45:51.431Z] ❌ S3 upload failed for conway/misc/general/unknown/227.pdf: The request signature we calculated does not match the signature you provided. Check your key and signing method.
[2026-02-12T04:45:51.458Z] ❌ S3 upload failed for conway/misc/general/unknown/228.pdf: The request signature we calculated does not match the signature you provided. Check your key and signing method.
[2026-02-12T04:45:51.462Z] ❌ S3 upload failed for conway/misc/general/unknown/226.pdf: The request signature we calculated does not match the signature you provided. Check your key and signing method.
[2026-02-12T04:45:51.463Z]    Progress: 0 uploaded, 0 skipped, 150 failed
[2026-02-12T04:45:51.487Z] ❌ S3 upload failed for conway/misc/general/unknown/229.pdf: The request signature we calculated does not match the signature you provided. Check your key and signing method.
[2026-02-12T04:45:51.496Z] ❌ S3 upload failed for conway/misc/general/unknown/227.pdf: The request signature we calculated does not match the signature you provided. Check your key and signing method.
[2026-02-12T04:45:51.526Z] ❌ S3 upload failed for conway/misc/general/unknown/228.pdf: The request signature we calculated does not match the signature you provided. Check your key and signing method.
[2026-02-12T04:45:51.531Z] ❌ S3 upload failed for conway/misc/general/unknown/230.pdf: The request signature we calculated does not match the signature you provided. Check your key and signing method.
[2026-02-12T04:45:51.555Z] ❌ S3 upload failed for conway/misc/general/unknown/229.pdf: The request signature we calculated does not match the signature you provided. Check your key and signing method.
[2026-02-12T04:45:51.562Z] ❌ S3 upload failed for conway/misc/general/unknown/231.pdf: The request signature we calculated does not match the signature you provided. Check your key and signing method.
[2026-02-12T04:45:51.590Z] ❌ S3 upload failed for conway/misc/general/unknown/232.pdf: The request signature we calculated does not match the signature you provided. Check your key and signing method.
[2026-02-12T04:45:51.595Z] ❌ S3 upload failed for conway/misc/general/unknown/230.pdf: The request signature we calculated does not match the signature you provided. Check your key and signing method.
[2026-02-12T04:45:51.627Z] ❌ S3 upload failed for conway/misc/general/unknown/231.pdf: The request signature we calculated does not match the signature you provided. Check your key and signing method.
[2026-02-12T04:45:51.656Z] ❌ S3 upload failed for conway/misc/general/unknown/232.pdf: The request signature we calculated does not match the signature you provided. Check your key and signing method.
[2026-02-12T04:45:51.668Z] ❌ S3 upload failed for conway/misc/general/unknown/233.pdf: The request signature we calculated does not match the signature you provided. Check your key and signing method.
[2026-02-12T04:45:51.683Z] ❌ S3 upload failed for conway/misc/general/unknown/233.pdf: The request signature we calculated does not match the signature you provided. Check your key and signing method.
[2026-02-12T04:45:51.702Z] ❌ S3 upload failed for conway/misc/general/unknown/234.pdf: The request signature we calculated does not match the signature you provided. Check your key and signing method.
[2026-02-12T04:45:51.733Z] ❌ S3 upload failed for conway/misc/general/unknown/234.pdf: The request signature we calculated does not match the signature you provided. Check your key and signing method.
[2026-02-12T04:45:51.745Z] ❌ S3 upload failed for conway/misc/general/unknown/235.pdf: The request signature we calculated does not match the signature you provided. Check your key and signing method.
[2026-02-12T04:45:51.767Z] ❌ S3 upload failed for conway/misc/general/unknown/235.pdf: The request signature we calculated does not match the signature you provided. Check your key and signing method.
[2026-02-12T04:45:51.772Z] ❌ S3 upload failed for conway/misc/general/unknown/236.pdf: The request signature we calculated does not match the signature you provided. Check your key and signing method.
[2026-02-12T04:45:51.796Z] ❌ S3 upload failed for conway/misc/general/unknown/236.pdf: The request signature we calculated does not match the signature you provided. Check your key and signing method.
[2026-02-12T04:45:51.800Z] ❌ S3 upload failed for conway/misc/general/unknown/237.pdf: The request signature we calculated does not match the signature you provided. Check your key and signing method.
[2026-02-12T04:45:51.826Z] ❌ S3 upload failed for conway/misc/general/unknown/237.pdf: The request signature we calculated does not match the signature you provided. Check your key and signing method.
[2026-02-12T04:45:51.832Z] ❌ S3 upload failed for conway/misc/general/unknown/238.pdf: The request signature we calculated does not match the signature you provided. Check your key and signing method.
[2026-02-12T04:45:51.851Z] ❌ S3 upload failed for conway/misc/general/unknown/238.pdf: The request signature we calculated does not match the signature you provided. Check your key and signing method.
[2026-02-12T04:45:51.861Z] ❌ S3 upload failed for conway/misc/general/unknown/239.pdf: The request signature we calculated does not match the signature you provided. Check your key and signing method.
[2026-02-12T04:45:51.879Z] ❌ S3 upload failed for conway/misc/general/unknown/239.pdf: The request signature we calculated does not match the signature you provided. Check your key and signing method.
[2026-02-12T04:45:51.894Z] ❌ S3 upload failed for conway/misc/general/unknown/240.pdf: The request signature we calculated does not match the signature you provided. Check your key and signing method.
[2026-02-12T04:45:51.912Z] ❌ S3 upload failed for conway/misc/general/unknown/240.pdf: The request signature we calculated does not match the signature you provided. Check your key and signing method.
[2026-02-12T04:45:51.922Z] ❌ S3 upload failed for conway/misc/general/unknown/241.pdf: The request signature we calculated does not match the signature you provided. Check your key and signing method.
[2026-02-12T04:45:51.942Z] ❌ S3 upload failed for conway/misc/general/unknown/241.pdf: The request signature we calculated does not match the signature you provided. Check your key and signing method.
[2026-02-12T04:45:51.952Z] ❌ S3 upload failed for conway/misc/general/unknown/242.pdf: The request signature we calculated does not match the signature you provided. Check your key and signing method.
[2026-02-12T04:45:51.970Z] ❌ S3 upload failed for conway/misc/general/unknown/242.pdf: The request signature we calculated does not match the signature you provided. Check your key and signing method.
[2026-02-12T04:45:51.980Z] ❌ S3 upload failed for conway/misc/general/unknown/243.pdf: The request signature we calculated does not match the signature you provided. Check your key and signing method.
[2026-02-12T04:45:51.995Z] ❌ S3 upload failed for conway/misc/general/unknown/243.pdf: The request signature we calculated does not match the signature you provided. Check your key and signing method.
[2026-02-12T04:45:52.016Z] ❌ S3 upload failed for conway/misc/general/unknown/244.pdf: The request signature we calculated does not match the signature you provided. Check your key and signing method.
[2026-02-12T04:45:52.017Z] ❌ S3 upload failed for conway/misc/general/unknown/244.pdf: The request signature we calculated does not match the signature you provided. Check your key and signing method.
[2026-02-12T04:45:52.053Z] ❌ S3 upload failed for conway/misc/general/unknown/245.pdf: The request signature we calculated does not match the signature you provided. Check your key and signing method.
[2026-02-12T04:45:52.080Z] ❌ S3 upload failed for conway/misc/general/unknown/246.pdf: The request signature we calculated does not match the signature you provided. Check your key and signing method.
[2026-02-12T04:45:52.092Z] ❌ S3 upload failed for conway/misc/general/unknown/245.pdf: The request signature we calculated does not match the signature you provided. Check your key and signing method.
[2026-02-12T04:45:52.111Z] ❌ S3 upload failed for conway/misc/general/unknown/247.pdf: The request signature we calculated does not match the signature you provided. Check your key and signing method.
[2026-02-12T04:45:52.119Z] ❌ S3 upload failed for conway/misc/general/unknown/246.pdf: The request signature we calculated does not match the signature you provided. Check your key and signing method.
[2026-02-12T04:45:52.137Z] ❌ S3 upload failed for conway/misc/general/unknown/248.pdf: The request signature we calculated does not match the signature you provided. Check your key and signing method.
[2026-02-12T04:45:52.154Z] ❌ S3 upload failed for conway/misc/general/unknown/247.pdf: The request signature we calculated does not match the signature you provided. Check your key and signing method.
[2026-02-12T04:45:52.163Z] ❌ S3 upload failed for conway/misc/general/unknown/249.pdf: The request signature we calculated does not match the signature you provided. Check your key and signing method.
[2026-02-12T04:45:52.179Z] ❌ S3 upload failed for conway/misc/general/unknown/248.pdf: The request signature we calculated does not match the signature you provided. Check your key and signing method.
[2026-02-12T04:45:52.199Z] ❌ S3 upload failed for conway/misc/general/unknown/250.pdf: The request signature we calculated does not match the signature you provided. Check your key and signing method.
[2026-02-12T04:45:52.209Z] ❌ S3 upload failed for conway/misc/general/unknown/249.pdf: The request signature we calculated does not match the signature you provided. Check your key and signing method.
[2026-02-12T04:45:52.230Z] ❌ S3 upload failed for conway/misc/general/unknown/251.pdf: The request signature we calculated does not match the signature you provided. Check your key and signing method.
[2026-02-12T04:45:52.237Z] ❌ S3 upload failed for conway/misc/general/unknown/250.pdf: The request signature we calculated does not match the signature you provided. Check your key and signing method.
[2026-02-12T04:45:52.261Z] ❌ S3 upload failed for conway/misc/general/unknown/252.pdf: The request signature we calculated does not match the signature you provided. Check your key and signing method.
[2026-02-12T04:45:52.266Z] ❌ S3 upload failed for conway/misc/general/unknown/251.pdf: The request signature we calculated does not match the signature you provided. Check your key and signing method.
[2026-02-12T04:45:52.290Z] ❌ S3 upload failed for conway/misc/general/unknown/253.pdf: The request signature we calculated does not match the signature you provided. Check your key and signing method.
[2026-02-12T04:45:52.293Z] ❌ S3 upload failed for conway/misc/general/unknown/252.pdf: The request signature we calculated does not match the signature you provided. Check your key and signing method.
[2026-02-12T04:45:52.321Z] ❌ S3 upload failed for conway/misc/general/unknown/253.pdf: The request signature we calculated does not match the signature you provided. Check your key and signing method.
[2026-02-12T04:45:52.325Z] ❌ S3 upload failed for conway/misc/general/unknown/254.pdf: The request signature we calculated does not match the signature you provided. Check your key and signing method.
[2026-02-12T04:45:52.351Z] ❌ S3 upload failed for conway/misc/general/unknown/254.pdf: The request signature we calculated does not match the signature you provided. Check your key and signing method.
[2026-02-12T04:45:52.354Z] ❌ S3 upload failed for conway/misc/general/unknown/255.pdf: The request signature we calculated does not match the signature you provided. Check your key and signing method.
[2026-02-12T04:45:52.383Z] ❌ S3 upload failed for conway/misc/general/unknown/255.pdf: The request signature we calculated does not match the signature you provided. Check your key and signing method.
[2026-02-12T04:45:52.390Z] ❌ S3 upload failed for conway/misc/general/unknown/256.pdf: The request signature we calculated does not match the signature you provided. Check your key and signing method.
[2026-02-12T04:45:52.410Z] ❌ S3 upload failed for conway/misc/general/unknown/256.pdf: The request signature we calculated does not match the signature you provided. Check your key and signing method.
[2026-02-12T04:45:52.417Z] ❌ S3 upload failed for conway/misc/general/unknown/257.pdf: The request signature we calculated does not match the signature you provided. Check your key and signing method.
[2026-02-12T04:45:52.437Z] ❌ S3 upload failed for conway/misc/general/unknown/257.pdf: The request signature we calculated does not match the signature you provided. Check your key and signing method.
[2026-02-12T04:45:52.454Z] ❌ S3 upload failed for conway/misc/general/unknown/258.pdf: The request signature we calculated does not match the signature you provided. Check your key and signing method.
[2026-02-12T04:45:52.468Z] ❌ S3 upload failed for conway/misc/general/unknown/258.pdf: The request signature we calculated does not match the signature you provided. Check your key and signing method.
[2026-02-12T04:45:52.482Z] ❌ S3 upload failed for conway/misc/general/unknown/259.pdf: The request signature we calculated does not match the signature you provided. Check your key and signing method.
[2026-02-12T04:45:52.515Z] ❌ S3 upload failed for conway/misc/general/unknown/260.pdf: The request signature we calculated does not match the signature you provided. Check your key and signing method.
[2026-02-12T04:45:52.516Z] ❌ S3 upload failed for conway/misc/general/unknown/259.pdf: The request signature we calculated does not match the signature you provided. Check your key and signing method.
[2026-02-12T04:45:52.545Z] ❌ S3 upload failed for conway/misc/general/unknown/260.pdf: The request signature we calculated does not match the signature you provided. Check your key and signing method.
[2026-02-12T04:45:52.546Z] ❌ S3 upload failed for conway/misc/general/unknown/261.pdf: The request signature we calculated does not match the signature you provided. Check your key and signing method.
[2026-02-12T04:45:52.574Z] ❌ S3 upload failed for conway/misc/general/unknown/261.pdf: The request signature we calculated does not match the signature you provided. Check your key and signing method.
[2026-02-12T04:45:52.575Z] ❌ S3 upload failed for conway/misc/general/unknown/262.pdf: The request signature we calculated does not match the signature you provided. Check your key and signing method.
[2026-02-12T04:45:52.606Z] ❌ S3 upload failed for conway/misc/general/unknown/263.pdf: The request signature we calculated does not match the signature you provided. Check your key and signing method.
[2026-02-12T04:45:52.617Z] ❌ S3 upload failed for conway/misc/general/unknown/262.pdf: The request signature we calculated does not match the signature you provided. Check your key and signing method.
[2026-02-12T04:45:52.635Z] ❌ S3 upload failed for conway/misc/general/unknown/264.pdf: The request signature we calculated does not match the signature you provided. Check your key and signing method.
[2026-02-12T04:45:52.649Z] ❌ S3 upload failed for conway/misc/general/unknown/263.pdf: The request signature we calculated does not match the signature you provided. Check your key and signing method.
[2026-02-12T04:45:52.666Z] ❌ S3 upload failed for conway/misc/general/unknown/265.pdf: The request signature we calculated does not match the signature you provided. Check your key and signing method.
[2026-02-12T04:45:52.681Z] ❌ S3 upload failed for conway/misc/general/unknown/264.pdf: The request signature we calculated does not match the signature you provided. Check your key and signing method.
[2026-02-12T04:45:52.701Z] ❌ S3 upload failed for conway/misc/general/unknown/266.pdf: The request signature we calculated does not match the signature you provided. Check your key and signing method.
[2026-02-12T04:45:52.714Z] ❌ S3 upload failed for conway/misc/general/unknown/265.pdf: The request signature we calculated does not match the signature you provided. Check your key and signing method.
[2026-02-12T04:45:52.733Z] ❌ S3 upload failed for conway/misc/general/unknown/267.pdf: The request signature we calculated does not match the signature you provided. Check your key and signing method.
[2026-02-12T04:45:52.740Z] ❌ S3 upload failed for conway/misc/general/unknown/266.pdf: The request signature we calculated does not match the signature you provided. Check your key and signing method.
[2026-02-12T04:45:52.758Z] ❌ S3 upload failed for conway/misc/general/unknown/268.pdf: The request signature we calculated does not match the signature you provided. Check your key and signing method.
[2026-02-12T04:45:52.770Z] ❌ S3 upload failed for conway/misc/general/unknown/267.pdf: The request signature we calculated does not match the signature you provided. Check your key and signing method.
[2026-02-12T04:45:52.783Z] ❌ S3 upload failed for conway/misc/general/unknown/269.pdf: The request signature we calculated does not match the signature you provided. Check your key and signing method.
[2026-02-12T04:45:52.791Z] ❌ S3 upload failed for conway/misc/general/unknown/268.pdf: The request signature we calculated does not match the signature you provided. Check your key and signing method.
[2026-02-12T04:45:52.810Z] ❌ S3 upload failed for conway/misc/general/unknown/270.pdf: The request signature we calculated does not match the signature you provided. Check your key and signing method.
[2026-02-12T04:45:52.817Z] ❌ S3 upload failed for conway/misc/general/unknown/269.pdf: The request signature we calculated does not match the signature you provided. Check your key and signing method.
[2026-02-12T04:45:52.835Z] ❌ S3 upload failed for conway/misc/general/unknown/271.pdf: The request signature we calculated does not match the signature you provided. Check your key and signing method.
[2026-02-12T04:45:52.838Z] ❌ S3 upload failed for conway/misc/general/unknown/270.pdf: The request signature we calculated does not match the signature you provided. Check your key and signing method.
[2026-02-12T04:45:52.862Z] ❌ S3 upload failed for conway/misc/general/unknown/272.pdf: The request signature we calculated does not match the signature you provided. Check your key and signing method.
[2026-02-12T04:45:52.864Z] ❌ S3 upload failed for conway/misc/general/unknown/271.pdf: The request signature we calculated does not match the signature you provided. Check your key and signing method.
[2026-02-12T04:45:52.891Z] ❌ S3 upload failed for conway/misc/general/unknown/273.pdf: The request signature we calculated does not match the signature you provided. Check your key and signing method.
[2026-02-12T04:45:52.897Z] ❌ S3 upload failed for conway/misc/general/unknown/272.pdf: The request signature we calculated does not match the signature you provided. Check your key and signing method.
[2026-02-12T04:45:52.928Z] ❌ S3 upload failed for conway/misc/general/unknown/274.pdf: The request signature we calculated does not match the signature you provided. Check your key and signing method.
[2026-02-12T04:45:52.928Z] ❌ S3 upload failed for conway/misc/general/unknown/273.pdf: The request signature we calculated does not match the signature you provided. Check your key and signing method.
[2026-02-12T04:45:52.957Z] ❌ S3 upload failed for conway/misc/general/unknown/274.pdf: The request signature we calculated does not match the signature you provided. Check your key and signing method.
[2026-02-12T04:45:52.959Z] ❌ S3 upload failed for conway/misc/general/unknown/275.pdf: The request signature we calculated does not match the signature you provided. Check your key and signing method.
[2026-02-12T04:45:52.989Z] ❌ S3 upload failed for conway/misc/general/unknown/275.pdf: The request signature we calculated does not match the signature you provided. Check your key and signing method.
[2026-02-12T04:45:52.987Z] ❌ S3 upload failed for conway/misc/general/unknown/276.pdf: The request signature we calculated does not match the signature you provided. Check your key and signing method.
[2026-02-12T04:45:52.990Z]    Progress: 0 uploaded, 0 skipped, 200 failed
[2026-02-12T04:45:53.020Z] ❌ S3 upload failed for conway/misc/general/unknown/276.pdf: The request signature we calculated does not match the signature you provided. Check your key and signing method.
[2026-02-12T04:45:53.021Z]    Progress: 0 uploaded, 0 skipped, 200 failed
[2026-02-12T04:45:53.022Z] ❌ S3 upload failed for conway/misc/general/unknown/277.pdf: The request signature we calculated does not match the signature you provided. Check your key and signing method.
[2026-02-12T04:45:53.048Z] ❌ S3 upload failed for conway/misc/general/unknown/277.pdf: The request signature we calculated does not match the signature you provided. Check your key and signing method.
[2026-02-12T04:45:53.050Z] ❌ S3 upload failed for conway/misc/general/unknown/278.pdf: The request signature we calculated does not match the signature you provided. Check your key and signing method.
[2026-02-12T04:45:53.087Z] ❌ S3 upload failed for conway/misc/general/unknown/279.pdf: The request signature we calculated does not match the signature you provided. Check your key and signing method.
[2026-02-12T04:45:53.093Z] ❌ S3 upload failed for conway/misc/general/unknown/278.pdf: The request signature we calculated does not match the signature you provided. Check your key and signing method.
[2026-02-12T04:45:53.114Z] ❌ S3 upload failed for conway/misc/general/unknown/280.pdf: The request signature we calculated does not match the signature you provided. Check your key and signing method.
[2026-02-12T04:45:53.119Z] ❌ S3 upload failed for conway/misc/general/unknown/279.pdf: The request signature we calculated does not match the signature you provided. Check your key and signing method.
[2026-02-12T04:45:53.140Z] ❌ S3 upload failed for conway/misc/general/unknown/281.pdf: The request signature we calculated does not match the signature you provided. Check your key and signing method.
[2026-02-12T04:45:53.145Z] ❌ S3 upload failed for conway/misc/general/unknown/280.pdf: The request signature we calculated does not match the signature you provided. Check your key and signing method.
[2026-02-12T04:45:53.169Z] ❌ S3 upload failed for conway/misc/general/unknown/281.pdf: The request signature we calculated does not match the signature you provided. Check your key and signing method.
[2026-02-12T04:45:53.170Z] ❌ S3 upload failed for conway/misc/general/unknown/282.pdf: The request signature we calculated does not match the signature you provided. Check your key and signing method.
[2026-02-12T04:45:53.195Z] ❌ S3 upload failed for conway/misc/general/unknown/282.pdf: The request signature we calculated does not match the signature you provided. Check your key and signing method.
[2026-02-12T04:45:53.198Z] ❌ S3 upload failed for conway/misc/general/unknown/283.pdf: The request signature we calculated does not match the signature you provided. Check your key and signing method.
[2026-02-12T04:45:53.219Z] ❌ S3 upload failed for conway/misc/general/unknown/283.pdf: The request signature we calculated does not match the signature you provided. Check your key and signing method.
[2026-02-12T04:45:53.222Z] ❌ S3 upload failed for conway/misc/general/unknown/284.pdf: The request signature we calculated does not match the signature you provided. Check your key and signing method.
[2026-02-12T04:45:53.244Z] ❌ S3 upload failed for conway/misc/general/unknown/285.pdf: The request signature we calculated does not match the signature you provided. Check your key and signing method.
[2026-02-12T04:45:53.246Z] ❌ S3 upload failed for conway/misc/general/unknown/284.pdf: The request signature we calculated does not match the signature you provided. Check your key and signing method.
[2026-02-12T04:45:53.272Z] ❌ S3 upload failed for conway/misc/general/unknown/286.pdf: The request signature we calculated does not match the signature you provided. Check your key and signing method.
[2026-02-12T04:45:53.275Z] ❌ S3 upload failed for conway/misc/general/unknown/285.pdf: The request signature we calculated does not match the signature you provided. Check your key and signing method.
[2026-02-12T04:45:53.299Z] ❌ S3 upload failed for conway/misc/general/unknown/286.pdf: The request signature we calculated does not match the signature you provided. Check your key and signing method.
[2026-02-12T04:45:53.301Z] ❌ S3 upload failed for conway/misc/general/unknown/287.pdf: The request signature we calculated does not match the signature you provided. Check your key and signing method.
[2026-02-12T04:45:53.326Z] ❌ S3 upload failed for conway/misc/general/unknown/287.pdf: The request signature we calculated does not match the signature you provided. Check your key and signing method.
[2026-02-12T04:45:53.328Z] ❌ S3 upload failed for conway/misc/general/unknown/288.pdf: The request signature we calculated does not match the signature you provided. Check your key and signing method.
[2026-02-12T04:45:53.352Z] ❌ S3 upload failed for conway/misc/general/unknown/288.pdf: The request signature we calculated does not match the signature you provided. Check your key and signing method.
[2026-02-12T04:45:53.377Z] ❌ S3 upload failed for conway/misc/general/unknown/289.pdf: The request signature we calculated does not match the signature you provided. Check your key and signing method.
[2026-02-12T04:45:53.393Z] ❌ S3 upload failed for conway/misc/general/unknown/289.pdf: The request signature we calculated does not match the signature you provided. Check your key and signing method.
[2026-02-12T04:45:53.401Z] ❌ S3 upload failed for conway/misc/general/unknown/290.pdf: The request signature we calculated does not match the signature you provided. Check your key and signing method.
[2026-02-12T04:45:53.422Z] ❌ S3 upload failed for conway/misc/general/unknown/290.pdf: The request signature we calculated does not match the signature you provided. Check your key and signing method.
[2026-02-12T04:45:53.429Z] ❌ S3 upload failed for conway/misc/general/unknown/291.pdf: The request signature we calculated does not match the signature you provided. Check your key and signing method.
[2026-02-12T04:45:53.452Z] ❌ S3 upload failed for conway/misc/general/unknown/291.pdf: The request signature we calculated does not match the signature you provided. Check your key and signing method.
[2026-02-12T04:45:53.458Z] ❌ S3 upload failed for conway/misc/general/unknown/292.pdf: The request signature we calculated does not match the signature you provided. Check your key and signing method.
[2026-02-12T04:45:53.472Z] ❌ S3 upload failed for conway/misc/general/unknown/292.pdf: The request signature we calculated does not match the signature you provided. Check your key and signing method.
[2026-02-12T04:45:53.478Z] ❌ S3 upload failed for conway/misc/general/unknown/293.pdf: The request signature we calculated does not match the signature you provided. Check your key and signing method.
[2026-02-12T04:45:53.498Z] ❌ S3 upload failed for conway/misc/general/unknown/293.pdf: The request signature we calculated does not match the signature you provided. Check your key and signing method.
[2026-02-12T04:45:53.501Z] ❌ S3 upload failed for conway/misc/general/unknown/294.pdf: The request signature we calculated does not match the signature you provided. Check your key and signing method.
[2026-02-12T04:45:53.520Z] ❌ S3 upload failed for conway/misc/general/unknown/294.pdf: The request signature we calculated does not match the signature you provided. Check your key and signing method.
[2026-02-12T04:45:53.527Z] ❌ S3 upload failed for conway/misc/general/unknown/295.pdf: The request signature we calculated does not match the signature you provided. Check your key and signing method.
[2026-02-12T04:45:53.555Z] ❌ S3 upload failed for conway/misc/general/unknown/296.pdf: The request signature we calculated does not match the signature you provided. Check your key and signing method.
[2026-02-12T04:45:53.573Z] ❌ S3 upload failed for conway/misc/general/unknown/295.pdf: The request signature we calculated does not match the signature you provided. Check your key and signing method.
[2026-02-12T04:45:53.585Z] ❌ S3 upload failed for conway/misc/general/unknown/297.pdf: The request signature we calculated does not match the signature you provided. Check your key and signing method.
[2026-02-12T04:45:53.610Z] ❌ S3 upload failed for conway/misc/general/unknown/296.pdf: The request signature we calculated does not match the signature you provided. Check your key and signing method.
[2026-02-12T04:45:53.620Z] ❌ S3 upload failed for conway/misc/general/unknown/298.pdf: The request signature we calculated does not match the signature you provided. Check your key and signing method.
[2026-02-12T04:45:53.641Z] ❌ S3 upload failed for conway/misc/general/unknown/297.pdf: The request signature we calculated does not match the signature you provided. Check your key and signing method.
[2026-02-12T04:45:53.663Z] ❌ S3 upload failed for conway/misc/general/unknown/298.pdf: The request signature we calculated does not match the signature you provided. Check your key and signing method.
[2026-02-12T04:45:53.670Z] ❌ S3 upload failed for conway/misc/general/unknown/299.pdf: The request signature we calculated does not match the signature you provided. Check your key and signing method.
[2026-02-12T04:45:53.704Z] ❌ S3 upload failed for conway/misc/general/unknown/299.pdf: The request signature we calculated does not match the signature you provided. Check your key and signing method.
[2026-02-12T04:45:53.744Z] ❌ S3 upload failed for conway/reports/general/unknown/town-report-proof-final.pdf: The request signature we calculated does not match the signature you provided. Check your key and signing method.
[2026-02-12T04:45:53.779Z] ❌ S3 upload failed for conway/reports/general/unknown/town-report-proof-final.pdf: The request signature we calculated does not match the signature you provided. Check your key and signing method.
[2026-02-12T04:45:53.783Z] ❌ S3 upload failed for conway/reports/general/2018/conway-town-report-2018.pdf: The request signature we calculated does not match the signature you provided. Check your key and signing method.
[2026-02-12T04:45:53.808Z] ❌ S3 upload failed for conway/reports/general/2018/conway-town-report-2018.pdf: The request signature we calculated does not match the signature you provided. Check your key and signing method.
[2026-02-12T04:45:53.814Z] ❌ S3 upload failed for conway/reports/general/2019/2019-conway-town-report.pdf: The request signature we calculated does not match the signature you provided. Check your key and signing method.
[2026-02-12T04:45:53.849Z] ❌ S3 upload failed for conway/reports/general/2019/2019-conway-town-report.pdf: The request signature we calculated does not match the signature you provided. Check your key and signing method.
[2026-02-12T04:45:53.854Z] ❌ S3 upload failed for conway/reports/general/2020/conway-town-report-2020-2-.pdf: The request signature we calculated does not match the signature you provided. Check your key and signing method.
[2026-02-12T04:45:53.911Z] ❌ S3 upload failed for conway/reports/general/2020/conway-town-report-2020-2-.pdf: The request signature we calculated does not match the signature you provided. Check your key and signing method.
[2026-02-12T04:45:53.913Z] ❌ S3 upload failed for conway/annual-reports/general/2021/2021townreport.pdf: The request signature we calculated does not match the signature you provided. Check your key and signing method.
[2026-02-12T04:45:53.974Z] ❌ S3 upload failed for conway/annual-reports/general/2021/2021townreport.pdf: The request signature we calculated does not match the signature you provided. Check your key and signing method.
[2026-02-12T04:45:53.975Z] ❌ S3 upload failed for conway/reports/general/unknown/conway-town-report-for-website.pdf: The request signature we calculated does not match the signature you provided. Check your key and signing method.
[2026-02-12T04:45:53.996Z] ❌ S3 upload failed for conway/reports/general/2023/conway-town-report-2023-for-website.pdf: The request signature we calculated does not match the signature you provided. Check your key and signing method.
[2026-02-12T04:45:54.014Z] ❌ S3 upload failed for conway/reports/general/unknown/conway-town-report-for-website.pdf: The request signature we calculated does not match the signature you provided. Check your key and signing method.
[2026-02-12T04:45:54.028Z] ❌ S3 upload failed for conway/reports/general/2024/conway-town-report-2024-final-proof.pdf: The request signature we calculated does not match the signature you provided. Check your key and signing method.
[2026-02-12T04:45:54.045Z] ❌ S3 upload failed for conway/misc/general/unknown/albany-town-forest-map-2.pdf: The request signature we calculated does not match the signature you provided. Check your key and signing method.
[2026-02-12T04:45:54.047Z] ❌ S3 upload failed for conway/reports/general/2023/conway-town-report-2023-for-website.pdf: The request signature we calculated does not match the signature you provided. Check your key and signing method.
[2026-02-12T04:45:54.075Z] ❌ S3 upload failed for conway/misc/general/unknown/conway-mitigation-land_rev031115.pdf: The request signature we calculated does not match the signature you provided. Check your key and signing method.
[2026-02-12T04:45:54.099Z] ❌ S3 upload failed for conway/misc/general/unknown/marshall-trails-map-3-7-17.pdf: The request signature we calculated does not match the signature you provided. Check your key and signing method.
[2026-02-12T04:45:54.104Z] ❌ S3 upload failed for conway/reports/general/2024/conway-town-report-2024-final-proof.pdf: The request signature we calculated does not match the signature you provided. Check your key and signing method.
[2026-02-12T04:45:54.128Z] ❌ S3 upload failed for conway/misc/general/2015/tnc_common-land_2015.pdf: The request signature we calculated does not match the signature you provided. Check your key and signing method.
[2026-02-12T04:45:54.128Z] ❌ S3 upload failed for conway/misc/general/unknown/albany-town-forest-map-2.pdf: The request signature we calculated does not match the signature you provided. Check your key and signing method.
[2026-02-12T04:45:54.158Z] ❌ S3 upload failed for conway/misc/general/2017/whitaker-woods_2017.pdf: The request signature we calculated does not match the signature you provided. Check your key and signing method.
[2026-02-12T04:45:54.161Z] ❌ S3 upload failed for conway/misc/general/unknown/conway-mitigation-land_rev031115.pdf: The request signature we calculated does not match the signature you provided. Check your key and signing method.
[2026-02-12T04:45:54.190Z] ❌ S3 upload failed for conway/misc/general/unknown/marshall-trails-map-3-7-17.pdf: The request signature we calculated does not match the signature you provided. Check your key and signing method.
[2026-02-12T04:45:54.219Z] ❌ S3 upload failed for conway/misc/general/2015/tnc_common-land_2015.pdf: The request signature we calculated does not match the signature you provided. Check your key and signing method.
[2026-02-12T04:45:54.226Z] ❌ S3 upload failed for conway/regulations/general/unknown/sewer-rules-regulations.pdf: The request signature we calculated does not match the signature you provided. Check your key and signing method.
[2026-02-12T04:45:54.243Z] ❌ S3 upload failed for conway/misc/general/2017/whitaker-woods_2017.pdf: The request signature we calculated does not match the signature you provided. Check your key and signing method.
[2026-02-12T04:45:54.257Z] ❌ S3 upload failed for conway/regulations/general/unknown/water-rules-regulations.pdf: The request signature we calculated does not match the signature you provided. Check your key and signing method.
[2026-02-12T04:45:54.319Z] ❌ S3 upload failed for conway/misc/general/unknown/job-ad-cheif-assessor-final-022525.pdf: The request signature we calculated does not match the signature you provided. Check your key and signing method.
[2026-02-12T04:45:54.324Z] ❌ S3 upload failed for conway/regulations/general/unknown/sewer-rules-regulations.pdf: The request signature we calculated does not match the signature you provided. Check your key and signing method.
[2026-02-12T04:45:54.342Z] ❌ S3 upload failed for conway/misc/general/unknown/assessor-job-description-final-022525.pdf: The request signature we calculated does not match the signature you provided. Check your key and signing method.
[2026-02-12T04:45:54.369Z] ❌ S3 upload failed for conway/regulations/general/unknown/water-rules-regulations.pdf: The request signature we calculated does not match the signature you provided. Check your key and signing method.
[2026-02-12T04:45:54.379Z] ❌ S3 upload failed for conway/misc/general/2025/conway-nh-assessing-rfp-2025.pdf: The request signature we calculated does not match the signature you provided. Check your key and signing method.
[2026-02-12T04:45:54.428Z] ❌ S3 upload failed for conway/misc/general/unknown/job-ad-cheif-assessor-final-022525.pdf: The request signature we calculated does not match the signature you provided. Check your key and signing method.
[2026-02-12T04:45:54.451Z] ❌ S3 upload failed for conway/misc/general/unknown/assessor-job-description-final-022525.pdf: The request signature we calculated does not match the signature you provided. Check your key and signing method.
[2026-02-12T04:45:54.478Z] ❌ S3 upload failed for conway/misc/general/unknown/truck-driver-job-posting-5-6-25.pdf: The request signature we calculated does not match the signature you provided. Check your key and signing method.
[2026-02-12T04:45:54.486Z] ❌ S3 upload failed for conway/misc/general/2025/conway-nh-assessing-rfp-2025.pdf: The request signature we calculated does not match the signature you provided. Check your key and signing method.
[2026-02-12T04:45:54.505Z] ❌ S3 upload failed for conway/misc/general/unknown/job-desc-highway-truck-driver-5-6-25-1-.pdf: The request signature we calculated does not match the signature you provided. Check your key and signing method.
[2026-02-12T04:45:54.513Z] ❌ S3 upload failed for conway/misc/general/unknown/truck-driver-job-posting-5-6-25.pdf: The request signature we calculated does not match the signature you provided. Check your key and signing method.
[2026-02-12T04:45:54.533Z] ❌ S3 upload failed for conway/regulations/general/unknown/lmwvswd.mou.bylaws.new-final-_2.24.26.pdf: The request signature we calculated does not match the signature you provided. Check your key and signing method.
[2026-02-12T04:45:54.540Z] ❌ S3 upload failed for conway/misc/general/unknown/job-desc-highway-truck-driver-5-6-25-1-.pdf: The request signature we calculated does not match the signature you provided. Check your key and signing method.
[2026-02-12T04:45:54.566Z] ❌ S3 upload failed for conway/misc/general/unknown/chapter-23-building-construction-proposed-amendments-1-.pdf: The request signature we calculated does not match the signature you provided. Check your key and signing method.
[2026-02-12T04:45:54.583Z] ❌ S3 upload failed for conway/regulations/general/unknown/lmwvswd.mou.bylaws.new-final-_2.24.26.pdf: The request signature we calculated does not match the signature you provided. Check your key and signing method.
[2026-02-12T04:45:54.605Z] ❌ S3 upload failed for conway/misc/general/unknown/conway_hmp_apa_may19_14.pdf: The request signature we calculated does not match the signature you provided. Check your key and signing method.
[2026-02-12T04:45:54.606Z] ❌ S3 upload failed for conway/misc/general/unknown/chapter-23-building-construction-proposed-amendments-1-.pdf: The request signature we calculated does not match the signature you provided. Check your key and signing method.
[2026-02-12T04:45:54.639Z] ❌ S3 upload failed for conway/forms/general/unknown/drought-and-water-shortage-information.pdf: The request signature we calculated does not match the signature you provided. Check your key and signing method.
[2026-02-12T04:45:54.652Z] ❌ S3 upload failed for conway/misc/general/unknown/conway_hmp_apa_may19_14.pdf: The request signature we calculated does not match the signature you provided. Check your key and signing method.
[2026-02-12T04:45:54.662Z] ❌ S3 upload failed for conway/misc/general/unknown/whitemtn_knowgosuporder.pdf: The request signature we calculated does not match the signature you provided. Check your key and signing method.
[2026-02-12T04:45:54.679Z] ❌ S3 upload failed for conway/forms/general/unknown/drought-and-water-shortage-information.pdf: The request signature we calculated does not match the signature you provided. Check your key and signing method.
[2026-02-12T04:45:54.687Z] ❌ S3 upload failed for conway/misc/general/unknown/03-40638_conway-invitation-for-bids.pdf: The request signature we calculated does not match the signature you provided. Check your key and signing method.
[2026-02-12T04:45:54.688Z] ✅ Completed Conway: 0 uploaded, 0 skipped, 249 failed (0.1 min)
[2026-02-12T04:45:54.689Z] 📬 New upload queue detected: conway-1770871545699.json
[2026-02-12T04:45:54.710Z] ❌ S3 upload failed for conway/misc/general/unknown/whitemtn_knowgosuporder.pdf: The request signature we calculated does not match the signature you provided. Check your key and signing method.
[2026-02-12T04:45:54.736Z] ❌ S3 upload failed for conway/misc/general/unknown/03-40638_conway-invitation-for-bids.pdf: The request signature we calculated does not match the signature you provided. Check your key and signing method.
[2026-02-12T04:45:54.737Z] ✅ Completed Conway: 0 uploaded, 0 skipped, 249 failed (0.1 min)
[2026-02-12T04:45:54.737Z] ❌ Failed to process queue /home/ubuntu/.openclaw/workspace/OPENCouncil/upload-queue/conway-1770871545699.json: ENOENT: no such file or directory, rename '/home/ubuntu/.openclaw/workspace/OPENCouncil/upload-queue/conway-1770871545699.json' -> '/home/ubuntu/.openclaw/workspace/OPENCouncil/upload-queue/processed/conway-1770871545699.json'
[2026-02-12T04:48:28.622Z] 📬 New upload queue detected: eaton-1770871708622.json
[2026-02-12T04:48:28.622Z] 📬 New upload queue detected: eaton-1770871708622.json
[2026-02-12T04:48:29.626Z] 📋 Found 1 upload queue(s)
[2026-02-12T04:48:29.626Z] 📋 Found 1 upload queue(s)
[2026-02-12T04:48:29.626Z] 📦 Processing upload queue: eaton-1770871708622.json
[2026-02-12T04:48:29.626Z] 📦 Processing upload queue: eaton-1770871708622.json
[2026-02-12T04:48:29.652Z] ❌ S3 upload failed for eaton/minutes/general/2025/ZBA-March-17-2025-Minutes-.pdf: The request signature we calculated does not match the signature you provided. Check your key and signing method.
[2026-02-12T04:48:29.653Z] ❌ S3 upload failed for eaton/minutes/general/2025/ZBA-March-17-2025-Minutes-.pdf: The request signature we calculated does not match the signature you provided. Check your key and signing method.
[2026-02-12T04:48:29.686Z] ❌ S3 upload failed for eaton/minutes/general/2025/ZBA-April-21-2025-Minutes-.pdf: The request signature we calculated does not match the signature you provided. Check your key and signing method.
[2026-02-12T04:48:29.691Z] ❌ S3 upload failed for eaton/minutes/general/2025/ZBA-April-21-2025-Minutes-.pdf: The request signature we calculated does not match the signature you provided. Check your key and signing method.
[2026-02-12T04:48:29.721Z] ❌ S3 upload failed for eaton/minutes/general/2025/ZBA-June-16-2025-Minutes.pdf: The request signature we calculated does not match the signature you provided. Check your key and signing method.
[2026-02-12T04:48:29.739Z] ❌ S3 upload failed for eaton/minutes/general/2025/ZBA-June-16-2025-Minutes.pdf: The request signature we calculated does not match the signature you provided. Check your key and signing method.
[2026-02-12T04:48:29.760Z] ❌ S3 upload failed for eaton/minutes/general/2025/ZBA-October-20-2025-Minutes.pdf: The request signature we calculated does not match the signature you provided. Check your key and signing method.
[2026-02-12T04:48:29.765Z] ❌ S3 upload failed for eaton/minutes/general/2025/ZBA-October-20-2025-Minutes.pdf: The request signature we calculated does not match the signature you provided. Check your key and signing method.
[2026-02-12T04:48:29.785Z] ❌ S3 upload failed for eaton/misc/general/2012/zba-Min-9-19-16.pdf: The request signature we calculated does not match the signature you provided. Check your key and signing method.
[2026-02-12T04:48:29.788Z] ❌ S3 upload failed for eaton/misc/general/2012/zba-Min-9-19-16.pdf: The request signature we calculated does not match the signature you provided. Check your key and signing method.
[2026-02-12T04:48:29.807Z] ❌ S3 upload failed for eaton/misc/general/2012/zba-Min-12-5-16.pdf: The request signature we calculated does not match the signature you provided. Check your key and signing method.
[2026-02-12T04:48:29.813Z] ❌ S3 upload failed for eaton/misc/general/2012/zba-Min-12-5-16.pdf: The request signature we calculated does not match the signature you provided. Check your key and signing method.
[2026-02-12T04:48:29.832Z] ❌ S3 upload failed for eaton/misc/general/2026/BOS-January-6-2026.pdf: The request signature we calculated does not match the signature you provided. Check your key and signing method.
[2026-02-12T04:48:29.837Z] ❌ S3 upload failed for eaton/misc/general/2026/BOS-January-6-2026.pdf: The request signature we calculated does not match the signature you provided. Check your key and signing method.
[2026-02-12T04:48:29.861Z] ❌ S3 upload failed for eaton/misc/general/2026/BOS-January-20-2026.pdf: The request signature we calculated does not match the signature you provided. Check your key and signing method.
[2026-02-12T04:48:29.863Z] ❌ S3 upload failed for eaton/misc/general/2026/BOS-January-20-2026.pdf: The request signature we calculated does not match the signature you provided. Check your key and signing method.
[2026-02-12T04:48:29.894Z] ❌ S3 upload failed for eaton/minutes/general/2026/BOS-Minutes-2025.pdf: The request signature we calculated does not match the signature you provided. Check your key and signing method.
[2026-02-12T04:48:29.920Z] ❌ S3 upload failed for eaton/minutes/general/2026/BOS-Minutes-2025.pdf: The request signature we calculated does not match the signature you provided. Check your key and signing method.
[2026-02-12T04:48:29.929Z] ❌ S3 upload failed for eaton/minutes/general/2025/Minutes-2024.pdf: The request signature we calculated does not match the signature you provided. Check your key and signing method.
[2026-02-12T04:48:29.953Z] ❌ S3 upload failed for eaton/minutes/general/2025/Minutes-2024.pdf: The request signature we calculated does not match the signature you provided. Check your key and signing method.
[2026-02-12T04:48:29.959Z] ❌ S3 upload failed for eaton/minutes/general/2024/BOS-Minutes-2023.pdf: The request signature we calculated does not match the signature you provided. Check your key and signing method.
[2026-02-12T04:48:29.981Z] ❌ S3 upload failed for eaton/minutes/general/2024/BOS-Minutes-2023.pdf: The request signature we calculated does not match the signature you provided. Check your key and signing method.
[2026-02-12T04:48:29.990Z] ❌ S3 upload failed for eaton/minutes/general/2023/BOS-Minutes-2022.pdf: The request signature we calculated does not match the signature you provided. Check your key and signing method.
[2026-02-12T04:48:30.021Z] ❌ S3 upload failed for eaton/minutes/general/2023/BOS-Minutes-2022.pdf: The request signature we calculated does not match the signature you provided. Check your key and signing method.
[2026-02-12T04:48:30.025Z] ❌ S3 upload failed for eaton/minutes/general/2021/BOS-Minutes-2020.pdf: The request signature we calculated does not match the signature you provided. Check your key and signing method.
[2026-02-12T04:48:30.053Z] ❌ S3 upload failed for eaton/minutes/general/2021/BOS-Minutes-2020.pdf: The request signature we calculated does not match the signature you provided. Check your key and signing method.
[2026-02-12T04:48:30.065Z] ❌ S3 upload failed for eaton/minutes/general/2020/BOS-Minutes-2019.pdf: The request signature we calculated does not match the signature you provided. Check your key and signing method.
[2026-02-12T04:48:30.092Z] ❌ S3 upload failed for eaton/misc/general/2025/2025-Tax-Breakdown.pdf: The request signature we calculated does not match the signature you provided. Check your key and signing method.
[2026-02-12T04:48:30.095Z] ❌ S3 upload failed for eaton/minutes/general/2020/BOS-Minutes-2019.pdf: The request signature we calculated does not match the signature you provided. Check your key and signing method.
[2026-02-12T04:48:30.117Z] ❌ S3 upload failed for eaton/forms/general/2012/Address-Change-Request-Form.pdf: The request signature we calculated does not match the signature you provided. Check your key and signing method.
[2026-02-12T04:48:30.121Z] ❌ S3 upload failed for eaton/misc/general/2025/2025-Tax-Breakdown.pdf: The request signature we calculated does not match the signature you provided. Check your key and signing method.
[2026-02-12T04:48:30.145Z] ❌ S3 upload failed for eaton/forms/general/2012/Address-Change-Request-Form.pdf: The request signature we calculated does not match the signature you provided. Check your key and signing method.
[2026-02-12T04:48:30.146Z] ❌ S3 upload failed for eaton/forms/general/2026/Application-for-Absentee-Ballot-Town.pdf: The request signature we calculated does not match the signature you provided. Check your key and signing method.
[2026-02-12T04:48:30.175Z] ❌ S3 upload failed for eaton/forms/general/2026/Application-for-Absentee-Ballot-Town.pdf: The request signature we calculated does not match the signature you provided. Check your key and signing method.
[2026-02-12T04:48:30.180Z] ❌ S3 upload failed for eaton/zoning/general/2026/2026-Official-Zoning-Amendments.pdf: The request signature we calculated does not match the signature you provided. Check your key and signing method.
[2026-02-12T04:48:30.207Z] ❌ S3 upload failed for eaton/zoning/general/2026/2026-Official-Zoning-Amendments.pdf: The request signature we calculated does not match the signature you provided. Check your key and signing method.
[2026-02-12T04:48:30.209Z] ❌ S3 upload failed for eaton/forms/general/2018/Application-for-Employment.pdf: The request signature we calculated does not match the signature you provided. Check your key and signing method.
[2026-02-12T04:48:30.237Z] ❌ S3 upload failed for eaton/forms/general/2012/Abatement-Application.pdf: The request signature we calculated does not match the signature you provided. Check your key and signing method.
[2026-02-12T04:48:30.239Z] ❌ S3 upload failed for eaton/forms/general/2018/Application-for-Employment.pdf: The request signature we calculated does not match the signature you provided. Check your key and signing method.
[2026-02-12T04:48:30.265Z] ❌ S3 upload failed for eaton/misc/general/2023/Agreement-and-Release-674-41.pdf: The request signature we calculated does not match the signature you provided. Check your key and signing method.
[2026-02-12T04:48:30.278Z] ❌ S3 upload failed for eaton/forms/general/2012/Abatement-Application.pdf: The request signature we calculated does not match the signature you provided. Check your key and signing method.
[2026-02-12T04:48:30.300Z] ❌ S3 upload failed for eaton/forms/general/2025/BP-Application-10-24.pdf: The request signature we calculated does not match the signature you provided. Check your key and signing method.
[2026-02-12T04:48:30.302Z] ❌ S3 upload failed for eaton/misc/general/2023/Agreement-and-Release-674-41.pdf: The request signature we calculated does not match the signature you provided. Check your key and signing method.
[2026-02-12T04:48:30.330Z] ❌ S3 upload failed for eaton/forms/general/2023/Building-Permit-Renewal-Application-2023.pdf: The request signature we calculated does not match the signature you provided. Check your key and signing method.
[2026-02-12T04:48:30.335Z] ❌ S3 upload failed for eaton/forms/general/2025/BP-Application-10-24.pdf: The request signature we calculated does not match the signature you provided. Check your key and signing method.
[2026-02-12T04:48:30.360Z] ❌ S3 upload failed for eaton/misc/general/2024/demo-permit-app-10-24.pdf: The request signature we calculated does not match the signature you provided. Check your key and signing method.
[2026-02-12T04:48:30.365Z] ❌ S3 upload failed for eaton/forms/general/2023/Building-Permit-Renewal-Application-2023.pdf: The request signature we calculated does not match the signature you provided. Check your key and signing method.
[2026-02-12T04:48:30.389Z] ❌ S3 upload failed for eaton/misc/general/2023/Tips-for-Managing-Security-Systems.pdf: The request signature we calculated does not match the signature you provided. Check your key and signing method.
[2026-02-12T04:48:30.391Z] ❌ S3 upload failed for eaton/misc/general/2024/demo-permit-app-10-24.pdf: The request signature we calculated does not match the signature you provided. Check your key and signing method.
[2026-02-12T04:48:30.415Z] ❌ S3 upload failed for eaton/misc/general/2012/Charitable-Exemptions-A-12-and-A-9.pdf: The request signature we calculated does not match the signature you provided. Check your key and signing method.
[2026-02-12T04:48:30.416Z] ❌ S3 upload failed for eaton/misc/general/2023/Tips-for-Managing-Security-Systems.pdf: The request signature we calculated does not match the signature you provided. Check your key and signing method.
[2026-02-12T04:48:30.439Z] ❌ S3 upload failed for eaton/misc/general/2021/a-10-Current-Use.pdf: The request signature we calculated does not match the signature you provided. Check your key and signing method.
[2026-02-12T04:48:30.464Z] ❌ S3 upload failed for eaton/misc/general/2013/cu-12.pdf: The request signature we calculated does not match the signature you provided. Check your key and signing method.
[2026-02-12T04:48:30.476Z] ❌ S3 upload failed for eaton/misc/general/2012/Charitable-Exemptions-A-12-and-A-9.pdf: The request signature we calculated does not match the signature you provided. Check your key and signing method.
[2026-02-12T04:48:30.502Z] ❌ S3 upload failed for eaton/misc/general/2012/Driveway-Permit-App.pdf: The request signature we calculated does not match the signature you provided. Check your key and signing method.
[2026-02-12T04:48:30.513Z] ❌ S3 upload failed for eaton/misc/general/2021/a-10-Current-Use.pdf: The request signature we calculated does not match the signature you provided. Check your key and signing method.
[2026-02-12T04:48:30.538Z] ❌ S3 upload failed for eaton/misc/general/2023/dp-8-2022-print.pdf: The request signature we calculated does not match the signature you provided. Check your key and signing method.
[2026-02-12T04:48:30.542Z] ❌ S3 upload failed for eaton/misc/general/2013/cu-12.pdf: The request signature we calculated does not match the signature you provided. Check your key and signing method.
[2026-02-12T04:48:30.566Z] ❌ S3 upload failed for eaton/forms/general/2023/Application-for-HO-Certificate-of-Use.pdf: The request signature we calculated does not match the signature you provided. Check your key and signing method.
[2026-02-12T04:48:30.572Z] ❌ S3 upload failed for eaton/misc/general/2012/Driveway-Permit-App.pdf: The request signature we calculated does not match the signature you provided. Check your key and signing method.
[2026-02-12T04:48:30.601Z] ❌ S3 upload failed for eaton/misc/general/2012/NH-Residential-Energy-Code-App.pdf: The request signature we calculated does not match the signature you provided. Check your key and signing method.
[2026-02-12T04:48:30.608Z] ❌ S3 upload failed for eaton/misc/general/2023/dp-8-2022-print.pdf: The request signature we calculated does not match the signature you provided. Check your key and signing method.
[2026-02-12T04:48:30.633Z] ❌ S3 upload failed for eaton/misc/general/2018/Notice-of-Voluntary-Merger.pdf: The request signature we calculated does not match the signature you provided. Check your key and signing method.
[2026-02-12T04:48:30.639Z] ❌ S3 upload failed for eaton/forms/general/2023/Application-for-HO-Certificate-of-Use.pdf: The request signature we calculated does not match the signature you provided. Check your key and signing method.
[2026-02-12T04:48:30.666Z] ❌ S3 upload failed for eaton/misc/general/2021/pa-7-print.pdf: The request signature we calculated does not match the signature you provided. Check your key and signing method.
[2026-02-12T04:48:30.676Z] ❌ S3 upload failed for eaton/misc/general/2012/NH-Residential-Energy-Code-App.pdf: The request signature we calculated does not match the signature you provided. Check your key and signing method.
[2026-02-12T04:48:30.701Z] ❌ S3 upload failed for eaton/forms/general/2026/Form-PA-29-v11-2025.pdf: The request signature we calculated does not match the signature you provided. Check your key and signing method.
[2026-02-12T04:48:30.706Z] ❌ S3 upload failed for eaton/misc/general/2018/Notice-of-Voluntary-Merger.pdf: The request signature we calculated does not match the signature you provided. Check your key and signing method.
[2026-02-12T04:48:30.727Z] ❌ S3 upload failed for eaton/misc/general/2022/elderly-exemption-criteria.pdf: The request signature we calculated does not match the signature you provided. Check your key and signing method.
[2026-02-12T04:48:30.733Z] ❌ S3 upload failed for eaton/misc/general/2021/pa-7-print.pdf: The request signature we calculated does not match the signature you provided. Check your key and signing method.
[2026-02-12T04:48:30.754Z] ❌ S3 upload failed for eaton/misc/general/2012/PA30-Elderly-Tax-App.pdf: The request signature we calculated does not match the signature you provided. Check your key and signing method.
[2026-02-12T04:48:30.773Z] ❌ S3 upload failed for eaton/forms/general/2026/Form-PA-29-v11-2025.pdf: The request signature we calculated does not match the signature you provided. Check your key and signing method.
[2026-02-12T04:48:30.793Z] ❌ S3 upload failed for eaton/misc/general/2012/PA33-Stmt-Qualification.pdf: The request signature we calculated does not match the signature you provided. Check your key and signing method.
[2026-02-12T04:48:30.800Z] ❌ S3 upload failed for eaton/misc/general/2022/elderly-exemption-criteria.pdf: The request signature we calculated does not match the signature you provided. Check your key and signing method.
[2026-02-12T04:48:30.822Z] ❌ S3 upload failed for eaton/forms/general/2025/PB-Application-2026.pdf: The request signature we calculated does not match the signature you provided. Check your key and signing method.
[2026-02-12T04:48:30.834Z] ❌ S3 upload failed for eaton/misc/general/2012/PA30-Elderly-Tax-App.pdf: The request signature we calculated does not match the signature you provided. Check your key and signing method.
[2026-02-12T04:48:30.852Z] ❌ S3 upload failed for eaton/misc/general/2012/PA33-Stmt-Qualification.pdf: The request signature we calculated does not match the signature you provided. Check your key and signing method.
[2026-02-12T04:48:30.856Z] ❌ S3 upload failed for eaton/misc/general/2025/PB-Steep-Slope-App-2026.pdf: The request signature we calculated does not match the signature you provided. Check your key and signing method.
[2026-02-12T04:48:30.882Z] ❌ S3 upload failed for eaton/forms/general/2025/PB-Application-2026.pdf: The request signature we calculated does not match the signature you provided. Check your key and signing method.
[2026-02-12T04:48:30.883Z] ❌ S3 upload failed for eaton/misc/general/2025/PB-Ridgeline-App-2026.pdf: The request signature we calculated does not match the signature you provided. Check your key and signing method.
[2026-02-12T04:48:30.910Z] ❌ S3 upload failed for eaton/misc/general/2025/PB-Steep-Slope-App-2026.pdf: The request signature we calculated does not match the signature you provided. Check your key and signing method.
[2026-02-12T04:48:30.913Z] ❌ S3 upload failed for eaton/misc/general/2012/Resident-Pistol-Lic-App.pdf: The request signature we calculated does not match the signature you provided. Check your key and signing method.
[2026-02-12T04:48:30.937Z] ❌ S3 upload failed for eaton/misc/general/2025/PB-Ridgeline-App-2026.pdf: The request signature we calculated does not match the signature you provided. Check your key and signing method.
[2026-02-12T04:48:30.938Z] ❌ S3 upload failed for eaton/forms/general/2012/Request-for-Information.pdf: The request signature we calculated does not match the signature you provided. Check your key and signing method.
[2026-02-12T04:48:30.964Z] ❌ S3 upload failed for eaton/misc/general/2022/2022-Permit-App-Use-Town-Lands.pdf: The request signature we calculated does not match the signature you provided. Check your key and signing method.
[2026-02-12T04:48:30.967Z] ❌ S3 upload failed for eaton/misc/general/2012/Resident-Pistol-Lic-App.pdf: The request signature we calculated does not match the signature you provided. Check your key and signing method.
[2026-02-12T04:48:30.993Z] ❌ S3 upload failed for eaton/forms/general/2012/Request-for-Information.pdf: The request signature we calculated does not match the signature you provided. Check your key and signing method.
[2026-02-12T04:48:30.995Z] ❌ S3 upload failed for eaton/forms/general/2025/ZBA-Application-packet-2026.pdf: The request signature we calculated does not match the signature you provided. Check your key and signing method.
[2026-02-12T04:48:31.019Z] ❌ S3 upload failed for eaton/misc/general/2022/2022-Permit-App-Use-Town-Lands.pdf: The request signature we calculated does not match the signature you provided. Check your key and signing method.
[2026-02-12T04:48:31.022Z] ❌ S3 upload failed for eaton/misc/general/2025/Fee-Schedule-2026.pdf: The request signature we calculated does not match the signature you provided. Check your key and signing method.
[2026-02-12T04:48:31.052Z] ❌ S3 upload failed for eaton/misc/general/2025/Henney-Education-Scholarship.pdf: The request signature we calculated does not match the signature you provided. Check your key and signing method.
[2026-02-12T04:48:31.055Z] ❌ S3 upload failed for eaton/forms/general/2025/ZBA-Application-packet-2026.pdf: The request signature we calculated does not match the signature you provided. Check your key and signing method.
[2026-02-12T04:48:31.072Z] ❌ S3 upload failed for eaton/misc/general/2025/Eaton-Community-Circle-Scholarship.pdf: The request signature we calculated does not match the signature you provided. Check your key and signing method.
[2026-02-12T04:48:31.090Z] ❌ S3 upload failed for eaton/misc/general/2025/Fee-Schedule-2026.pdf: The request signature we calculated does not match the signature you provided. Check your key and signing method.
[2026-02-12T04:48:31.093Z] ❌ S3 upload failed for eaton/misc/general/2012/Got-Permits-Flyer.pdf: The request signature we calculated does not match the signature you provided. Check your key and signing method.
[2026-02-12T04:48:31.123Z] ❌ S3 upload failed for eaton/misc/general/2025/Henney-Education-Scholarship.pdf: The request signature we calculated does not match the signature you provided. Check your key and signing method.
[2026-02-12T04:48:31.141Z] ❌ S3 upload failed for eaton/misc/general/2025/New-Hampshire-911-CARES-Brochure.pdf: The request signature we calculated does not match the signature you provided. Check your key and signing method.
[2026-02-12T04:48:31.141Z]    Progress: 0 uploaded, 0 skipped, 50 failed
[2026-02-12T04:48:31.148Z] ❌ S3 upload failed for eaton/misc/general/2025/Eaton-Community-Circle-Scholarship.pdf: The request signature we calculated does not match the signature you provided. Check your key and signing method.
[2026-02-12T04:48:31.178Z] ❌ S3 upload failed for eaton/misc/general/2012/Got-Permits-Flyer.pdf: The request signature we calculated does not match the signature you provided. Check your key and signing method.
[2026-02-12T04:48:31.213Z] ❌ S3 upload failed for eaton/misc/general/2025/New-Hampshire-911-CARES-Brochure.pdf: The request signature we calculated does not match the signature you provided. Check your key and signing method.
[2026-02-12T04:48:31.213Z]    Progress: 0 uploaded, 0 skipped, 50 failed
[2026-02-12T04:48:31.219Z] ❌ S3 upload failed for eaton/misc/general/2020/got-permits.pdf: The request signature we calculated does not match the signature you provided. Check your key and signing method.
[2026-02-12T04:48:31.242Z] ❌ S3 upload failed for eaton/misc/general/2020/got-permits.pdf: The request signature we calculated does not match the signature you provided. Check your key and signing method.
[2026-02-12T04:48:31.246Z] ❌ S3 upload failed for eaton/misc/general/2012/Beach-Regs.pdf: The request signature we calculated does not match the signature you provided. Check your key and signing method.
[2026-02-12T04:48:31.266Z] ❌ S3 upload failed for eaton/misc/general/2012/Beach-Regs.pdf: The request signature we calculated does not match the signature you provided. Check your key and signing method.
[2026-02-12T04:48:31.270Z] ❌ S3 upload failed for eaton/policies/general/2024/beach-use-policy-5-21-24-to-post.pdf: The request signature we calculated does not match the signature you provided. Check your key and signing method.
[2026-02-12T04:48:31.296Z] ❌ S3 upload failed for eaton/policies/general/2024/beach-use-policy-5-21-24-to-post.pdf: The request signature we calculated does not match the signature you provided. Check your key and signing method.
[2026-02-12T04:48:31.298Z] ❌ S3 upload failed for eaton/misc/general/2025/Cemetery-Regs-050625.pdf: The request signature we calculated does not match the signature you provided. Check your key and signing method.
[2026-02-12T04:48:31.316Z] ❌ S3 upload failed for eaton/misc/general/2025/Cemetery-Regs-050625.pdf: The request signature we calculated does not match the signature you provided. Check your key and signing method.
[2026-02-12T04:48:31.327Z] ❌ S3 upload failed for eaton/misc/general/2022/Cluster-Development-Regs-2022.pdf: The request signature we calculated does not match the signature you provided. Check your key and signing method.
[2026-02-12T04:48:31.352Z] ❌ S3 upload failed for eaton/misc/general/2022/Cluster-Development-Regs-2022.pdf: The request signature we calculated does not match the signature you provided. Check your key and signing method.
[2026-02-12T04:48:31.367Z] ❌ S3 upload failed for eaton/ordinances/general/2012/Floodplain-Mgmt-Ordinance-2014.pdf: The request signature we calculated does not match the signature you provided. Check your key and signing method.
[2026-02-12T04:48:31.387Z] ❌ S3 upload failed for eaton/ordinances/general/2012/Floodplain-Mgmt-Ordinance-2014.pdf: The request signature we calculated does not match the signature you provided. Check your key and signing method.
[2026-02-12T04:48:31.406Z] ❌ S3 upload failed for eaton/misc/general/2018/2018-Excavation-Regs.pdf: The request signature we calculated does not match the signature you provided. Check your key and signing method.
[2026-02-12T04:48:31.420Z] ❌ S3 upload failed for eaton/misc/general/2018/2018-Excavation-Regs.pdf: The request signature we calculated does not match the signature you provided. Check your key and signing method.
[2026-02-12T04:48:31.438Z] ❌ S3 upload failed for eaton/misc/general/2022/Site-Plan-Review-Regs-2022.pdf: The request signature we calculated does not match the signature you provided. Check your key and signing method.
[2026-02-12T04:48:31.444Z] ❌ S3 upload failed for eaton/misc/general/2022/Site-Plan-Review-Regs-2022.pdf: The request signature we calculated does not match the signature you provided. Check your key and signing method.
[2026-02-12T04:48:31.472Z] ❌ S3 upload failed for eaton/misc/general/2022/Subdivision-Regs-2022.pdf: The request signature we calculated does not match the signature you provided. Check your key and signing method.
[2026-02-12T04:48:31.475Z] ❌ S3 upload failed for eaton/misc/general/2022/Subdivision-Regs-2022.pdf: The request signature we calculated does not match the signature you provided. Check your key and signing method.
[2026-02-12T04:48:31.503Z] ❌ S3 upload failed for eaton/misc/general/2018/Checklist-for-Potential-Regional-Impact.pdf: The request signature we calculated does not match the signature you provided. Check your key and signing method.
[2026-02-12T04:48:31.504Z] ❌ S3 upload failed for eaton/misc/general/2018/Checklist-for-Potential-Regional-Impact.pdf: The request signature we calculated does not match the signature you provided. Check your key and signing method.
[2026-02-12T04:48:31.526Z] ❌ S3 upload failed for eaton/policies/general/2018/winter-parking-policy-2017-posting.pdf: The request signature we calculated does not match the signature you provided. Check your key and signing method.
[2026-02-12T04:48:31.533Z] ❌ S3 upload failed for eaton/policies/general/2018/winter-parking-policy-2017-posting.pdf: The request signature we calculated does not match the signature you provided. Check your key and signing method.
[2026-02-12T04:48:31.554Z] ❌ S3 upload failed for eaton/policies/general/2018/Private-Alarm-policy-2017-to-post.pdf: The request signature we calculated does not match the signature you provided. Check your key and signing method.
[2026-02-12T04:48:31.560Z] ❌ S3 upload failed for eaton/policies/general/2018/Private-Alarm-policy-2017-to-post.pdf: The request signature we calculated does not match the signature you provided. Check your key and signing method.
[2026-02-12T04:48:31.579Z] ❌ S3 upload failed for eaton/policies/general/2022/Land-Use-policy-2022-to-post.pdf: The request signature we calculated does not match the signature you provided. Check your key and signing method.
[2026-02-12T04:48:31.588Z] ❌ S3 upload failed for eaton/policies/general/2022/Land-Use-policy-2022-to-post.pdf: The request signature we calculated does not match the signature you provided. Check your key and signing method.
[2026-02-12T04:48:31.616Z] ❌ S3 upload failed for eaton/ordinances/general/2025/2025-Zoning-Ordinance.pdf: The request signature we calculated does not match the signature you provided. Check your key and signing method.
[2026-02-12T04:48:31.620Z] ❌ S3 upload failed for eaton/ordinances/general/2025/2025-Zoning-Ordinance.pdf: The request signature we calculated does not match the signature you provided. Check your key and signing method.
[2026-02-12T04:48:31.646Z] ❌ S3 upload failed for eaton/misc/general/2018/Master-Plan-2015.pdf: The request signature we calculated does not match the signature you provided. Check your key and signing method.
[2026-02-12T04:48:31.647Z] ✅ Completed Eaton: 0 uploaded, 0 skipped, 65 failed (0.0 min)
[2026-02-12T04:48:31.647Z] 📬 New upload queue detected: eaton-1770871708622.json
[2026-02-12T04:48:31.699Z] ❌ S3 upload failed for eaton/misc/general/2018/Master-Plan-2015.pdf: The request signature we calculated does not match the signature you provided. Check your key and signing method.
[2026-02-12T04:48:31.700Z] ✅ Completed Eaton: 0 uploaded, 0 skipped, 65 failed (0.0 min)
[2026-02-12T04:48:31.700Z] ❌ Failed to process queue /home/ubuntu/.openclaw/workspace/OPENCouncil/upload-queue/eaton-1770871708622.json: ENOENT: no such file or directory, rename '/home/ubuntu/.openclaw/workspace/OPENCouncil/upload-queue/eaton-1770871708622.json' -> '/home/ubuntu/.openclaw/workspace/OPENCouncil/upload-queue/processed/eaton-1770871708622.json'
[2026-02-12T04:56:54.459Z] 🚀 Document Uploader Service starting...
[2026-02-12T04:56:54.464Z]    S3 Bucket: opencouncil-municipal-docs
[2026-02-12T04:56:54.466Z]    Upload Queue: /home/ubuntu/.openclaw/workspace/OPENCouncil/upload-queue
[2026-02-12T04:56:54.467Z]    Temp Dir: /tmp/opencouncil-docs
[2026-02-12T04:56:54.468Z] 👀 Watching upload queue directory...
[2026-02-12T04:56:54.469Z] ✅ Service initialized and watching for uploads
[2026-02-12T04:56:59.696Z] 📬 New upload queue detected: albany-1770870649141.json
[2026-02-12T04:56:59.698Z] 📬 New upload queue detected: brookfield-1770871126716.json
[2026-02-12T04:56:59.698Z] 📬 New upload queue detected: bartlett-1770870854258.json
[2026-02-12T04:56:59.699Z] 📬 New upload queue detected: chatham-1770871302857.json
[2026-02-12T04:56:59.699Z] 📬 New upload queue detected: eaton-1770871708622.json
[2026-02-12T04:56:59.699Z] 📬 New upload queue detected: conway-1770871545699.json
[2026-02-12T04:57:00.702Z] 📋 Found 6 upload queue(s)
[2026-02-12T04:57:00.702Z] 📋 Found 6 upload queue(s)
[2026-02-12T04:57:00.702Z] 📋 Found 6 upload queue(s)
[2026-02-12T04:57:00.702Z] 📋 Found 6 upload queue(s)
[2026-02-12T04:57:00.702Z] 📋 Found 6 upload queue(s)
[2026-02-12T04:57:00.702Z] 📋 Found 6 upload queue(s)
[2026-02-12T04:57:00.704Z] 📦 Processing upload queue: albany-1770870649141.json
[2026-02-12T04:57:00.704Z] 📦 Processing upload queue: albany-1770870649141.json
[2026-02-12T04:57:00.704Z] 📦 Processing upload queue: albany-1770870649141.json
[2026-02-12T04:57:00.704Z] 📦 Processing upload queue: albany-1770870649141.json
[2026-02-12T04:57:00.704Z] 📦 Processing upload queue: albany-1770870649141.json
[2026-02-12T04:57:00.704Z] 📦 Processing upload queue: albany-1770870649141.json
[2026-02-12T04:57:03.903Z]    Progress: 24 uploaded, 26 skipped, 0 failed
[2026-02-12T04:57:03.918Z]    Progress: 15 uploaded, 35 skipped, 0 failed
[2026-02-12T04:57:03.923Z]    Progress: 37 uploaded, 13 skipped, 0 failed
[2026-02-12T04:57:03.944Z]    Progress: 12 uploaded, 38 skipped, 0 failed
[2026-02-12T04:57:03.947Z]    Progress: 27 uploaded, 23 skipped, 0 failed
[2026-02-12T04:57:04.525Z] ❌ S3 upload failed for albany/minutes/general/2020/ACC-20200707-Minutes-.pdf: ENOENT: no such file or directory, open '/tmp/opencouncil-docs/ACC-20200707-Minutes-.pdf'
[2026-02-12T04:57:06.361Z]    Progress: 48 uploaded, 52 skipped, 0 failed
[2026-02-12T04:57:06.389Z]    Progress: 60 uploaded, 40 skipped, 0 failed
[2026-02-12T04:57:07.727Z] ❌ S3 upload failed for albany/misc/general/2013/March5CC.pdf: ENOENT: no such file or directory, open '/tmp/opencouncil-docs/March5CC.pdf'
[2026-02-12T04:57:07.732Z] ❌ S3 upload failed for albany/misc/general/2013/March5CC.pdf: ENOENT: no such file or directory, open '/tmp/opencouncil-docs/March5CC.pdf'
[2026-02-12T04:57:07.733Z] ❌ S3 upload failed for albany/misc/general/2013/March5CC.pdf: ENOENT: no such file or directory, open '/tmp/opencouncil-docs/March5CC.pdf'
[2026-02-12T04:57:07.738Z] ❌ S3 upload failed for albany/misc/general/2013/Feb5CC.pdf: ENOENT: no such file or directory, open '/tmp/opencouncil-docs/Feb5CC.pdf'
[2026-02-12T04:57:07.742Z] ❌ S3 upload failed for albany/misc/general/2013/Feb5CC.pdf: ENOENT: no such file or directory, open '/tmp/opencouncil-docs/Feb5CC.pdf'
[2026-02-12T04:57:07.745Z] ❌ S3 upload failed for albany/misc/general/2013/Feb5CC.pdf: ENOENT: no such file or directory, open '/tmp/opencouncil-docs/Feb5CC.pdf'
[2026-02-12T04:57:07.819Z] ❌ S3 upload failed for albany/misc/general/unknown/Aug7CC.pdf: ENOENT: no such file or directory, open '/tmp/opencouncil-docs/Aug7CC.pdf'
[2026-02-12T04:57:07.822Z] ❌ S3 upload failed for albany/misc/general/unknown/Aug7CC.pdf: ENOENT: no such file or directory, open '/tmp/opencouncil-docs/Aug7CC.pdf'
[2026-02-12T04:57:07.830Z] ❌ S3 upload failed for albany/misc/general/unknown/April3CC.pdf: ENOENT: no such file or directory, open '/tmp/opencouncil-docs/April3CC.pdf'
[2026-02-12T04:57:07.835Z] ❌ S3 upload failed for albany/misc/general/unknown/April3CC.pdf: ENOENT: no such file or directory, open '/tmp/opencouncil-docs/April3CC.pdf'
[2026-02-12T04:57:07.964Z] ❌ S3 upload failed for albany/misc/general/unknown/May1CC.pdf: ENOENT: no such file or directory, open '/tmp/opencouncil-docs/May1CC.pdf'
[2026-02-12T04:57:07.975Z] ❌ S3 upload failed for albany/misc/general/unknown/Dec4CC.pdf: ENOENT: no such file or directory, open '/tmp/opencouncil-docs/Dec4CC.pdf'
[2026-02-12T04:57:08.014Z] ❌ S3 upload failed for albany/misc/general/2013/March5CC.pdf: ENOENT: no such file or directory, open '/tmp/opencouncil-docs/March5CC.pdf'
[2026-02-12T04:57:08.025Z] ❌ S3 upload failed for albany/misc/general/2013/Feb5CC.pdf: ENOENT: no such file or directory, open '/tmp/opencouncil-docs/Feb5CC.pdf'
[2026-02-12T04:57:08.028Z] ❌ S3 upload failed for albany/misc/general/unknown/May1CC.pdf: ENOENT: no such file or directory, open '/tmp/opencouncil-docs/May1CC.pdf'
[2026-02-12T04:57:08.041Z] ❌ S3 upload failed for albany/misc/general/unknown/Dec4CC.pdf: ENOENT: no such file or directory, open '/tmp/opencouncil-docs/Dec4CC.pdf'
[2026-02-12T04:57:08.049Z] ❌ S3 upload failed for albany/misc/general/unknown/Aug7CC.pdf: ENOENT: no such file or directory, open '/tmp/opencouncil-docs/Aug7CC.pdf'
[2026-02-12T04:57:08.058Z] ❌ S3 upload failed for albany/misc/general/unknown/April3CC.pdf: ENOENT: no such file or directory, open '/tmp/opencouncil-docs/April3CC.pdf'
[2026-02-12T04:57:08.109Z] ❌ S3 upload failed for albany/misc/general/unknown/May1CC.pdf: ENOENT: no such file or directory, open '/tmp/opencouncil-docs/May1CC.pdf'
[2026-02-12T04:57:08.113Z] ❌ S3 upload failed for albany/misc/general/2013/March5CC.pdf: ENOENT: no such file or directory, open '/tmp/opencouncil-docs/March5CC.pdf'
[2026-02-12T04:57:08.119Z] ❌ S3 upload failed for albany/misc/general/unknown/Dec4CC.pdf: ENOENT: no such file or directory, open '/tmp/opencouncil-docs/Dec4CC.pdf'
[2026-02-12T04:57:08.122Z] ❌ S3 upload failed for albany/misc/general/2013/Feb5CC.pdf: ENOENT: no such file or directory, open '/tmp/opencouncil-docs/Feb5CC.pdf'
[2026-02-12T04:57:08.122Z] ❌ S3 upload failed for albany/misc/general/2013/March5CC.pdf: ENOENT: no such file or directory, open '/tmp/opencouncil-docs/March5CC.pdf'
[2026-02-12T04:57:08.134Z] ❌ S3 upload failed for albany/misc/general/2013/Feb5CC.pdf: ENOENT: no such file or directory, open '/tmp/opencouncil-docs/Feb5CC.pdf'
[2026-02-12T04:57:08.143Z] ❌ S3 upload failed for albany/misc/general/unknown/Aug7CC.pdf: ENOENT: no such file or directory, open '/tmp/opencouncil-docs/Aug7CC.pdf'
[2026-02-12T04:57:08.154Z] ❌ S3 upload failed for albany/misc/general/unknown/April3CC.pdf: ENOENT: no such file or directory, open '/tmp/opencouncil-docs/April3CC.pdf'
[2026-02-12T04:57:08.159Z] ❌ S3 upload failed for albany/misc/general/unknown/Aug7CC.pdf: ENOENT: no such file or directory, open '/tmp/opencouncil-docs/Aug7CC.pdf'
[2026-02-12T04:57:08.169Z] ❌ S3 upload failed for albany/misc/general/unknown/April3CC.pdf: ENOENT: no such file or directory, open '/tmp/opencouncil-docs/April3CC.pdf'
[2026-02-12T04:57:08.201Z] ❌ S3 upload failed for albany/misc/general/unknown/May1CC.pdf: ENOENT: no such file or directory, open '/tmp/opencouncil-docs/May1CC.pdf'
[2026-02-12T04:57:08.212Z] ❌ S3 upload failed for albany/misc/general/unknown/Dec4CC.pdf: ENOENT: no such file or directory, open '/tmp/opencouncil-docs/Dec4CC.pdf'
[2026-02-12T04:57:08.213Z] ❌ S3 upload failed for albany/misc/general/unknown/May1CC.pdf: ENOENT: no such file or directory, open '/tmp/opencouncil-docs/May1CC.pdf'
[2026-02-12T04:57:08.226Z] ❌ S3 upload failed for albany/misc/general/unknown/Dec4CC.pdf: ENOENT: no such file or directory, open '/tmp/opencouncil-docs/Dec4CC.pdf'
[2026-02-12T04:57:08.250Z] ❌ S3 upload failed for albany/misc/general/unknown/Aug7CC.pdf: ENOENT: no such file or directory, open '/tmp/opencouncil-docs/Aug7CC.pdf'
[2026-02-12T04:57:08.262Z] ❌ S3 upload failed for albany/misc/general/unknown/April3CC.pdf: ENOENT: no such file or directory, open '/tmp/opencouncil-docs/April3CC.pdf'
[2026-02-12T04:57:08.299Z] ❌ S3 upload failed for albany/misc/general/unknown/May1CC.pdf: ENOENT: no such file or directory, open '/tmp/opencouncil-docs/May1CC.pdf'
[2026-02-12T04:57:08.310Z] ❌ S3 upload failed for albany/misc/general/unknown/Dec4CC.pdf: ENOENT: no such file or directory, open '/tmp/opencouncil-docs/Dec4CC.pdf'
[2026-02-12T04:57:08.385Z]    Progress: 87 uploaded, 57 skipped, 6 failed
[2026-02-12T04:57:08.406Z]    Progress: 58 uploaded, 86 skipped, 6 failed
[2026-02-12T04:57:08.657Z]    Progress: 81 uploaded, 63 skipped, 6 failed
[2026-02-12T04:57:10.963Z]    Progress: 100 uploaded, 94 skipped, 6 failed
[2026-02-12T04:57:11.020Z]    Progress: 66 uploaded, 128 skipped, 6 failed
[2026-02-12T04:57:13.807Z]    Progress: 106 uploaded, 138 skipped, 6 failed
[2026-02-12T04:57:15.063Z] ❌ S3 upload failed for albany/minutes/general/2024/ZBA-20240409-Minutes-Approved.pdf: ENOENT: no such file or directory, open '/tmp/opencouncil-docs/ZBA-20240409-Minutes-Approved.pdf'
[2026-02-12T04:57:15.093Z] ❌ S3 upload failed for albany/minutes/general/2024/ZBA-20240409-Minutes-Approved.pdf: ENOENT: no such file or directory, open '/tmp/opencouncil-docs/ZBA-20240409-Minutes-Approved.pdf'
[2026-02-12T04:57:15.129Z] ❌ S3 upload failed for albany/minutes/general/2024/ZBA-20240409-Minutes-Approved.pdf: ENOENT: no such file or directory, open '/tmp/opencouncil-docs/ZBA-20240409-Minutes-Approved.pdf'
[2026-02-12T04:57:15.216Z] ❌ S3 upload failed for albany/minutes/general/2024/ZBA-20240409-Minutes-Approved.pdf: ENOENT: no such file or directory, open '/tmp/opencouncil-docs/ZBA-20240409-Minutes-Approved.pdf'
[2026-02-12T04:57:15.254Z] ❌ S3 upload failed for albany/minutes/general/2024/ZBA-20240409-Minutes-Approved.pdf: ENOENT: no such file or directory, open '/tmp/opencouncil-docs/ZBA-20240409-Minutes-Approved.pdf'
[2026-02-12T04:57:15.268Z] ❌ S3 upload failed for albany/minutes/general/2024/ZBA-20240409-Minutes-Approved.pdf: ENOENT: no such file or directory, open '/tmp/opencouncil-docs/ZBA-20240409-Minutes-Approved.pdf'
[2026-02-12T04:57:16.759Z]    Progress: 143 uploaded, 150 skipped, 7 failed
[2026-02-12T04:57:16.776Z]    Progress: 124 uploaded, 168 skipped, 8 failed
[2026-02-12T04:57:20.254Z]    Progress: 130 uploaded, 213 skipped, 7 failed
[2026-02-12T04:57:20.988Z] ❌ S3 upload failed for albany/minutes/general/2024/ABS_Minutes_10082024.pdf: ENOENT: no such file or directory, open '/tmp/opencouncil-docs/ABS_Minutes_10082024.pdf'
[2026-02-12T04:57:22.829Z]    Progress: 175 uploaded, 216 skipped, 9 failed
[2026-02-12T04:57:22.867Z]    Progress: 187 uploaded, 206 skipped, 7 failed
[2026-02-12T04:57:25.528Z]    Progress: 149 uploaded, 294 skipped, 7 failed
[2026-02-12T04:57:25.542Z]    Progress: 201 uploaded, 242 skipped, 7 failed
[2026-02-12T04:57:25.611Z]    Progress: 183 uploaded, 260 skipped, 7 failed
[2026-02-12T04:57:28.461Z]    Progress: 253 uploaded, 240 skipped, 7 failed
[2026-02-12T04:57:28.492Z]    Progress: 204 uploaded, 289 skipped, 7 failed
[2026-02-12T04:57:28.581Z]    Progress: 222 uploaded, 271 skipped, 7 failed
[2026-02-12T04:57:28.887Z]    Progress: 224 uploaded, 267 skipped, 9 failed
[2026-02-12T04:57:29.783Z] ❌ S3 upload failed for albany/misc/general/2019/March5.pdf: ENOENT: no such file or directory, open '/tmp/opencouncil-docs/March5.pdf'
[2026-02-12T04:57:29.792Z] ❌ S3 upload failed for albany/misc/general/2019/March5.pdf: ENOENT: no such file or directory, open '/tmp/opencouncil-docs/March5.pdf'
[2026-02-12T04:57:29.793Z] ❌ S3 upload failed for albany/misc/general/2019/March5.pdf: ENOENT: no such file or directory, open '/tmp/opencouncil-docs/March5.pdf'
[2026-02-12T04:57:29.796Z] ❌ S3 upload failed for albany/misc/general/2019/March5.pdf: ENOENT: no such file or directory, open '/tmp/opencouncil-docs/March5.pdf'
[2026-02-12T04:57:29.804Z] ❌ S3 upload failed for albany/misc/general/2019/March5.pdf: ENOENT: no such file or directory, open '/tmp/opencouncil-docs/March5.pdf'
[2026-02-12T04:57:29.922Z] ❌ S3 upload failed for albany/misc/general/2019/Feb6.pdf: ENOENT: no such file or directory, open '/tmp/opencouncil-docs/Feb6.pdf'
[2026-02-12T04:57:29.945Z] ❌ S3 upload failed for albany/misc/general/2019/Feb6.pdf: ENOENT: no such file or directory, open '/tmp/opencouncil-docs/Feb6.pdf'
[2026-02-12T04:57:30.027Z] ❌ S3 upload failed for albany/misc/general/2019/March5.pdf: ENOENT: no such file or directory, open '/tmp/opencouncil-docs/March5.pdf'
[2026-02-12T04:57:30.065Z] ❌ S3 upload failed for albany/misc/general/2019/Feb6.pdf: ENOENT: no such file or directory, open '/tmp/opencouncil-docs/Feb6.pdf'
[2026-02-12T04:57:30.068Z] ❌ S3 upload failed for albany/misc/general/2019/Feb6.pdf: ENOENT: no such file or directory, open '/tmp/opencouncil-docs/Feb6.pdf'
[2026-02-12T04:57:30.166Z] ❌ S3 upload failed for albany/misc/general/2019/Feb6.pdf: ENOENT: no such file or directory, open '/tmp/opencouncil-docs/Feb6.pdf'
[2026-02-12T04:57:30.245Z] ❌ S3 upload failed for albany/misc/general/2019/Feb6.pdf: ENOENT: no such file or directory, open '/tmp/opencouncil-docs/Feb6.pdf'
[2026-02-12T04:57:30.889Z]    Progress: 253 uploaded, 288 skipped, 9 failed
[2026-02-12T04:57:30.893Z]    Progress: 245 uploaded, 296 skipped, 9 failed
[2026-02-12T04:57:30.924Z]    Progress: 242 uploaded, 297 skipped, 11 failed
[2026-02-12T04:57:30.933Z]    Progress: 286 uploaded, 255 skipped, 9 failed
[2026-02-12T04:57:33.555Z]    Progress: 206 uploaded, 385 skipped, 9 failed
[2026-02-12T04:57:36.195Z]    Progress: 334 uploaded, 307 skipped, 9 failed
[2026-02-12T04:57:36.202Z]    Progress: 265 uploaded, 376 skipped, 9 failed
[2026-02-12T04:57:36.209Z]    Progress: 285 uploaded, 356 skipped, 9 failed
[2026-02-12T04:57:36.214Z]    Progress: 290 uploaded, 351 skipped, 9 failed
[2026-02-12T04:57:36.216Z]    Progress: 282 uploaded, 357 skipped, 11 failed
[2026-02-12T04:57:37.995Z] ❌ S3 upload failed for albany/misc/general/2013/Feb3.pdf: ENOENT: no such file or directory, open '/tmp/opencouncil-docs/Feb3.pdf'
[2026-02-12T04:57:38.001Z] ❌ S3 upload failed for albany/misc/general/2013/Feb3.pdf: ENOENT: no such file or directory, open '/tmp/opencouncil-docs/Feb3.pdf'
[2026-02-12T04:57:38.005Z] ❌ S3 upload failed for albany/misc/general/2013/Jan27.pdf: ENOENT: no such file or directory, open '/tmp/opencouncil-docs/Jan27.pdf'
[2026-02-12T04:57:38.011Z] ❌ S3 upload failed for albany/misc/general/2013/Jan27.pdf: ENOENT: no such file or directory, open '/tmp/opencouncil-docs/Jan27.pdf'
[2026-02-12T04:57:38.035Z] ❌ S3 upload failed for albany/misc/general/2013/Feb3.pdf: ENOENT: no such file or directory, open '/tmp/opencouncil-docs/Feb3.pdf'
[2026-02-12T04:57:38.050Z] ❌ S3 upload failed for albany/misc/general/2013/Jan27.pdf: ENOENT: no such file or directory, open '/tmp/opencouncil-docs/Jan27.pdf'
[2026-02-12T04:57:38.105Z] ❌ S3 upload failed for albany/misc/general/2013/Feb3.pdf: ENOENT: no such file or directory, open '/tmp/opencouncil-docs/Feb3.pdf'
[2026-02-12T04:57:38.115Z] ❌ S3 upload failed for albany/misc/general/2013/Jan27.pdf: ENOENT: no such file or directory, open '/tmp/opencouncil-docs/Jan27.pdf'
[2026-02-12T04:57:38.124Z] ❌ S3 upload failed for albany/misc/general/2013/Feb3.pdf: ENOENT: no such file or directory, open '/tmp/opencouncil-docs/Feb3.pdf'
[2026-02-12T04:57:38.135Z] ❌ S3 upload failed for albany/misc/general/2013/Jan27.pdf: ENOENT: no such file or directory, open '/tmp/opencouncil-docs/Jan27.pdf'
[2026-02-12T04:57:38.497Z] ❌ S3 upload failed for albany/misc/general/2013/Feb3.pdf: ENOENT: no such file or directory, open '/tmp/opencouncil-docs/Feb3.pdf'
[2026-02-12T04:57:38.508Z] ❌ S3 upload failed for albany/misc/general/2013/Jan27.pdf: ENOENT: no such file or directory, open '/tmp/opencouncil-docs/Jan27.pdf'
[2026-02-12T04:57:38.651Z]    Progress: 319 uploaded, 370 skipped, 11 failed
[2026-02-12T04:57:41.269Z]    Progress: 343 uploaded, 396 skipped, 11 failed
[2026-02-12T04:57:41.813Z] ❌ S3 upload failed for albany/misc/general/2013/July23.pdf: ENOENT: no such file or directory, open '/tmp/opencouncil-docs/July23.pdf'
[2026-02-12T04:57:42.759Z] ❌ S3 upload failed for albany/misc/general/2013/March19.pdf: ENOENT: no such file or directory, open '/tmp/opencouncil-docs/March19.pdf'
[2026-02-12T04:57:42.778Z] ❌ S3 upload failed for albany/misc/general/2013/March19.pdf: ENOENT: no such file or directory, open '/tmp/opencouncil-docs/March19.pdf'
[2026-02-12T04:57:42.811Z] ❌ S3 upload failed for albany/misc/general/2013/March19.pdf: ENOENT: no such file or directory, open '/tmp/opencouncil-docs/March19.pdf'
[2026-02-12T04:57:42.931Z] ❌ S3 upload failed for albany/misc/general/2013/March19.pdf: ENOENT: no such file or directory, open '/tmp/opencouncil-docs/March19.pdf'
[2026-02-12T04:57:43.033Z] ❌ S3 upload failed for albany/misc/general/2013/March19.pdf: ENOENT: no such file or directory, open '/tmp/opencouncil-docs/March19.pdf'
[2026-02-12T04:57:43.041Z] ❌ S3 upload failed for albany/misc/general/2013/March19.pdf: ENOENT: no such file or directory, open '/tmp/opencouncil-docs/March19.pdf'
[2026-02-12T04:57:43.249Z] ❌ S3 upload failed for albany/misc/general/2013/March20.pdf: ENOENT: no such file or directory, open '/tmp/opencouncil-docs/March20.pdf'
[2026-02-12T04:57:43.254Z] ❌ S3 upload failed for albany/misc/general/2013/March20.pdf: ENOENT: no such file or directory, open '/tmp/opencouncil-docs/March20.pdf'
[2026-02-12T04:57:43.263Z] ❌ S3 upload failed for albany/misc/general/2013/March27.pdf: ENOENT: no such file or directory, open '/tmp/opencouncil-docs/March27.pdf'
[2026-02-12T04:57:43.265Z] ❌ S3 upload failed for albany/misc/general/2013/March27.pdf: ENOENT: no such file or directory, open '/tmp/opencouncil-docs/March27.pdf'
[2026-02-12T04:57:43.274Z] ❌ S3 upload failed for albany/misc/general/2013/April3.pdf: ENOENT: no such file or directory, open '/tmp/opencouncil-docs/April3.pdf'
[2026-02-12T04:57:43.276Z] ❌ S3 upload failed for albany/misc/general/2013/April3.pdf: ENOENT: no such file or directory, open '/tmp/opencouncil-docs/April3.pdf'
[2026-02-12T04:57:43.285Z] ❌ S3 upload failed for albany/misc/general/2013/April10.pdf: ENOENT: no such file or directory, open '/tmp/opencouncil-docs/April10.pdf'
[2026-02-12T04:57:43.285Z] ❌ S3 upload failed for albany/misc/general/2013/April10.pdf: ENOENT: no such file or directory, open '/tmp/opencouncil-docs/April10.pdf'
[2026-02-12T04:57:43.308Z] ❌ S3 upload failed for albany/misc/general/2013/March20.pdf: ENOENT: no such file or directory, open '/tmp/opencouncil-docs/March20.pdf'
[2026-02-12T04:57:43.323Z] ❌ S3 upload failed for albany/misc/general/2013/March27.pdf: ENOENT: no such file or directory, open '/tmp/opencouncil-docs/March27.pdf'
[2026-02-12T04:57:43.330Z] ❌ S3 upload failed for albany/misc/general/2013/May8.pdf: ENOENT: no such file or directory, open '/tmp/opencouncil-docs/May8.pdf'
[2026-02-12T04:57:43.334Z] ❌ S3 upload failed for albany/misc/general/2013/April3.pdf: ENOENT: no such file or directory, open '/tmp/opencouncil-docs/April3.pdf'
[2026-02-12T04:57:43.340Z] ❌ S3 upload failed for albany/misc/general/2013/May8.pdf: ENOENT: no such file or directory, open '/tmp/opencouncil-docs/May8.pdf'
[2026-02-12T04:57:43.342Z] ❌ S3 upload failed for albany/misc/general/2013/May22.pdf: ENOENT: no such file or directory, open '/tmp/opencouncil-docs/May22.pdf'
[2026-02-12T04:57:43.343Z] ❌ S3 upload failed for albany/misc/general/2013/April10.pdf: ENOENT: no such file or directory, open '/tmp/opencouncil-docs/April10.pdf'
[2026-02-12T04:57:43.351Z] ❌ S3 upload failed for albany/misc/general/2013/May22.pdf: ENOENT: no such file or directory, open '/tmp/opencouncil-docs/May22.pdf'
[2026-02-12T04:57:43.368Z] ❌ S3 upload failed for albany/misc/general/2013/May8.pdf: ENOENT: no such file or directory, open '/tmp/opencouncil-docs/May8.pdf'
[2026-02-12T04:57:43.379Z] ❌ S3 upload failed for albany/misc/general/2013/May22.pdf: ENOENT: no such file or directory, open '/tmp/opencouncil-docs/May22.pdf'
[2026-02-12T04:57:43.394Z] ❌ S3 upload failed for albany/misc/general/2013/June12.pdf: ENOENT: no such file or directory, open '/tmp/opencouncil-docs/June12.pdf'
[2026-02-12T04:57:43.402Z] ❌ S3 upload failed for albany/misc/general/2013/June12.pdf: ENOENT: no such file or directory, open '/tmp/opencouncil-docs/June12.pdf'
[2026-02-12T04:57:43.412Z] ❌ S3 upload failed for albany/misc/general/2013/June12.pdf: ENOENT: no such file or directory, open '/tmp/opencouncil-docs/June12.pdf'
[2026-02-12T04:57:43.505Z] ❌ S3 upload failed for albany/misc/general/2013/June26.pdf: ENOENT: no such file or directory, open '/tmp/opencouncil-docs/June26.pdf'
[2026-02-12T04:57:43.505Z]    Progress: 288 uploaded, 492 skipped, 20 failed
[2026-02-12T04:57:43.515Z] ❌ S3 upload failed for albany/misc/general/2013/June26.pdf: ENOENT: no such file or directory, open '/tmp/opencouncil-docs/June26.pdf'
[2026-02-12T04:57:43.516Z]    Progress: 395 uploaded, 385 skipped, 20 failed
[2026-02-12T04:57:43.546Z] ❌ S3 upload failed for albany/misc/general/2013/June26.pdf: ENOENT: no such file or directory, open '/tmp/opencouncil-docs/June26.pdf'
[2026-02-12T04:57:43.547Z]    Progress: 374 uploaded, 406 skipped, 20 failed
[2026-02-12T04:57:43.564Z] ❌ S3 upload failed for albany/misc/general/2013/March20.pdf: ENOENT: no such file or directory, open '/tmp/opencouncil-docs/March20.pdf'
[2026-02-12T04:57:43.567Z] ❌ S3 upload failed for albany/misc/general/2013/July10.pdf: ENOENT: no such file or directory, open '/tmp/opencouncil-docs/July10.pdf'
[2026-02-12T04:57:43.570Z] ❌ S3 upload failed for albany/misc/general/2013/July10.pdf: ENOENT: no such file or directory, open '/tmp/opencouncil-docs/July10.pdf'
[2026-02-12T04:57:43.575Z] ❌ S3 upload failed for albany/misc/general/2013/March27.pdf: ENOENT: no such file or directory, open '/tmp/opencouncil-docs/March27.pdf'
[2026-02-12T04:57:43.579Z] ❌ S3 upload failed for albany/misc/general/2013/July24.pdf: ENOENT: no such file or directory, open '/tmp/opencouncil-docs/July24.pdf'
[2026-02-12T04:57:43.581Z] ❌ S3 upload failed for albany/misc/general/2013/July24.pdf: ENOENT: no such file or directory, open '/tmp/opencouncil-docs/July24.pdf'
[2026-02-12T04:57:43.585Z] ❌ S3 upload failed for albany/misc/general/2013/April3.pdf: ENOENT: no such file or directory, open '/tmp/opencouncil-docs/April3.pdf'
[2026-02-12T04:57:43.597Z] ❌ S3 upload failed for albany/misc/general/2013/April10.pdf: ENOENT: no such file or directory, open '/tmp/opencouncil-docs/April10.pdf'
[2026-02-12T04:57:43.615Z] ❌ S3 upload failed for albany/misc/general/2013/May8.pdf: ENOENT: no such file or directory, open '/tmp/opencouncil-docs/May8.pdf'
[2026-02-12T04:57:43.625Z] ❌ S3 upload failed for albany/misc/general/2013/May22.pdf: ENOENT: no such file or directory, open '/tmp/opencouncil-docs/May22.pdf'
[2026-02-12T04:57:43.651Z] ❌ S3 upload failed for albany/misc/general/2013/June12.pdf: ENOENT: no such file or directory, open '/tmp/opencouncil-docs/June12.pdf'
[2026-02-12T04:57:43.675Z] ❌ S3 upload failed for albany/misc/general/2013/March20.pdf: ENOENT: no such file or directory, open '/tmp/opencouncil-docs/March20.pdf'
[2026-02-12T04:57:43.683Z] ❌ S3 upload failed for albany/misc/general/2013/June26.pdf: ENOENT: no such file or directory, open '/tmp/opencouncil-docs/June26.pdf'
[2026-02-12T04:57:43.684Z]    Progress: 333 uploaded, 447 skipped, 20 failed
[2026-02-12T04:57:43.686Z] ❌ S3 upload failed for albany/misc/general/2013/March27.pdf: ENOENT: no such file or directory, open '/tmp/opencouncil-docs/March27.pdf'
[2026-02-12T04:57:43.696Z] ❌ S3 upload failed for albany/misc/general/2013/April3.pdf: ENOENT: no such file or directory, open '/tmp/opencouncil-docs/April3.pdf'
[2026-02-12T04:57:43.704Z] ❌ S3 upload failed for albany/misc/general/2013/July10.pdf: ENOENT: no such file or directory, open '/tmp/opencouncil-docs/July10.pdf'
[2026-02-12T04:57:43.706Z] ❌ S3 upload failed for albany/misc/general/2013/April10.pdf: ENOENT: no such file or directory, open '/tmp/opencouncil-docs/April10.pdf'
[2026-02-12T04:57:43.715Z] ❌ S3 upload failed for albany/misc/general/2013/July24.pdf: ENOENT: no such file or directory, open '/tmp/opencouncil-docs/July24.pdf'
[2026-02-12T04:57:43.729Z] ❌ S3 upload failed for albany/misc/general/2013/May8.pdf: ENOENT: no such file or directory, open '/tmp/opencouncil-docs/May8.pdf'
[2026-02-12T04:57:43.739Z] ❌ S3 upload failed for albany/misc/general/2013/May22.pdf: ENOENT: no such file or directory, open '/tmp/opencouncil-docs/May22.pdf'
[2026-02-12T04:57:43.759Z] ❌ S3 upload failed for albany/misc/general/2013/March20.pdf: ENOENT: no such file or directory, open '/tmp/opencouncil-docs/March20.pdf'
[2026-02-12T04:57:43.763Z] ❌ S3 upload failed for albany/misc/general/2013/June12.pdf: ENOENT: no such file or directory, open '/tmp/opencouncil-docs/June12.pdf'
[2026-02-12T04:57:43.769Z] ❌ S3 upload failed for albany/misc/general/2013/March27.pdf: ENOENT: no such file or directory, open '/tmp/opencouncil-docs/March27.pdf'
[2026-02-12T04:57:43.780Z] ❌ S3 upload failed for albany/misc/general/2013/April3.pdf: ENOENT: no such file or directory, open '/tmp/opencouncil-docs/April3.pdf'
[2026-02-12T04:57:43.790Z] ❌ S3 upload failed for albany/misc/general/2013/April10.pdf: ENOENT: no such file or directory, open '/tmp/opencouncil-docs/April10.pdf'
[2026-02-12T04:57:43.792Z] ❌ S3 upload failed for albany/misc/general/2013/June26.pdf: ENOENT: no such file or directory, open '/tmp/opencouncil-docs/June26.pdf'
[2026-02-12T04:57:43.792Z]    Progress: 336 uploaded, 442 skipped, 22 failed
[2026-02-12T04:57:43.809Z] ❌ S3 upload failed for albany/misc/general/2013/Sept4.pdf: ENOENT: no such file or directory, open '/tmp/opencouncil-docs/Sept4.pdf'
[2026-02-12T04:57:43.812Z] ❌ S3 upload failed for albany/misc/general/2013/July10.pdf: ENOENT: no such file or directory, open '/tmp/opencouncil-docs/July10.pdf'
[2026-02-12T04:57:43.813Z] ❌ S3 upload failed for albany/misc/general/2013/Sept4.pdf: ENOENT: no such file or directory, open '/tmp/opencouncil-docs/Sept4.pdf'
[2026-02-12T04:57:43.813Z] ❌ S3 upload failed for albany/misc/general/2013/May8.pdf: ENOENT: no such file or directory, open '/tmp/opencouncil-docs/May8.pdf'
[2026-02-12T04:57:43.821Z] ❌ S3 upload failed for albany/misc/general/2013/Sept11.pdf: ENOENT: no such file or directory, open '/tmp/opencouncil-docs/Sept11.pdf'
[2026-02-12T04:57:43.823Z] ❌ S3 upload failed for albany/misc/general/2013/July24.pdf: ENOENT: no such file or directory, open '/tmp/opencouncil-docs/July24.pdf'
[2026-02-12T04:57:43.823Z] ❌ S3 upload failed for albany/misc/general/2013/May22.pdf: ENOENT: no such file or directory, open '/tmp/opencouncil-docs/May22.pdf'
[2026-02-12T04:57:43.823Z] ❌ S3 upload failed for albany/misc/general/2013/Sept11.pdf: ENOENT: no such file or directory, open '/tmp/opencouncil-docs/Sept11.pdf'
[2026-02-12T04:57:43.842Z] ❌ S3 upload failed for albany/misc/general/2013/June12.pdf: ENOENT: no such file or directory, open '/tmp/opencouncil-docs/June12.pdf'
[2026-02-12T04:57:43.872Z] ❌ S3 upload failed for albany/misc/general/2013/Sept25.pdf: ENOENT: no such file or directory, open '/tmp/opencouncil-docs/Sept25.pdf'
[2026-02-12T04:57:43.877Z] ❌ S3 upload failed for albany/misc/general/2013/June26.pdf: ENOENT: no such file or directory, open '/tmp/opencouncil-docs/June26.pdf'
[2026-02-12T04:57:43.877Z]    Progress: 329 uploaded, 450 skipped, 21 failed
[2026-02-12T04:57:43.882Z] ❌ S3 upload failed for albany/misc/general/2013/Sept4.pdf: ENOENT: no such file or directory, open '/tmp/opencouncil-docs/Sept4.pdf'
[2026-02-12T04:57:43.884Z] ❌ S3 upload failed for albany/misc/general/2013/Oct2.pdf: ENOENT: no such file or directory, open '/tmp/opencouncil-docs/Oct2.pdf'
[2026-02-12T04:57:43.895Z] ❌ S3 upload failed for albany/misc/general/2013/Sept11.pdf: ENOENT: no such file or directory, open '/tmp/opencouncil-docs/Sept11.pdf'
[2026-02-12T04:57:43.899Z] ❌ S3 upload failed for albany/misc/general/2013/July10.pdf: ENOENT: no such file or directory, open '/tmp/opencouncil-docs/July10.pdf'
[2026-02-12T04:57:43.912Z] ❌ S3 upload failed for albany/misc/general/2013/July24.pdf: ENOENT: no such file or directory, open '/tmp/opencouncil-docs/July24.pdf'
[2026-02-12T04:57:43.916Z] ❌ S3 upload failed for albany/misc/general/2013/Sept25.pdf: ENOENT: no such file or directory, open '/tmp/opencouncil-docs/Sept25.pdf'
[2026-02-12T04:57:43.918Z] ❌ S3 upload failed for albany/misc/general/2013/Oct9.pdf: ENOENT: no such file or directory, open '/tmp/opencouncil-docs/Oct9.pdf'
[2026-02-12T04:57:43.920Z] ❌ S3 upload failed for albany/misc/general/2013/Sept25.pdf: ENOENT: no such file or directory, open '/tmp/opencouncil-docs/Sept25.pdf'
[2026-02-12T04:57:43.927Z] ❌ S3 upload failed for albany/misc/general/2013/Oct2.pdf: ENOENT: no such file or directory, open '/tmp/opencouncil-docs/Oct2.pdf'
[2026-02-12T04:57:43.927Z] ❌ S3 upload failed for albany/misc/general/2013/Oct16.pdf: ENOENT: no such file or directory, open '/tmp/opencouncil-docs/Oct16.pdf'
[2026-02-12T04:57:43.931Z] ❌ S3 upload failed for albany/misc/general/2013/Oct2.pdf: ENOENT: no such file or directory, open '/tmp/opencouncil-docs/Oct2.pdf'
[2026-02-12T04:57:43.936Z] ❌ S3 upload failed for albany/misc/general/2013/Oct9.pdf: ENOENT: no such file or directory, open '/tmp/opencouncil-docs/Oct9.pdf'
[2026-02-12T04:57:43.937Z] ❌ S3 upload failed for albany/misc/general/2013/Oct23.pdf: ENOENT: no such file or directory, open '/tmp/opencouncil-docs/Oct23.pdf'
[2026-02-12T04:57:43.942Z] ❌ S3 upload failed for albany/misc/general/2013/Oct9.pdf: ENOENT: no such file or directory, open '/tmp/opencouncil-docs/Oct9.pdf'
[2026-02-12T04:57:43.945Z] ❌ S3 upload failed for albany/misc/general/2013/July10.pdf: ENOENT: no such file or directory, open '/tmp/opencouncil-docs/July10.pdf'
[2026-02-12T04:57:43.949Z] ❌ S3 upload failed for albany/misc/general/2013/Oct16.pdf: ENOENT: no such file or directory, open '/tmp/opencouncil-docs/Oct16.pdf'
[2026-02-12T04:57:43.952Z] ❌ S3 upload failed for albany/misc/general/2013/Oct16.pdf: ENOENT: no such file or directory, open '/tmp/opencouncil-docs/Oct16.pdf'
[2026-02-12T04:57:43.960Z] ❌ S3 upload failed for albany/misc/general/2013/Oct23.pdf: ENOENT: no such file or directory, open '/tmp/opencouncil-docs/Oct23.pdf'
[2026-02-12T04:57:43.961Z] ❌ S3 upload failed for albany/misc/general/2013/July24.pdf: ENOENT: no such file or directory, open '/tmp/opencouncil-docs/July24.pdf'
[2026-02-12T04:57:43.961Z] ❌ S3 upload failed for albany/misc/general/2013/Oct23.pdf: ENOENT: no such file or directory, open '/tmp/opencouncil-docs/Oct23.pdf'
[2026-02-12T04:57:43.977Z] ❌ S3 upload failed for albany/misc/general/2013/Sept4.pdf: ENOENT: no such file or directory, open '/tmp/opencouncil-docs/Sept4.pdf'
[2026-02-12T04:57:43.987Z] ❌ S3 upload failed for albany/misc/general/2013/Sept11.pdf: ENOENT: no such file or directory, open '/tmp/opencouncil-docs/Sept11.pdf'
[2026-02-12T04:57:44.003Z] ❌ S3 upload failed for albany/misc/general/2013/Sept4.pdf: ENOENT: no such file or directory, open '/tmp/opencouncil-docs/Sept4.pdf'
[2026-02-12T04:57:44.004Z] ❌ S3 upload failed for albany/misc/general/2013/Nov6.pdf: ENOENT: no such file or directory, open '/tmp/opencouncil-docs/Nov6.pdf'
[2026-02-12T04:57:44.011Z] ❌ S3 upload failed for albany/misc/general/2013/Sept25.pdf: ENOENT: no such file or directory, open '/tmp/opencouncil-docs/Sept25.pdf'
[2026-02-12T04:57:44.014Z] ❌ S3 upload failed for albany/misc/general/2013/Sept11.pdf: ENOENT: no such file or directory, open '/tmp/opencouncil-docs/Sept11.pdf'
[2026-02-12T04:57:44.015Z] ❌ S3 upload failed for albany/misc/general/2013/Sept4.pdf: ENOENT: no such file or directory, open '/tmp/opencouncil-docs/Sept4.pdf'
[2026-02-12T04:57:44.022Z] ❌ S3 upload failed for albany/misc/general/2013/Oct2.pdf: ENOENT: no such file or directory, open '/tmp/opencouncil-docs/Oct2.pdf'
[2026-02-12T04:57:44.026Z] ❌ S3 upload failed for albany/misc/general/2013/Sept11.pdf: ENOENT: no such file or directory, open '/tmp/opencouncil-docs/Sept11.pdf'
[2026-02-12T04:57:44.031Z] ❌ S3 upload failed for albany/misc/general/2013/Oct9.pdf: ENOENT: no such file or directory, open '/tmp/opencouncil-docs/Oct9.pdf'
[2026-02-12T04:57:44.033Z] ❌ S3 upload failed for albany/misc/general/2013/Sept25.pdf: ENOENT: no such file or directory, open '/tmp/opencouncil-docs/Sept25.pdf'
[2026-02-12T04:57:44.041Z] ❌ S3 upload failed for albany/misc/general/2013/Oct16.pdf: ENOENT: no such file or directory, open '/tmp/opencouncil-docs/Oct16.pdf'
[2026-02-12T04:57:44.044Z] ❌ S3 upload failed for albany/misc/general/2013/Oct2.pdf: ENOENT: no such file or directory, open '/tmp/opencouncil-docs/Oct2.pdf'
[2026-02-12T04:57:44.051Z] ❌ S3 upload failed for albany/misc/general/2013/Oct23.pdf: ENOENT: no such file or directory, open '/tmp/opencouncil-docs/Oct23.pdf'
[2026-02-12T04:57:44.053Z] ❌ S3 upload failed for albany/misc/general/2013/Oct9.pdf: ENOENT: no such file or directory, open '/tmp/opencouncil-docs/Oct9.pdf'
[2026-02-12T04:57:44.061Z] ❌ S3 upload failed for albany/misc/general/2013/Oct16.pdf: ENOENT: no such file or directory, open '/tmp/opencouncil-docs/Oct16.pdf'
[2026-02-12T04:57:44.073Z] ❌ S3 upload failed for albany/misc/general/2013/Oct23.pdf: ENOENT: no such file or directory, open '/tmp/opencouncil-docs/Oct23.pdf'
[2026-02-12T04:57:44.075Z] ❌ S3 upload failed for albany/misc/general/2013/Sept25.pdf: ENOENT: no such file or directory, open '/tmp/opencouncil-docs/Sept25.pdf'
[2026-02-12T04:57:44.083Z] ❌ S3 upload failed for albany/misc/general/2013/Oct2.pdf: ENOENT: no such file or directory, open '/tmp/opencouncil-docs/Oct2.pdf'
[2026-02-12T04:57:44.094Z] ❌ S3 upload failed for albany/misc/general/2013/Oct9.pdf: ENOENT: no such file or directory, open '/tmp/opencouncil-docs/Oct9.pdf'
[2026-02-12T04:57:44.106Z] ❌ S3 upload failed for albany/misc/general/2013/Oct16.pdf: ENOENT: no such file or directory, open '/tmp/opencouncil-docs/Oct16.pdf'
[2026-02-12T04:57:44.117Z] ❌ S3 upload failed for albany/misc/general/2013/Oct23.pdf: ENOENT: no such file or directory, open '/tmp/opencouncil-docs/Oct23.pdf'
[2026-02-12T04:57:44.174Z] ❌ S3 upload failed for albany/misc/general/2013/Dec11.pdf: ENOENT: no such file or directory, open '/tmp/opencouncil-docs/Dec11.pdf'
[2026-02-12T04:57:44.185Z] ❌ S3 upload failed for albany/misc/general/2013/Dec18.pdf: ENOENT: no such file or directory, open '/tmp/opencouncil-docs/Dec18.pdf'
[2026-02-12T04:57:44.194Z] ❌ S3 upload failed for albany/misc/general/unknown/Jan2.pdf: ENOENT: no such file or directory, open '/tmp/opencouncil-docs/Jan2.pdf'
[2026-02-12T04:57:44.204Z] ❌ S3 upload failed for albany/misc/general/unknown/Feb13.pdf: ENOENT: no such file or directory, open '/tmp/opencouncil-docs/Feb13.pdf'
[2026-02-12T04:57:44.207Z] ❌ S3 upload failed for albany/misc/general/2013/Dec11.pdf: ENOENT: no such file or directory, open '/tmp/opencouncil-docs/Dec11.pdf'
[2026-02-12T04:57:44.212Z] ❌ S3 upload failed for albany/misc/general/2013/Dec11.pdf: ENOENT: no such file or directory, open '/tmp/opencouncil-docs/Dec11.pdf'
[2026-02-12T04:57:44.214Z] ❌ S3 upload failed for albany/misc/general/2013/Dec11.pdf: ENOENT: no such file or directory, open '/tmp/opencouncil-docs/Dec11.pdf'
[2026-02-12T04:57:44.215Z] ❌ S3 upload failed for albany/misc/general/unknown/Jan9.pdf: ENOENT: no such file or directory, open '/tmp/opencouncil-docs/Jan9.pdf'
[2026-02-12T04:57:44.216Z] ❌ S3 upload failed for albany/misc/general/2013/Dec18.pdf: ENOENT: no such file or directory, open '/tmp/opencouncil-docs/Dec18.pdf'
[2026-02-12T04:57:44.222Z] ❌ S3 upload failed for albany/misc/general/2013/Dec18.pdf: ENOENT: no such file or directory, open '/tmp/opencouncil-docs/Dec18.pdf'
[2026-02-12T04:57:44.225Z] ❌ S3 upload failed for albany/misc/general/unknown/Feb20.pdf: ENOENT: no such file or directory, open '/tmp/opencouncil-docs/Feb20.pdf'
[2026-02-12T04:57:44.225Z] ❌ S3 upload failed for albany/misc/general/2013/Dec18.pdf: ENOENT: no such file or directory, open '/tmp/opencouncil-docs/Dec18.pdf'
[2026-02-12T04:57:44.228Z] ❌ S3 upload failed for albany/misc/general/unknown/Jan2.pdf: ENOENT: no such file or directory, open '/tmp/opencouncil-docs/Jan2.pdf'
[2026-02-12T04:57:44.232Z] ❌ S3 upload failed for albany/misc/general/unknown/Jan2.pdf: ENOENT: no such file or directory, open '/tmp/opencouncil-docs/Jan2.pdf'
[2026-02-12T04:57:44.234Z] ❌ S3 upload failed for albany/misc/general/unknown/Jan14.pdf: ENOENT: no such file or directory, open '/tmp/opencouncil-docs/Jan14.pdf'
[2026-02-12T04:57:44.236Z] ❌ S3 upload failed for albany/misc/general/unknown/Jan2.pdf: ENOENT: no such file or directory, open '/tmp/opencouncil-docs/Jan2.pdf'
[2026-02-12T04:57:44.239Z] ❌ S3 upload failed for albany/misc/general/unknown/Feb13.pdf: ENOENT: no such file or directory, open '/tmp/opencouncil-docs/Feb13.pdf'
[2026-02-12T04:57:44.242Z] ❌ S3 upload failed for albany/misc/general/unknown/Feb13.pdf: ENOENT: no such file or directory, open '/tmp/opencouncil-docs/Feb13.pdf'
[2026-02-12T04:57:44.245Z] ❌ S3 upload failed for albany/misc/general/unknown/Feb13.pdf: ENOENT: no such file or directory, open '/tmp/opencouncil-docs/Feb13.pdf'
[2026-02-12T04:57:44.251Z] ❌ S3 upload failed for albany/misc/general/unknown/Jan9.pdf: ENOENT: no such file or directory, open '/tmp/opencouncil-docs/Jan9.pdf'
[2026-02-12T04:57:44.254Z] ❌ S3 upload failed for albany/misc/general/unknown/Jan9.pdf: ENOENT: no such file or directory, open '/tmp/opencouncil-docs/Jan9.pdf'
[2026-02-12T04:57:44.261Z] ❌ S3 upload failed for albany/misc/general/unknown/Jan9.pdf: ENOENT: no such file or directory, open '/tmp/opencouncil-docs/Jan9.pdf'
[2026-02-12T04:57:44.262Z] ❌ S3 upload failed for albany/misc/general/unknown/Feb20.pdf: ENOENT: no such file or directory, open '/tmp/opencouncil-docs/Feb20.pdf'
[2026-02-12T04:57:44.264Z] ❌ S3 upload failed for albany/misc/general/unknown/Feb20.pdf: ENOENT: no such file or directory, open '/tmp/opencouncil-docs/Feb20.pdf'
[2026-02-12T04:57:44.272Z] ❌ S3 upload failed for albany/misc/general/unknown/Feb20.pdf: ENOENT: no such file or directory, open '/tmp/opencouncil-docs/Feb20.pdf'
[2026-02-12T04:57:44.273Z] ❌ S3 upload failed for albany/misc/general/unknown/Jan14.pdf: ENOENT: no such file or directory, open '/tmp/opencouncil-docs/Jan14.pdf'
[2026-02-12T04:57:44.275Z] ❌ S3 upload failed for albany/misc/general/unknown/Jan14.pdf: ENOENT: no such file or directory, open '/tmp/opencouncil-docs/Jan14.pdf'
[2026-02-12T04:57:44.281Z] ❌ S3 upload failed for albany/misc/general/unknown/Jan14.pdf: ENOENT: no such file or directory, open '/tmp/opencouncil-docs/Jan14.pdf'
[2026-02-12T04:57:44.320Z] ❌ S3 upload failed for albany/misc/general/unknown/Jan23.pdf: ENOENT: no such file or directory, open '/tmp/opencouncil-docs/Jan23.pdf'
[2026-02-12T04:57:44.328Z] ❌ S3 upload failed for albany/misc/general/unknown/Jan23.pdf: ENOENT: no such file or directory, open '/tmp/opencouncil-docs/Jan23.pdf'
[2026-02-12T04:57:44.328Z] ❌ S3 upload failed for albany/misc/general/unknown/Jan23.pdf: ENOENT: no such file or directory, open '/tmp/opencouncil-docs/Jan23.pdf'
[2026-02-12T04:57:44.340Z] ❌ S3 upload failed for albany/misc/general/unknown/Jan23.pdf: ENOENT: no such file or directory, open '/tmp/opencouncil-docs/Jan23.pdf'
[2026-02-12T04:57:44.341Z] ❌ S3 upload failed for albany/misc/general/2013/Dec11.pdf: ENOENT: no such file or directory, open '/tmp/opencouncil-docs/Dec11.pdf'
[2026-02-12T04:57:44.354Z] ❌ S3 upload failed for albany/misc/general/2013/Dec18.pdf: ENOENT: no such file or directory, open '/tmp/opencouncil-docs/Dec18.pdf'
[2026-02-12T04:57:44.364Z] ❌ S3 upload failed for albany/misc/general/unknown/Jan2.pdf: ENOENT: no such file or directory, open '/tmp/opencouncil-docs/Jan2.pdf'
[2026-02-12T04:57:44.365Z] ❌ S3 upload failed for albany/misc/general/unknown/Jan28.pdf: ENOENT: no such file or directory, open '/tmp/opencouncil-docs/Jan28.pdf'
[2026-02-12T04:57:44.372Z] ❌ S3 upload failed for albany/misc/general/unknown/Feb13.pdf: ENOENT: no such file or directory, open '/tmp/opencouncil-docs/Feb13.pdf'
[2026-02-12T04:57:44.376Z] ❌ S3 upload failed for albany/misc/general/unknown/Feb6.pdf: ENOENT: no such file or directory, open '/tmp/opencouncil-docs/Feb6.pdf'
[2026-02-12T04:57:44.380Z] ❌ S3 upload failed for albany/misc/general/unknown/Jan28.pdf: ENOENT: no such file or directory, open '/tmp/opencouncil-docs/Jan28.pdf'
[2026-02-12T04:57:44.383Z] ❌ S3 upload failed for albany/misc/general/unknown/Jan9.pdf: ENOENT: no such file or directory, open '/tmp/opencouncil-docs/Jan9.pdf'
[2026-02-12T04:57:44.389Z] ❌ S3 upload failed for albany/misc/general/unknown/Sept26.pdf: ENOENT: no such file or directory, open '/tmp/opencouncil-docs/Sept26.pdf'
[2026-02-12T04:57:44.391Z] ❌ S3 upload failed for albany/misc/general/unknown/Feb6.pdf: ENOENT: no such file or directory, open '/tmp/opencouncil-docs/Feb6.pdf'
[2026-02-12T04:57:44.392Z] ❌ S3 upload failed for albany/misc/general/unknown/Feb20.pdf: ENOENT: no such file or directory, open '/tmp/opencouncil-docs/Feb20.pdf'
[2026-02-12T04:57:44.394Z] ❌ S3 upload failed for albany/misc/general/2013/Dec11.pdf: ENOENT: no such file or directory, open '/tmp/opencouncil-docs/Dec11.pdf'
[2026-02-12T04:57:44.397Z] ❌ S3 upload failed for albany/misc/general/unknown/Jan28.pdf: ENOENT: no such file or directory, open '/tmp/opencouncil-docs/Jan28.pdf'
[2026-02-12T04:57:44.400Z] ❌ S3 upload failed for albany/misc/general/unknown/Nov14.pdf: ENOENT: no such file or directory, open '/tmp/opencouncil-docs/Nov14.pdf'
[2026-02-12T04:57:44.400Z] ❌ S3 upload failed for albany/misc/general/unknown/Sept26.pdf: ENOENT: no such file or directory, open '/tmp/opencouncil-docs/Sept26.pdf'
[2026-02-12T04:57:44.402Z] ❌ S3 upload failed for albany/misc/general/unknown/Jan14.pdf: ENOENT: no such file or directory, open '/tmp/opencouncil-docs/Jan14.pdf'
[2026-02-12T04:57:44.403Z] ❌ S3 upload failed for albany/misc/general/2013/Dec18.pdf: ENOENT: no such file or directory, open '/tmp/opencouncil-docs/Dec18.pdf'
[2026-02-12T04:57:44.408Z] ❌ S3 upload failed for albany/misc/general/unknown/Feb6.pdf: ENOENT: no such file or directory, open '/tmp/opencouncil-docs/Feb6.pdf'
[2026-02-12T04:57:44.409Z] ❌ S3 upload failed for albany/misc/general/unknown/Oct3.pdf: ENOENT: no such file or directory, open '/tmp/opencouncil-docs/Oct3.pdf'
[2026-02-12T04:57:44.410Z] ❌ S3 upload failed for albany/misc/general/unknown/Nov14.pdf: ENOENT: no such file or directory, open '/tmp/opencouncil-docs/Nov14.pdf'
[2026-02-12T04:57:44.415Z] ❌ S3 upload failed for albany/misc/general/unknown/Jan2.pdf: ENOENT: no such file or directory, open '/tmp/opencouncil-docs/Jan2.pdf'
[2026-02-12T04:57:44.418Z] ❌ S3 upload failed for albany/misc/general/unknown/Sept26.pdf: ENOENT: no such file or directory, open '/tmp/opencouncil-docs/Sept26.pdf'
[2026-02-12T04:57:44.420Z] ❌ S3 upload failed for albany/misc/general/unknown/Oct3.pdf: ENOENT: no such file or directory, open '/tmp/opencouncil-docs/Oct3.pdf'
[2026-02-12T04:57:44.422Z] ❌ S3 upload failed for albany/misc/general/unknown/Nov28.pdf: ENOENT: no such file or directory, open '/tmp/opencouncil-docs/Nov28.pdf'
[2026-02-12T04:57:44.423Z] ❌ S3 upload failed for albany/misc/general/unknown/Jan23.pdf: ENOENT: no such file or directory, open '/tmp/opencouncil-docs/Jan23.pdf'
[2026-02-12T04:57:44.424Z] ❌ S3 upload failed for albany/misc/general/unknown/Feb13.pdf: ENOENT: no such file or directory, open '/tmp/opencouncil-docs/Feb13.pdf'
[2026-02-12T04:57:44.427Z] ❌ S3 upload failed for albany/misc/general/unknown/Nov14.pdf: ENOENT: no such file or directory, open '/tmp/opencouncil-docs/Nov14.pdf'
[2026-02-12T04:57:44.430Z] ❌ S3 upload failed for albany/misc/general/unknown/Nov28.pdf: ENOENT: no such file or directory, open '/tmp/opencouncil-docs/Nov28.pdf'
[2026-02-12T04:57:44.432Z] ❌ S3 upload failed for albany/misc/general/unknown/Oct10.pdf: ENOENT: no such file or directory, open '/tmp/opencouncil-docs/Oct10.pdf'
[2026-02-12T04:57:44.434Z] ❌ S3 upload failed for albany/misc/general/unknown/Jan9.pdf: ENOENT: no such file or directory, open '/tmp/opencouncil-docs/Jan9.pdf'
[2026-02-12T04:57:44.438Z] ❌ S3 upload failed for albany/misc/general/unknown/Oct3.pdf: ENOENT: no such file or directory, open '/tmp/opencouncil-docs/Oct3.pdf'
[2026-02-12T04:57:44.439Z] ❌ S3 upload failed for albany/misc/general/unknown/Oct10.pdf: ENOENT: no such file or directory, open '/tmp/opencouncil-docs/Oct10.pdf'
[2026-02-12T04:57:44.443Z] ❌ S3 upload failed for albany/misc/general/unknown/Dec5.pdf: ENOENT: no such file or directory, open '/tmp/opencouncil-docs/Dec5.pdf'
[2026-02-12T04:57:44.444Z] ❌ S3 upload failed for albany/misc/general/unknown/Feb20.pdf: ENOENT: no such file or directory, open '/tmp/opencouncil-docs/Feb20.pdf'
[2026-02-12T04:57:44.447Z] ❌ S3 upload failed for albany/misc/general/unknown/Jan28.pdf: ENOENT: no such file or directory, open '/tmp/opencouncil-docs/Jan28.pdf'
[2026-02-12T04:57:44.448Z] ❌ S3 upload failed for albany/misc/general/unknown/Nov28.pdf: ENOENT: no such file or directory, open '/tmp/opencouncil-docs/Nov28.pdf'
[2026-02-12T04:57:44.449Z] ❌ S3 upload failed for albany/misc/general/unknown/Dec5.pdf: ENOENT: no such file or directory, open '/tmp/opencouncil-docs/Dec5.pdf'
[2026-02-12T04:57:44.454Z] ❌ S3 upload failed for albany/misc/general/unknown/Oct17.pdf: ENOENT: no such file or directory, open '/tmp/opencouncil-docs/Oct17.pdf'
[2026-02-12T04:57:44.454Z] ❌ S3 upload failed for albany/misc/general/unknown/Jan14.pdf: ENOENT: no such file or directory, open '/tmp/opencouncil-docs/Jan14.pdf'
[2026-02-12T04:57:44.454Z] ❌ S3 upload failed for albany/misc/general/unknown/Feb6.pdf: ENOENT: no such file or directory, open '/tmp/opencouncil-docs/Feb6.pdf'
[2026-02-12T04:57:44.459Z] ❌ S3 upload failed for albany/misc/general/unknown/Oct17.pdf: ENOENT: no such file or directory, open '/tmp/opencouncil-docs/Oct17.pdf'
[2026-02-12T04:57:44.460Z] ❌ S3 upload failed for albany/misc/general/unknown/Oct10.pdf: ENOENT: no such file or directory, open '/tmp/opencouncil-docs/Oct10.pdf'
[2026-02-12T04:57:44.461Z] ❌ S3 upload failed for albany/misc/general/unknown/Dec12.pdf: ENOENT: no such file or directory, open '/tmp/opencouncil-docs/Dec12.pdf'
[2026-02-12T04:57:44.466Z] ❌ S3 upload failed for albany/misc/general/unknown/Sept26.pdf: ENOENT: no such file or directory, open '/tmp/opencouncil-docs/Sept26.pdf'
[2026-02-12T04:57:44.470Z] ❌ S3 upload failed for albany/misc/general/unknown/Dec5.pdf: ENOENT: no such file or directory, open '/tmp/opencouncil-docs/Dec5.pdf'
[2026-02-12T04:57:44.471Z] ❌ S3 upload failed for albany/misc/general/unknown/Dec12.pdf: ENOENT: no such file or directory, open '/tmp/opencouncil-docs/Dec12.pdf'
[2026-02-12T04:57:44.474Z] ❌ S3 upload failed for albany/misc/general/unknown/Jan23.pdf: ENOENT: no such file or directory, open '/tmp/opencouncil-docs/Jan23.pdf'
[2026-02-12T04:57:44.475Z] ❌ S3 upload failed for albany/misc/general/unknown/Oct24.pdf: ENOENT: no such file or directory, open '/tmp/opencouncil-docs/Oct24.pdf'
[2026-02-12T04:57:44.479Z] ❌ S3 upload failed for albany/misc/general/unknown/Nov14.pdf: ENOENT: no such file or directory, open '/tmp/opencouncil-docs/Nov14.pdf'
[2026-02-12T04:57:44.480Z] ❌ S3 upload failed for albany/misc/general/unknown/Oct24.pdf: ENOENT: no such file or directory, open '/tmp/opencouncil-docs/Oct24.pdf'
[2026-02-12T04:57:44.481Z] ❌ S3 upload failed for albany/misc/general/unknown/Oct17.pdf: ENOENT: no such file or directory, open '/tmp/opencouncil-docs/Oct17.pdf'
[2026-02-12T04:57:44.489Z] ❌ S3 upload failed for albany/misc/general/unknown/Oct3.pdf: ENOENT: no such file or directory, open '/tmp/opencouncil-docs/Oct3.pdf'
[2026-02-12T04:57:44.489Z] ❌ S3 upload failed for albany/misc/general/unknown/Dec12.pdf: ENOENT: no such file or directory, open '/tmp/opencouncil-docs/Dec12.pdf'
[2026-02-12T04:57:44.496Z] ❌ S3 upload failed for albany/misc/general/unknown/Nov28.pdf: ENOENT: no such file or directory, open '/tmp/opencouncil-docs/Nov28.pdf'
[2026-02-12T04:57:44.498Z] ❌ S3 upload failed for albany/misc/general/unknown/Jan28.pdf: ENOENT: no such file or directory, open '/tmp/opencouncil-docs/Jan28.pdf'
[2026-02-12T04:57:44.501Z] ❌ S3 upload failed for albany/misc/general/unknown/Oct24.pdf: ENOENT: no such file or directory, open '/tmp/opencouncil-docs/Oct24.pdf'
[2026-02-12T04:57:44.507Z] ❌ S3 upload failed for albany/misc/general/unknown/Oct10.pdf: ENOENT: no such file or directory, open '/tmp/opencouncil-docs/Oct10.pdf'
[2026-02-12T04:57:44.508Z] ❌ S3 upload failed for albany/misc/general/unknown/Feb6.pdf: ENOENT: no such file or directory, open '/tmp/opencouncil-docs/Feb6.pdf'
[2026-02-12T04:57:44.517Z] ❌ S3 upload failed for albany/misc/general/unknown/Sept26.pdf: ENOENT: no such file or directory, open '/tmp/opencouncil-docs/Sept26.pdf'
[2026-02-12T04:57:44.517Z] ❌ S3 upload failed for albany/misc/general/unknown/Dec5.pdf: ENOENT: no such file or directory, open '/tmp/opencouncil-docs/Dec5.pdf'
[2026-02-12T04:57:44.527Z] ❌ S3 upload failed for albany/misc/general/unknown/Oct17.pdf: ENOENT: no such file or directory, open '/tmp/opencouncil-docs/Oct17.pdf'
[2026-02-12T04:57:44.528Z] ❌ S3 upload failed for albany/misc/general/unknown/Nov14.pdf: ENOENT: no such file or directory, open '/tmp/opencouncil-docs/Nov14.pdf'
[2026-02-12T04:57:44.531Z] ❌ S3 upload failed for albany/misc/general/unknown/Nov7.pdf: ENOENT: no such file or directory, open '/tmp/opencouncil-docs/Nov7.pdf'
[2026-02-12T04:57:44.537Z] ❌ S3 upload failed for albany/misc/general/unknown/Oct3.pdf: ENOENT: no such file or directory, open '/tmp/opencouncil-docs/Oct3.pdf'
[2026-02-12T04:57:44.537Z] ❌ S3 upload failed for albany/misc/general/unknown/Dec12.pdf: ENOENT: no such file or directory, open '/tmp/opencouncil-docs/Dec12.pdf'
[2026-02-12T04:57:44.549Z] ❌ S3 upload failed for albany/misc/general/unknown/Oct24.pdf: ENOENT: no such file or directory, open '/tmp/opencouncil-docs/Oct24.pdf'
[2026-02-12T04:57:44.549Z] ❌ S3 upload failed for albany/misc/general/unknown/Nov28.pdf: ENOENT: no such file or directory, open '/tmp/opencouncil-docs/Nov28.pdf'
[2026-02-12T04:57:44.559Z] ❌ S3 upload failed for albany/misc/general/unknown/Oct10.pdf: ENOENT: no such file or directory, open '/tmp/opencouncil-docs/Oct10.pdf'
[2026-02-12T04:57:44.568Z] ❌ S3 upload failed for albany/misc/general/unknown/Nov7.pdf: ENOENT: no such file or directory, open '/tmp/opencouncil-docs/Nov7.pdf'
[2026-02-12T04:57:44.569Z] ❌ S3 upload failed for albany/misc/general/unknown/Dec5.pdf: ENOENT: no such file or directory, open '/tmp/opencouncil-docs/Dec5.pdf'
[2026-02-12T04:57:44.571Z] ❌ S3 upload failed for albany/misc/general/unknown/Nov7.pdf: ENOENT: no such file or directory, open '/tmp/opencouncil-docs/Nov7.pdf'
[2026-02-12T04:57:44.579Z] ❌ S3 upload failed for albany/misc/general/unknown/Oct17.pdf: ENOENT: no such file or directory, open '/tmp/opencouncil-docs/Oct17.pdf'
[2026-02-12T04:57:44.585Z] ❌ S3 upload failed for albany/misc/general/unknown/Nov7.pdf: ENOENT: no such file or directory, open '/tmp/opencouncil-docs/Nov7.pdf'
[2026-02-12T04:57:44.589Z] ❌ S3 upload failed for albany/misc/general/unknown/Dec12.pdf: ENOENT: no such file or directory, open '/tmp/opencouncil-docs/Dec12.pdf'
[2026-02-12T04:57:44.597Z] ❌ S3 upload failed for albany/misc/general/unknown/Oct24.pdf: ENOENT: no such file or directory, open '/tmp/opencouncil-docs/Oct24.pdf'
[2026-02-12T04:57:44.619Z] ❌ S3 upload failed for albany/misc/general/unknown/Nov7.pdf: ENOENT: no such file or directory, open '/tmp/opencouncil-docs/Nov7.pdf'
[2026-02-12T04:57:44.635Z] ❌ S3 upload failed for albany/misc/general/unknown/Jan28.pdf: ENOENT: no such file or directory, open '/tmp/opencouncil-docs/Jan28.pdf'
[2026-02-12T04:57:44.646Z] ❌ S3 upload failed for albany/misc/general/unknown/Feb6.pdf: ENOENT: no such file or directory, open '/tmp/opencouncil-docs/Feb6.pdf'
[2026-02-12T04:57:44.658Z] ❌ S3 upload failed for albany/misc/general/unknown/Sept26.pdf: ENOENT: no such file or directory, open '/tmp/opencouncil-docs/Sept26.pdf'
[2026-02-12T04:57:44.668Z] ❌ S3 upload failed for albany/misc/general/unknown/Nov14.pdf: ENOENT: no such file or directory, open '/tmp/opencouncil-docs/Nov14.pdf'
[2026-02-12T04:57:44.723Z] ❌ S3 upload failed for albany/misc/general/unknown/Oct3.pdf: ENOENT: no such file or directory, open '/tmp/opencouncil-docs/Oct3.pdf'
[2026-02-12T04:57:44.739Z] ❌ S3 upload failed for albany/misc/general/unknown/Nov28.pdf: ENOENT: no such file or directory, open '/tmp/opencouncil-docs/Nov28.pdf'
[2026-02-12T04:57:44.741Z] ❌ S3 upload failed for albany/misc/general/unknown/Aug22.pdf: ENOENT: no such file or directory, open '/tmp/opencouncil-docs/Aug22.pdf'
[2026-02-12T04:57:44.741Z] ❌ S3 upload failed for albany/misc/general/unknown/Aug22.pdf: ENOENT: no such file or directory, open '/tmp/opencouncil-docs/Aug22.pdf'
[2026-02-12T04:57:44.744Z] ❌ S3 upload failed for albany/misc/general/unknown/Aug22.pdf: ENOENT: no such file or directory, open '/tmp/opencouncil-docs/Aug22.pdf'
[2026-02-12T04:57:44.752Z] ❌ S3 upload failed for albany/misc/general/unknown/Oct10.pdf: ENOENT: no such file or directory, open '/tmp/opencouncil-docs/Oct10.pdf'
[2026-02-12T04:57:44.765Z] ❌ S3 upload failed for albany/misc/general/unknown/Dec5.pdf: ENOENT: no such file or directory, open '/tmp/opencouncil-docs/Dec5.pdf'
[2026-02-12T04:57:44.777Z] ❌ S3 upload failed for albany/misc/general/unknown/Oct17.pdf: ENOENT: no such file or directory, open '/tmp/opencouncil-docs/Oct17.pdf'
[2026-02-12T04:57:44.786Z] ❌ S3 upload failed for albany/misc/general/unknown/Sept5.pdf: ENOENT: no such file or directory, open '/tmp/opencouncil-docs/Sept5.pdf'
[2026-02-12T04:57:44.789Z] ❌ S3 upload failed for albany/misc/general/unknown/Dec12.pdf: ENOENT: no such file or directory, open '/tmp/opencouncil-docs/Dec12.pdf'
[2026-02-12T04:57:44.803Z] ❌ S3 upload failed for albany/misc/general/unknown/Oct24.pdf: ENOENT: no such file or directory, open '/tmp/opencouncil-docs/Oct24.pdf'
[2026-02-12T04:57:44.806Z] ❌ S3 upload failed for albany/misc/general/unknown/Sept5.pdf: ENOENT: no such file or directory, open '/tmp/opencouncil-docs/Sept5.pdf'
[2026-02-12T04:57:44.827Z] ❌ S3 upload failed for albany/misc/general/unknown/Nov7.pdf: ENOENT: no such file or directory, open '/tmp/opencouncil-docs/Nov7.pdf'
[2026-02-12T04:57:44.873Z] ❌ S3 upload failed for albany/misc/general/unknown/Aug22.pdf: ENOENT: no such file or directory, open '/tmp/opencouncil-docs/Aug22.pdf'
[2026-02-12T04:57:44.876Z]    Progress: 349 uploaded, 448 skipped, 53 failed
[2026-02-12T04:57:44.896Z] ❌ S3 upload failed for albany/misc/general/unknown/Sept5.pdf: ENOENT: no such file or directory, open '/tmp/opencouncil-docs/Sept5.pdf'
[2026-02-12T04:57:44.899Z]    Progress: 407 uploaded, 392 skipped, 51 failed
[2026-02-12T04:57:44.914Z] ❌ S3 upload failed for albany/misc/general/unknown/Aug22.pdf: ENOENT: no such file or directory, open '/tmp/opencouncil-docs/Aug22.pdf'
[2026-02-12T04:57:44.921Z] ❌ S3 upload failed for albany/misc/general/unknown/Aug22.pdf: ENOENT: no such file or directory, open '/tmp/opencouncil-docs/Aug22.pdf'
[2026-02-12T04:57:44.934Z] ❌ S3 upload failed for albany/misc/general/unknown/Sept12.pdf: ENOENT: no such file or directory, open '/tmp/opencouncil-docs/Sept12.pdf'
[2026-02-12T04:57:44.935Z] ❌ S3 upload failed for albany/misc/general/unknown/Sept5.pdf: ENOENT: no such file or directory, open '/tmp/opencouncil-docs/Sept5.pdf'
[2026-02-12T04:57:44.939Z] ❌ S3 upload failed for albany/misc/general/unknown/Sept12.pdf: ENOENT: no such file or directory, open '/tmp/opencouncil-docs/Sept12.pdf'
[2026-02-12T04:57:44.954Z] ❌ S3 upload failed for albany/misc/general/unknown/Sept5.pdf: ENOENT: no such file or directory, open '/tmp/opencouncil-docs/Sept5.pdf'
[2026-02-12T04:57:44.962Z] ❌ S3 upload failed for albany/misc/general/unknown/Sept12.pdf: ENOENT: no such file or directory, open '/tmp/opencouncil-docs/Sept12.pdf'
[2026-02-12T04:57:44.984Z] ❌ S3 upload failed for albany/misc/general/unknown/Sept12.pdf: ENOENT: no such file or directory, open '/tmp/opencouncil-docs/Sept12.pdf'
[2026-02-12T04:57:45.000Z] ❌ S3 upload failed for albany/misc/general/unknown/Sept19.pdf: ENOENT: no such file or directory, open '/tmp/opencouncil-docs/Sept19.pdf'
[2026-02-12T04:57:45.001Z] ❌ S3 upload failed for albany/misc/general/unknown/Sept12.pdf: ENOENT: no such file or directory, open '/tmp/opencouncil-docs/Sept12.pdf'
[2026-02-12T04:57:45.007Z] ❌ S3 upload failed for albany/misc/general/unknown/Sept19.pdf: ENOENT: no such file or directory, open '/tmp/opencouncil-docs/Sept19.pdf'
[2026-02-12T04:57:45.011Z] ❌ S3 upload failed for albany/misc/general/unknown/April18.pdf: ENOENT: no such file or directory, open '/tmp/opencouncil-docs/April18.pdf'
[2026-02-12T04:57:45.020Z] ❌ S3 upload failed for albany/misc/general/unknown/April18.pdf: ENOENT: no such file or directory, open '/tmp/opencouncil-docs/April18.pdf'
[2026-02-12T04:57:45.027Z] ❌ S3 upload failed for albany/misc/general/unknown/Sept19.pdf: ENOENT: no such file or directory, open '/tmp/opencouncil-docs/Sept19.pdf'
[2026-02-12T04:57:45.033Z] ❌ S3 upload failed for albany/misc/general/unknown/Sept19.pdf: ENOENT: no such file or directory, open '/tmp/opencouncil-docs/Sept19.pdf'
[2026-02-12T04:57:45.039Z] ❌ S3 upload failed for albany/misc/general/unknown/April18.pdf: ENOENT: no such file or directory, open '/tmp/opencouncil-docs/April18.pdf'
[2026-02-12T04:57:45.042Z] ❌ S3 upload failed for albany/misc/general/unknown/April18.pdf: ENOENT: no such file or directory, open '/tmp/opencouncil-docs/April18.pdf'
[2026-02-12T04:57:45.074Z] ❌ S3 upload failed for albany/misc/general/unknown/April25.pdf: ENOENT: no such file or directory, open '/tmp/opencouncil-docs/April25.pdf'
[2026-02-12T04:57:45.088Z] ❌ S3 upload failed for albany/misc/general/unknown/April25.pdf: ENOENT: no such file or directory, open '/tmp/opencouncil-docs/April25.pdf'
[2026-02-12T04:57:45.133Z] ❌ S3 upload failed for albany/misc/general/unknown/May2.pdf: ENOENT: no such file or directory, open '/tmp/opencouncil-docs/May2.pdf'
[2026-02-12T04:57:45.218Z] ❌ S3 upload failed for albany/misc/general/unknown/May9.pdf: ENOENT: no such file or directory, open '/tmp/opencouncil-docs/May9.pdf'
[2026-02-12T04:57:45.291Z] ❌ S3 upload failed for albany/misc/general/unknown/May16.pdf: ENOENT: no such file or directory, open '/tmp/opencouncil-docs/May16.pdf'
[2026-02-12T04:57:45.300Z] ❌ S3 upload failed for albany/misc/general/unknown/July11.pdf: ENOENT: no such file or directory, open '/tmp/opencouncil-docs/July11.pdf'
[2026-02-12T04:57:45.307Z] ❌ S3 upload failed for albany/misc/general/unknown/Sept5.pdf: ENOENT: no such file or directory, open '/tmp/opencouncil-docs/Sept5.pdf'
[2026-02-12T04:57:45.314Z] ❌ S3 upload failed for albany/misc/general/unknown/May23.pdf: ENOENT: no such file or directory, open '/tmp/opencouncil-docs/May23.pdf'
[2026-02-12T04:57:45.324Z] ❌ S3 upload failed for albany/misc/general/unknown/July25.pdf: ENOENT: no such file or directory, open '/tmp/opencouncil-docs/July25.pdf'
[2026-02-12T04:57:45.351Z] ❌ S3 upload failed for albany/misc/general/unknown/Sept12.pdf: ENOENT: no such file or directory, open '/tmp/opencouncil-docs/Sept12.pdf'
[2026-02-12T04:57:45.375Z] ❌ S3 upload failed for albany/misc/general/unknown/Sept19.pdf: ENOENT: no such file or directory, open '/tmp/opencouncil-docs/Sept19.pdf'
[2026-02-12T04:57:45.386Z] ❌ S3 upload failed for albany/misc/general/unknown/April18.pdf: ENOENT: no such file or directory, open '/tmp/opencouncil-docs/April18.pdf'
[2026-02-12T04:57:45.394Z] ❌ S3 upload failed for albany/misc/general/unknown/Feb15.pdf: ENOENT: no such file or directory, open '/tmp/opencouncil-docs/Feb15.pdf'
[2026-02-12T04:57:45.408Z] ❌ S3 upload failed for albany/misc/general/unknown/April25.pdf: ENOENT: no such file or directory, open '/tmp/opencouncil-docs/April25.pdf'
[2026-02-12T04:57:45.431Z] ❌ S3 upload failed for albany/misc/general/unknown/May2.pdf: ENOENT: no such file or directory, open '/tmp/opencouncil-docs/May2.pdf'
[2026-02-12T04:57:45.455Z] ❌ S3 upload failed for albany/misc/general/unknown/May9.pdf: ENOENT: no such file or directory, open '/tmp/opencouncil-docs/May9.pdf'
[2026-02-12T04:57:45.476Z] ❌ S3 upload failed for albany/misc/general/unknown/May16.pdf: ENOENT: no such file or directory, open '/tmp/opencouncil-docs/May16.pdf'
[2026-02-12T04:57:45.486Z] ❌ S3 upload failed for albany/misc/general/unknown/July11.pdf: ENOENT: no such file or directory, open '/tmp/opencouncil-docs/July11.pdf'
[2026-02-12T04:57:45.494Z] ❌ S3 upload failed for albany/misc/general/unknown/May23.pdf: ENOENT: no such file or directory, open '/tmp/opencouncil-docs/May23.pdf'
[2026-02-12T04:57:45.504Z] ❌ S3 upload failed for albany/misc/general/unknown/July25.pdf: ENOENT: no such file or directory, open '/tmp/opencouncil-docs/July25.pdf'
[2026-02-12T04:57:45.520Z] ❌ S3 upload failed for albany/misc/general/unknown/March21.pdf: ENOENT: no such file or directory, open '/tmp/opencouncil-docs/March21.pdf'
[2026-02-12T04:57:45.531Z] ❌ S3 upload failed for albany/misc/general/unknown/Feb15.pdf: ENOENT: no such file or directory, open '/tmp/opencouncil-docs/Feb15.pdf'
[2026-02-12T04:57:45.535Z] ❌ S3 upload failed for albany/misc/general/unknown/April25.pdf: ENOENT: no such file or directory, open '/tmp/opencouncil-docs/April25.pdf'
[2026-02-12T04:57:45.555Z] ❌ S3 upload failed for albany/misc/general/unknown/Sept19.pdf: ENOENT: no such file or directory, open '/tmp/opencouncil-docs/Sept19.pdf'
[2026-02-12T04:57:45.555Z] ❌ S3 upload failed for albany/misc/general/unknown/May2.pdf: ENOENT: no such file or directory, open '/tmp/opencouncil-docs/May2.pdf'
[2026-02-12T04:57:45.566Z] ❌ S3 upload failed for albany/misc/general/unknown/April18.pdf: ENOENT: no such file or directory, open '/tmp/opencouncil-docs/April18.pdf'
[2026-02-12T04:57:45.571Z] ❌ S3 upload failed for albany/misc/general/unknown/March21.pdf: ENOENT: no such file or directory, open '/tmp/opencouncil-docs/March21.pdf'
[2026-02-12T04:57:45.586Z] ❌ S3 upload failed for albany/misc/general/unknown/May9.pdf: ENOENT: no such file or directory, open '/tmp/opencouncil-docs/May9.pdf'
[2026-02-12T04:57:45.588Z] ❌ S3 upload failed for albany/misc/general/unknown/April25.pdf: ENOENT: no such file or directory, open '/tmp/opencouncil-docs/April25.pdf'
[2026-02-12T04:57:45.600Z] ❌ S3 upload failed for albany/misc/general/unknown/April25.pdf: ENOENT: no such file or directory, open '/tmp/opencouncil-docs/April25.pdf'
[2026-02-12T04:57:45.606Z] ❌ S3 upload failed for albany/misc/general/unknown/May16.pdf: ENOENT: no such file or directory, open '/tmp/opencouncil-docs/May16.pdf'
[2026-02-12T04:57:45.609Z] ❌ S3 upload failed for albany/misc/general/unknown/May2.pdf: ENOENT: no such file or directory, open '/tmp/opencouncil-docs/May2.pdf'
[2026-02-12T04:57:45.617Z] ❌ S3 upload failed for albany/misc/general/unknown/July11.pdf: ENOENT: no such file or directory, open '/tmp/opencouncil-docs/July11.pdf'
[2026-02-12T04:57:45.619Z] ❌ S3 upload failed for albany/misc/general/unknown/May2.pdf: ENOENT: no such file or directory, open '/tmp/opencouncil-docs/May2.pdf'
[2026-02-12T04:57:45.623Z] ❌ S3 upload failed for albany/misc/general/unknown/March7.pdf: ENOENT: no such file or directory, open '/tmp/opencouncil-docs/March7.pdf'
[2026-02-12T04:57:45.629Z] ❌ S3 upload failed for albany/misc/general/unknown/May23.pdf: ENOENT: no such file or directory, open '/tmp/opencouncil-docs/May23.pdf'
[2026-02-12T04:57:45.630Z] ❌ S3 upload failed for albany/misc/general/unknown/May9.pdf: ENOENT: no such file or directory, open '/tmp/opencouncil-docs/May9.pdf'
[2026-02-12T04:57:45.631Z] ❌ S3 upload failed for albany/misc/general/unknown/April4.pdf: ENOENT: no such file or directory, open '/tmp/opencouncil-docs/April4.pdf'
[2026-02-12T04:57:45.638Z] ❌ S3 upload failed for albany/misc/general/unknown/July25.pdf: ENOENT: no such file or directory, open '/tmp/opencouncil-docs/July25.pdf'
[2026-02-12T04:57:45.639Z] ❌ S3 upload failed for albany/misc/general/unknown/May9.pdf: ENOENT: no such file or directory, open '/tmp/opencouncil-docs/May9.pdf'
[2026-02-12T04:57:45.642Z] ❌ S3 upload failed for albany/misc/general/unknown/May2.pdf: ENOENT: no such file or directory, open '/tmp/opencouncil-docs/May2.pdf'
[2026-02-12T04:57:45.649Z] ❌ S3 upload failed for albany/misc/general/unknown/May16.pdf: ENOENT: no such file or directory, open '/tmp/opencouncil-docs/May16.pdf'
[2026-02-12T04:57:45.656Z] ❌ S3 upload failed for albany/misc/general/unknown/March7.pdf: ENOENT: no such file or directory, open '/tmp/opencouncil-docs/March7.pdf'
[2026-02-12T04:57:45.660Z] ❌ S3 upload failed for albany/misc/general/unknown/Feb15.pdf: ENOENT: no such file or directory, open '/tmp/opencouncil-docs/Feb15.pdf'
[2026-02-12T04:57:45.660Z] ❌ S3 upload failed for albany/misc/general/unknown/May16.pdf: ENOENT: no such file or directory, open '/tmp/opencouncil-docs/May16.pdf'
[2026-02-12T04:57:45.660Z] ❌ S3 upload failed for albany/misc/general/unknown/July11.pdf: ENOENT: no such file or directory, open '/tmp/opencouncil-docs/July11.pdf'
[2026-02-12T04:57:45.662Z] ❌ S3 upload failed for albany/misc/general/unknown/May9.pdf: ENOENT: no such file or directory, open '/tmp/opencouncil-docs/May9.pdf'
[2026-02-12T04:57:45.666Z] ❌ S3 upload failed for albany/misc/general/unknown/April4.pdf: ENOENT: no such file or directory, open '/tmp/opencouncil-docs/April4.pdf'
[2026-02-12T04:57:45.671Z] ❌ S3 upload failed for albany/misc/general/unknown/July11.pdf: ENOENT: no such file or directory, open '/tmp/opencouncil-docs/July11.pdf'
[2026-02-12T04:57:45.671Z] ❌ S3 upload failed for albany/misc/general/unknown/May23.pdf: ENOENT: no such file or directory, open '/tmp/opencouncil-docs/May23.pdf'
[2026-02-12T04:57:45.676Z] ❌ S3 upload failed for albany/misc/general/unknown/April11.pdf: ENOENT: no such file or directory, open '/tmp/opencouncil-docs/April11.pdf'
[2026-02-12T04:57:45.682Z] ❌ S3 upload failed for albany/misc/general/unknown/May23.pdf: ENOENT: no such file or directory, open '/tmp/opencouncil-docs/May23.pdf'
[2026-02-12T04:57:45.683Z] ❌ S3 upload failed for albany/misc/general/unknown/July25.pdf: ENOENT: no such file or directory, open '/tmp/opencouncil-docs/July25.pdf'
[2026-02-12T04:57:45.684Z] ❌ S3 upload failed for albany/misc/general/unknown/May16.pdf: ENOENT: no such file or directory, open '/tmp/opencouncil-docs/May16.pdf'
[2026-02-12T04:57:45.687Z] ❌ S3 upload failed for albany/misc/general/unknown/Dec7.pdf: ENOENT: no such file or directory, open '/tmp/opencouncil-docs/Dec7.pdf'
[2026-02-12T04:57:45.688Z] ❌ S3 upload failed for albany/misc/general/unknown/March21.pdf: ENOENT: no such file or directory, open '/tmp/opencouncil-docs/March21.pdf'
[2026-02-12T04:57:45.691Z] ❌ S3 upload failed for albany/misc/general/unknown/April11.pdf: ENOENT: no such file or directory, open '/tmp/opencouncil-docs/April11.pdf'
[2026-02-12T04:57:45.693Z] ❌ S3 upload failed for albany/misc/general/unknown/July25.pdf: ENOENT: no such file or directory, open '/tmp/opencouncil-docs/July25.pdf'
[2026-02-12T04:57:45.696Z] ❌ S3 upload failed for albany/misc/general/unknown/July11.pdf: ENOENT: no such file or directory, open '/tmp/opencouncil-docs/July11.pdf'
[2026-02-12T04:57:45.698Z] ❌ S3 upload failed for albany/misc/general/unknown/Jan18.pdf: ENOENT: no such file or directory, open '/tmp/opencouncil-docs/Jan18.pdf'
[2026-02-12T04:57:45.701Z] ❌ S3 upload failed for albany/misc/general/unknown/Dec7.pdf: ENOENT: no such file or directory, open '/tmp/opencouncil-docs/Dec7.pdf'
[2026-02-12T04:57:45.706Z] ❌ S3 upload failed for albany/misc/general/unknown/Feb15.pdf: ENOENT: no such file or directory, open '/tmp/opencouncil-docs/Feb15.pdf'
[2026-02-12T04:57:45.708Z] ❌ S3 upload failed for albany/misc/general/unknown/May23.pdf: ENOENT: no such file or directory, open '/tmp/opencouncil-docs/May23.pdf'
[2026-02-12T04:57:45.714Z] ❌ S3 upload failed for albany/misc/general/unknown/Jan18.pdf: ENOENT: no such file or directory, open '/tmp/opencouncil-docs/Jan18.pdf'
[2026-02-12T04:57:45.714Z] ❌ S3 upload failed for albany/misc/general/unknown/Dec14.pdf: ENOENT: no such file or directory, open '/tmp/opencouncil-docs/Dec14.pdf'
[2026-02-12T04:57:45.718Z] ❌ S3 upload failed for albany/misc/general/unknown/July25.pdf: ENOENT: no such file or directory, open '/tmp/opencouncil-docs/July25.pdf'
[2026-02-12T04:57:45.725Z] ❌ S3 upload failed for albany/misc/general/unknown/Jan25.pdf: ENOENT: no such file or directory, open '/tmp/opencouncil-docs/Jan25.pdf'
[2026-02-12T04:57:45.726Z] ❌ S3 upload failed for albany/misc/general/unknown/Dec14.pdf: ENOENT: no such file or directory, open '/tmp/opencouncil-docs/Dec14.pdf'
[2026-02-12T04:57:45.727Z] ❌ S3 upload failed for albany/misc/general/unknown/March7.pdf: ENOENT: no such file or directory, open '/tmp/opencouncil-docs/March7.pdf'
[2026-02-12T04:57:45.735Z] ❌ S3 upload failed for albany/misc/general/unknown/Jan25.pdf: ENOENT: no such file or directory, open '/tmp/opencouncil-docs/Jan25.pdf'
[2026-02-12T04:57:45.736Z] ❌ S3 upload failed for albany/misc/general/unknown/Feb15.pdf: ENOENT: no such file or directory, open '/tmp/opencouncil-docs/Feb15.pdf'
[2026-02-12T04:57:45.736Z] ❌ S3 upload failed for albany/misc/general/unknown/Dec21.pdf: ENOENT: no such file or directory, open '/tmp/opencouncil-docs/Dec21.pdf'
[2026-02-12T04:57:45.738Z] ❌ S3 upload failed for albany/misc/general/unknown/April4.pdf: ENOENT: no such file or directory, open '/tmp/opencouncil-docs/April4.pdf'
[2026-02-12T04:57:45.741Z] ❌ S3 upload failed for albany/misc/general/unknown/Feb15.pdf: ENOENT: no such file or directory, open '/tmp/opencouncil-docs/Feb15.pdf'
[2026-02-12T04:57:45.744Z] ❌ S3 upload failed for albany/misc/general/unknown/Dec21.pdf: ENOENT: no such file or directory, open '/tmp/opencouncil-docs/Dec21.pdf'
[2026-02-12T04:57:45.748Z] ❌ S3 upload failed for albany/misc/general/unknown/Feb1.pdf: ENOENT: no such file or directory, open '/tmp/opencouncil-docs/Feb1.pdf'
[2026-02-12T04:57:45.754Z] ❌ S3 upload failed for albany/misc/general/unknown/March21.pdf: ENOENT: no such file or directory, open '/tmp/opencouncil-docs/March21.pdf'
[2026-02-12T04:57:45.755Z] ❌ S3 upload failed for albany/misc/general/unknown/Feb1.pdf: ENOENT: no such file or directory, open '/tmp/opencouncil-docs/Feb1.pdf'
[2026-02-12T04:57:45.761Z] ❌ S3 upload failed for albany/misc/general/unknown/April11.pdf: ENOENT: no such file or directory, open '/tmp/opencouncil-docs/April11.pdf'
[2026-02-12T04:57:45.766Z] ❌ S3 upload failed for albany/misc/general/unknown/March21.pdf: ENOENT: no such file or directory, open '/tmp/opencouncil-docs/March21.pdf'
[2026-02-12T04:57:45.770Z] ❌ S3 upload failed for albany/misc/general/unknown/March21.pdf: ENOENT: no such file or directory, open '/tmp/opencouncil-docs/March21.pdf'
[2026-02-12T04:57:45.771Z] ❌ S3 upload failed for albany/misc/general/unknown/Dec7.pdf: ENOENT: no such file or directory, open '/tmp/opencouncil-docs/Dec7.pdf'
[2026-02-12T04:57:45.780Z] ❌ S3 upload failed for albany/misc/general/unknown/Jan18.pdf: ENOENT: no such file or directory, open '/tmp/opencouncil-docs/Jan18.pdf'
[2026-02-12T04:57:45.787Z] ❌ S3 upload failed for albany/misc/general/unknown/March7.pdf: ENOENT: no such file or directory, open '/tmp/opencouncil-docs/March7.pdf'
[2026-02-12T04:57:45.792Z] ❌ S3 upload failed for albany/misc/general/unknown/Dec14.pdf: ENOENT: no such file or directory, open '/tmp/opencouncil-docs/Dec14.pdf'
[2026-02-12T04:57:45.796Z] ❌ S3 upload failed for albany/misc/general/unknown/April4.pdf: ENOENT: no such file or directory, open '/tmp/opencouncil-docs/April4.pdf'
[2026-02-12T04:57:45.798Z] ❌ S3 upload failed for albany/misc/general/unknown/March7.pdf: ENOENT: no such file or directory, open '/tmp/opencouncil-docs/March7.pdf'
[2026-02-12T04:57:45.801Z] ❌ S3 upload failed for albany/misc/general/unknown/March7.pdf: ENOENT: no such file or directory, open '/tmp/opencouncil-docs/March7.pdf'
[2026-02-12T04:57:45.803Z] ❌ S3 upload failed for albany/misc/general/unknown/Jan25.pdf: ENOENT: no such file or directory, open '/tmp/opencouncil-docs/Jan25.pdf'
[2026-02-12T04:57:45.807Z] ❌ S3 upload failed for albany/misc/general/unknown/April4.pdf: ENOENT: no such file or directory, open '/tmp/opencouncil-docs/April4.pdf'
[2026-02-12T04:57:45.811Z] ❌ S3 upload failed for albany/misc/general/unknown/April4.pdf: ENOENT: no such file or directory, open '/tmp/opencouncil-docs/April4.pdf'
[2026-02-12T04:57:45.812Z] ❌ S3 upload failed for albany/misc/general/unknown/Dec21.pdf: ENOENT: no such file or directory, open '/tmp/opencouncil-docs/Dec21.pdf'
[2026-02-12T04:57:45.820Z] ❌ S3 upload failed for albany/misc/general/unknown/April11.pdf: ENOENT: no such file or directory, open '/tmp/opencouncil-docs/April11.pdf'
[2026-02-12T04:57:45.822Z] ❌ S3 upload failed for albany/misc/general/unknown/Feb1.pdf: ENOENT: no such file or directory, open '/tmp/opencouncil-docs/Feb1.pdf'
[2026-02-12T04:57:45.828Z] ❌ S3 upload failed for albany/misc/general/unknown/April11.pdf: ENOENT: no such file or directory, open '/tmp/opencouncil-docs/April11.pdf'
[2026-02-12T04:57:45.830Z] ❌ S3 upload failed for albany/misc/general/unknown/April11.pdf: ENOENT: no such file or directory, open '/tmp/opencouncil-docs/April11.pdf'
[2026-02-12T04:57:45.834Z] ❌ S3 upload failed for albany/misc/general/unknown/Dec7.pdf: ENOENT: no such file or directory, open '/tmp/opencouncil-docs/Dec7.pdf'
[2026-02-12T04:57:45.839Z] ❌ S3 upload failed for albany/misc/general/unknown/Dec7.pdf: ENOENT: no such file or directory, open '/tmp/opencouncil-docs/Dec7.pdf'
[2026-02-12T04:57:45.840Z] ❌ S3 upload failed for albany/misc/general/unknown/Dec7.pdf: ENOENT: no such file or directory, open '/tmp/opencouncil-docs/Dec7.pdf'
[2026-02-12T04:57:45.845Z] ❌ S3 upload failed for albany/misc/general/unknown/Jan18.pdf: ENOENT: no such file or directory, open '/tmp/opencouncil-docs/Jan18.pdf'
[2026-02-12T04:57:45.848Z] ❌ S3 upload failed for albany/misc/general/unknown/Jan18.pdf: ENOENT: no such file or directory, open '/tmp/opencouncil-docs/Jan18.pdf'
[2026-02-12T04:57:45.849Z] ❌ S3 upload failed for albany/misc/general/unknown/Jan18.pdf: ENOENT: no such file or directory, open '/tmp/opencouncil-docs/Jan18.pdf'
[2026-02-12T04:57:45.857Z] ❌ S3 upload failed for albany/misc/general/unknown/Dec14.pdf: ENOENT: no such file or directory, open '/tmp/opencouncil-docs/Dec14.pdf'
[2026-02-12T04:57:45.858Z] ❌ S3 upload failed for albany/misc/general/unknown/Dec14.pdf: ENOENT: no such file or directory, open '/tmp/opencouncil-docs/Dec14.pdf'
[2026-02-12T04:57:45.859Z] ❌ S3 upload failed for albany/misc/general/unknown/Jan4.pdf: ENOENT: no such file or directory, open '/tmp/opencouncil-docs/Jan4.pdf'
[2026-02-12T04:57:45.859Z] ❌ S3 upload failed for albany/misc/general/unknown/Dec14.pdf: ENOENT: no such file or directory, open '/tmp/opencouncil-docs/Dec14.pdf'
[2026-02-12T04:57:45.866Z] ❌ S3 upload failed for albany/misc/general/unknown/Jan4.pdf: ENOENT: no such file or directory, open '/tmp/opencouncil-docs/Jan4.pdf'
[2026-02-12T04:57:45.866Z] ❌ S3 upload failed for albany/misc/general/unknown/Jan25.pdf: ENOENT: no such file or directory, open '/tmp/opencouncil-docs/Jan25.pdf'
[2026-02-12T04:57:45.869Z] ❌ S3 upload failed for albany/misc/general/unknown/Jan25.pdf: ENOENT: no such file or directory, open '/tmp/opencouncil-docs/Jan25.pdf'
[2026-02-12T04:57:45.871Z] ❌ S3 upload failed for albany/misc/general/unknown/Jan25.pdf: ENOENT: no such file or directory, open '/tmp/opencouncil-docs/Jan25.pdf'
[2026-02-12T04:57:45.878Z] ❌ S3 upload failed for albany/misc/general/unknown/Dec21.pdf: ENOENT: no such file or directory, open '/tmp/opencouncil-docs/Dec21.pdf'
[2026-02-12T04:57:45.881Z] ❌ S3 upload failed for albany/misc/general/unknown/Dec21.pdf: ENOENT: no such file or directory, open '/tmp/opencouncil-docs/Dec21.pdf'
[2026-02-12T04:57:45.888Z] ❌ S3 upload failed for albany/misc/general/unknown/Feb1.pdf: ENOENT: no such file or directory, open '/tmp/opencouncil-docs/Feb1.pdf'
[2026-02-12T04:57:45.892Z] ❌ S3 upload failed for albany/misc/general/unknown/Feb1.pdf: ENOENT: no such file or directory, open '/tmp/opencouncil-docs/Feb1.pdf'
[2026-02-12T04:57:45.905Z] ❌ S3 upload failed for albany/misc/general/unknown/Jan11.pdf: ENOENT: no such file or directory, open '/tmp/opencouncil-docs/Jan11.pdf'
[2026-02-12T04:57:45.906Z] ❌ S3 upload failed for albany/misc/general/unknown/Jan11.pdf: ENOENT: no such file or directory, open '/tmp/opencouncil-docs/Jan11.pdf'
[2026-02-12T04:57:45.911Z] ❌ S3 upload failed for albany/misc/general/unknown/Dec21.pdf: ENOENT: no such file or directory, open '/tmp/opencouncil-docs/Dec21.pdf'
[2026-02-12T04:57:45.911Z] ❌ S3 upload failed for albany/misc/general/unknown/Jan4.pdf: ENOENT: no such file or directory, open '/tmp/opencouncil-docs/Jan4.pdf'
[2026-02-12T04:57:45.923Z] ❌ S3 upload failed for albany/misc/general/unknown/Feb1.pdf: ENOENT: no such file or directory, open '/tmp/opencouncil-docs/Feb1.pdf'
[2026-02-12T04:57:45.926Z] ❌ S3 upload failed for albany/misc/general/unknown/Jan4.pdf: ENOENT: no such file or directory, open '/tmp/opencouncil-docs/Jan4.pdf'
[2026-02-12T04:57:45.927Z] ❌ S3 upload failed for albany/misc/general/unknown/Jan4.pdf: ENOENT: no such file or directory, open '/tmp/opencouncil-docs/Jan4.pdf'
[2026-02-12T04:57:45.938Z] ❌ S3 upload failed for albany/misc/general/unknown/Jan11.pdf: ENOENT: no such file or directory, open '/tmp/opencouncil-docs/Jan11.pdf'
[2026-02-12T04:57:45.950Z] ❌ S3 upload failed for albany/misc/general/unknown/Jan11.pdf: ENOENT: no such file or directory, open '/tmp/opencouncil-docs/Jan11.pdf'
[2026-02-12T04:57:45.956Z] ❌ S3 upload failed for albany/misc/general/unknown/Sept21.pdf: ENOENT: no such file or directory, open '/tmp/opencouncil-docs/Sept21.pdf'
[2026-02-12T04:57:45.962Z] ❌ S3 upload failed for albany/misc/general/unknown/Sept21.pdf: ENOENT: no such file or directory, open '/tmp/opencouncil-docs/Sept21.pdf'
[2026-02-12T04:57:45.964Z] ❌ S3 upload failed for albany/misc/general/unknown/Oct26.pdf: ENOENT: no such file or directory, open '/tmp/opencouncil-docs/Oct26.pdf'
[2026-02-12T04:57:45.970Z] ❌ S3 upload failed for albany/misc/general/unknown/Sept21.pdf: ENOENT: no such file or directory, open '/tmp/opencouncil-docs/Sept21.pdf'
[2026-02-12T04:57:45.970Z] ❌ S3 upload failed for albany/misc/general/unknown/Sept21.pdf: ENOENT: no such file or directory, open '/tmp/opencouncil-docs/Sept21.pdf'
[2026-02-12T04:57:45.972Z] ❌ S3 upload failed for albany/misc/general/unknown/Oct26.pdf: ENOENT: no such file or directory, open '/tmp/opencouncil-docs/Oct26.pdf'
[2026-02-12T04:57:45.980Z] ❌ S3 upload failed for albany/misc/general/unknown/Oct26.pdf: ENOENT: no such file or directory, open '/tmp/opencouncil-docs/Oct26.pdf'
[2026-02-12T04:57:45.980Z] ❌ S3 upload failed for albany/misc/general/unknown/Oct26.pdf: ENOENT: no such file or directory, open '/tmp/opencouncil-docs/Oct26.pdf'
[2026-02-12T04:57:45.983Z] ❌ S3 upload failed for albany/misc/general/unknown/Sept28.pdf: ENOENT: no such file or directory, open '/tmp/opencouncil-docs/Sept28.pdf'
[2026-02-12T04:57:45.989Z] ❌ S3 upload failed for albany/misc/general/unknown/Sept28.pdf: ENOENT: no such file or directory, open '/tmp/opencouncil-docs/Sept28.pdf'
[2026-02-12T04:57:45.994Z] ❌ S3 upload failed for albany/misc/general/unknown/Sept28.pdf: ENOENT: no such file or directory, open '/tmp/opencouncil-docs/Sept28.pdf'
[2026-02-12T04:57:45.994Z] ❌ S3 upload failed for albany/misc/general/unknown/Jan11.pdf: ENOENT: no such file or directory, open '/tmp/opencouncil-docs/Jan11.pdf'
[2026-02-12T04:57:45.996Z] ❌ S3 upload failed for albany/misc/general/unknown/Nov2.pdf: ENOENT: no such file or directory, open '/tmp/opencouncil-docs/Nov2.pdf'
[2026-02-12T04:57:45.997Z] ❌ S3 upload failed for albany/misc/general/unknown/Sept28.pdf: ENOENT: no such file or directory, open '/tmp/opencouncil-docs/Sept28.pdf'
[2026-02-12T04:57:45.997Z] ❌ S3 upload failed for albany/misc/general/unknown/Nov2.pdf: ENOENT: no such file or directory, open '/tmp/opencouncil-docs/Nov2.pdf'
[2026-02-12T04:57:46.003Z] ❌ S3 upload failed for albany/misc/general/unknown/Jan4.pdf: ENOENT: no such file or directory, open '/tmp/opencouncil-docs/Jan4.pdf'
[2026-02-12T04:57:46.005Z] ❌ S3 upload failed for albany/misc/general/unknown/Nov2.pdf: ENOENT: no such file or directory, open '/tmp/opencouncil-docs/Nov2.pdf'
[2026-02-12T04:57:46.005Z] ❌ S3 upload failed for albany/misc/general/unknown/Nov2.pdf: ENOENT: no such file or directory, open '/tmp/opencouncil-docs/Nov2.pdf'
[2026-02-12T04:57:46.015Z] ❌ S3 upload failed for albany/misc/general/unknown/Sept21.pdf: ENOENT: no such file or directory, open '/tmp/opencouncil-docs/Sept21.pdf'
[2026-02-12T04:57:46.024Z] ❌ S3 upload failed for albany/misc/general/unknown/Jan11.pdf: ENOENT: no such file or directory, open '/tmp/opencouncil-docs/Jan11.pdf'
[2026-02-12T04:57:46.024Z] ❌ S3 upload failed for albany/misc/general/unknown/Oct26.pdf: ENOENT: no such file or directory, open '/tmp/opencouncil-docs/Oct26.pdf'
[2026-02-12T04:57:46.037Z] ❌ S3 upload failed for albany/misc/general/unknown/Sept28.pdf: ENOENT: no such file or directory, open '/tmp/opencouncil-docs/Sept28.pdf'
[2026-02-12T04:57:46.043Z] ❌ S3 upload failed for albany/misc/general/unknown/Sept21.pdf: ENOENT: no such file or directory, open '/tmp/opencouncil-docs/Sept21.pdf'
[2026-02-12T04:57:46.045Z] ❌ S3 upload failed for albany/misc/general/unknown/Nov9.pdf: ENOENT: no such file or directory, open '/tmp/opencouncil-docs/Nov9.pdf'
[2026-02-12T04:57:46.046Z] ❌ S3 upload failed for albany/misc/general/unknown/Nov2.pdf: ENOENT: no such file or directory, open '/tmp/opencouncil-docs/Nov2.pdf'
[2026-02-12T04:57:46.048Z] ❌ S3 upload failed for albany/misc/general/unknown/Nov9.pdf: ENOENT: no such file or directory, open '/tmp/opencouncil-docs/Nov9.pdf'
[2026-02-12T04:57:46.051Z] ❌ S3 upload failed for albany/misc/general/unknown/Nov9.pdf: ENOENT: no such file or directory, open '/tmp/opencouncil-docs/Nov9.pdf'
[2026-02-12T04:57:46.051Z] ❌ S3 upload failed for albany/misc/general/unknown/Oct26.pdf: ENOENT: no such file or directory, open '/tmp/opencouncil-docs/Oct26.pdf'
[2026-02-12T04:57:46.055Z] ❌ S3 upload failed for albany/misc/general/unknown/Nov9.pdf: ENOENT: no such file or directory, open '/tmp/opencouncil-docs/Nov9.pdf'
[2026-02-12T04:57:46.062Z] ❌ S3 upload failed for albany/misc/general/unknown/Sept28.pdf: ENOENT: no such file or directory, open '/tmp/opencouncil-docs/Sept28.pdf'
[2026-02-12T04:57:46.069Z] ❌ S3 upload failed for albany/misc/general/unknown/Nov9.pdf: ENOENT: no such file or directory, open '/tmp/opencouncil-docs/Nov9.pdf'
[2026-02-12T04:57:46.073Z] ❌ S3 upload failed for albany/misc/general/unknown/Nov2.pdf: ENOENT: no such file or directory, open '/tmp/opencouncil-docs/Nov2.pdf'
[2026-02-12T04:57:46.097Z] ❌ S3 upload failed for albany/misc/general/unknown/Nov9.pdf: ENOENT: no such file or directory, open '/tmp/opencouncil-docs/Nov9.pdf'
[2026-02-12T04:57:46.147Z] ❌ S3 upload failed for albany/misc/general/unknown/Oct12.pdf: ENOENT: no such file or directory, open '/tmp/opencouncil-docs/Oct12.pdf'
[2026-02-12T04:57:46.162Z] ❌ S3 upload failed for albany/misc/general/unknown/Oct12.pdf: ENOENT: no such file or directory, open '/tmp/opencouncil-docs/Oct12.pdf'
[2026-02-12T04:57:46.171Z] ❌ S3 upload failed for albany/misc/general/unknown/Oct12.pdf: ENOENT: no such file or directory, open '/tmp/opencouncil-docs/Oct12.pdf'
[2026-02-12T04:57:46.258Z]    Progress: 301 uploaded, 519 skipped, 80 failed
[2026-02-12T04:57:46.281Z]    Progress: 351 uploaded, 468 skipped, 81 failed
[2026-02-12T04:57:46.309Z] ❌ S3 upload failed for albany/misc/general/unknown/June22.pdf: ENOENT: no such file or directory, open '/tmp/opencouncil-docs/June22.pdf'
[2026-02-12T04:57:46.311Z] ❌ S3 upload failed for albany/misc/general/unknown/Oct12.pdf: ENOENT: no such file or directory, open '/tmp/opencouncil-docs/Oct12.pdf'
[2026-02-12T04:57:46.357Z] ❌ S3 upload failed for albany/misc/general/unknown/July6.pdf: ENOENT: no such file or directory, open '/tmp/opencouncil-docs/July6.pdf'
[2026-02-12T04:57:46.361Z] ❌ S3 upload failed for albany/misc/general/unknown/June22.pdf: ENOENT: no such file or directory, open '/tmp/opencouncil-docs/June22.pdf'
[2026-02-12T04:57:46.372Z] ❌ S3 upload failed for albany/misc/general/unknown/June22.pdf: ENOENT: no such file or directory, open '/tmp/opencouncil-docs/June22.pdf'
[2026-02-12T04:57:46.380Z] ❌ S3 upload failed for albany/misc/general/unknown/July6.pdf: ENOENT: no such file or directory, open '/tmp/opencouncil-docs/July6.pdf'
[2026-02-12T04:57:46.403Z] ❌ S3 upload failed for albany/misc/general/unknown/July6.pdf: ENOENT: no such file or directory, open '/tmp/opencouncil-docs/July6.pdf'
[2026-02-12T04:57:46.405Z] ❌ S3 upload failed for albany/misc/general/unknown/June22.pdf: ENOENT: no such file or directory, open '/tmp/opencouncil-docs/June22.pdf'
[2026-02-12T04:57:46.414Z] ❌ S3 upload failed for albany/misc/general/unknown/Oct12.pdf: ENOENT: no such file or directory, open '/tmp/opencouncil-docs/Oct12.pdf'
[2026-02-12T04:57:46.424Z] ❌ S3 upload failed for albany/misc/general/unknown/July6.pdf: ENOENT: no such file or directory, open '/tmp/opencouncil-docs/July6.pdf'
[2026-02-12T04:57:46.424Z] ❌ S3 upload failed for albany/misc/general/unknown/July13.pdf: ENOENT: no such file or directory, open '/tmp/opencouncil-docs/July13.pdf'
[2026-02-12T04:57:46.427Z] ❌ S3 upload failed for albany/misc/general/unknown/July13.pdf: ENOENT: no such file or directory, open '/tmp/opencouncil-docs/July13.pdf'
[2026-02-12T04:57:46.438Z] ❌ S3 upload failed for albany/misc/general/unknown/July13.pdf: ENOENT: no such file or directory, open '/tmp/opencouncil-docs/July13.pdf'
[2026-02-12T04:57:46.451Z] ❌ S3 upload failed for albany/misc/general/unknown/July13.pdf: ENOENT: no such file or directory, open '/tmp/opencouncil-docs/July13.pdf'
[2026-02-12T04:57:46.459Z] ❌ S3 upload failed for albany/misc/general/unknown/June22.pdf: ENOENT: no such file or directory, open '/tmp/opencouncil-docs/June22.pdf'
[2026-02-12T04:57:46.486Z] ❌ S3 upload failed for albany/misc/general/unknown/July6.pdf: ENOENT: no such file or directory, open '/tmp/opencouncil-docs/July6.pdf'
[2026-02-12T04:57:46.488Z] ❌ S3 upload failed for albany/misc/general/unknown/July27.pdf: ENOENT: no such file or directory, open '/tmp/opencouncil-docs/July27.pdf'
[2026-02-12T04:57:46.507Z] ❌ S3 upload failed for albany/misc/general/unknown/July27.pdf: ENOENT: no such file or directory, open '/tmp/opencouncil-docs/July27.pdf'
[2026-02-12T04:57:46.515Z] ❌ S3 upload failed for albany/misc/general/unknown/July27.pdf: ENOENT: no such file or directory, open '/tmp/opencouncil-docs/July27.pdf'
[2026-02-12T04:57:46.516Z] ❌ S3 upload failed for albany/misc/general/unknown/July13.pdf: ENOENT: no such file or directory, open '/tmp/opencouncil-docs/July13.pdf'
[2026-02-12T04:57:46.535Z] ❌ S3 upload failed for albany/misc/general/unknown/July27.pdf: ENOENT: no such file or directory, open '/tmp/opencouncil-docs/July27.pdf'
[2026-02-12T04:57:46.579Z] ❌ S3 upload failed for albany/misc/general/unknown/Oct12.pdf: ENOENT: no such file or directory, open '/tmp/opencouncil-docs/Oct12.pdf'
[2026-02-12T04:57:46.612Z] ❌ S3 upload failed for albany/misc/general/unknown/Sept7.pdf: ENOENT: no such file or directory, open '/tmp/opencouncil-docs/Sept7.pdf'
[2026-02-12T04:57:46.614Z] ❌ S3 upload failed for albany/misc/general/unknown/Sept7.pdf: ENOENT: no such file or directory, open '/tmp/opencouncil-docs/Sept7.pdf'
[2026-02-12T04:57:46.621Z] ❌ S3 upload failed for albany/misc/general/unknown/June22.pdf: ENOENT: no such file or directory, open '/tmp/opencouncil-docs/June22.pdf'
[2026-02-12T04:57:46.640Z] ❌ S3 upload failed for albany/misc/general/unknown/July6.pdf: ENOENT: no such file or directory, open '/tmp/opencouncil-docs/July6.pdf'
[2026-02-12T04:57:46.654Z] ❌ S3 upload failed for albany/misc/general/unknown/Sept14.pdf: ENOENT: no such file or directory, open '/tmp/opencouncil-docs/Sept14.pdf'
[2026-02-12T04:57:46.659Z] ❌ S3 upload failed for albany/misc/general/unknown/July13.pdf: ENOENT: no such file or directory, open '/tmp/opencouncil-docs/July13.pdf'
[2026-02-12T04:57:46.666Z] ❌ S3 upload failed for albany/misc/general/unknown/April20.pdf: ENOENT: no such file or directory, open '/tmp/opencouncil-docs/April20.pdf'
[2026-02-12T04:57:46.673Z] ❌ S3 upload failed for albany/misc/general/unknown/Sept14.pdf: ENOENT: no such file or directory, open '/tmp/opencouncil-docs/Sept14.pdf'
[2026-02-12T04:57:46.678Z] ❌ S3 upload failed for albany/misc/general/unknown/July27.pdf: ENOENT: no such file or directory, open '/tmp/opencouncil-docs/July27.pdf'
[2026-02-12T04:57:46.685Z] ❌ S3 upload failed for albany/misc/general/unknown/April20.pdf: ENOENT: no such file or directory, open '/tmp/opencouncil-docs/April20.pdf'
[2026-02-12T04:57:46.708Z] ❌ S3 upload failed for albany/misc/general/unknown/Sept7.pdf: ENOENT: no such file or directory, open '/tmp/opencouncil-docs/Sept7.pdf'
[2026-02-12T04:57:46.730Z] ❌ S3 upload failed for albany/misc/general/unknown/Sept14.pdf: ENOENT: no such file or directory, open '/tmp/opencouncil-docs/Sept14.pdf'
[2026-02-12T04:57:46.740Z] ❌ S3 upload failed for albany/misc/general/unknown/April20.pdf: ENOENT: no such file or directory, open '/tmp/opencouncil-docs/April20.pdf'
[2026-02-12T04:57:46.801Z] ❌ S3 upload failed for albany/misc/general/unknown/Sept7.pdf: ENOENT: no such file or directory, open '/tmp/opencouncil-docs/Sept7.pdf'
[2026-02-12T04:57:46.817Z] ❌ S3 upload failed for albany/misc/general/unknown/Sept14.pdf: ENOENT: no such file or directory, open '/tmp/opencouncil-docs/Sept14.pdf'
[2026-02-12T04:57:46.825Z] ❌ S3 upload failed for albany/misc/general/unknown/April20.pdf: ENOENT: no such file or directory, open '/tmp/opencouncil-docs/April20.pdf'
[2026-02-12T04:57:46.846Z] ❌ S3 upload failed for albany/misc/general/unknown/April27.pdf: ENOENT: no such file or directory, open '/tmp/opencouncil-docs/April27.pdf'
[2026-02-12T04:57:46.866Z] ❌ S3 upload failed for albany/misc/general/unknown/July27.pdf: ENOENT: no such file or directory, open '/tmp/opencouncil-docs/July27.pdf'
[2026-02-12T04:57:46.870Z] ❌ S3 upload failed for albany/misc/general/unknown/April27.pdf: ENOENT: no such file or directory, open '/tmp/opencouncil-docs/April27.pdf'
[2026-02-12T04:57:46.904Z] ❌ S3 upload failed for albany/misc/general/unknown/May4.pdf: ENOENT: no such file or directory, open '/tmp/opencouncil-docs/May4.pdf'
[2026-02-12T04:57:46.918Z] ❌ S3 upload failed for albany/misc/general/unknown/Sept7.pdf: ENOENT: no such file or directory, open '/tmp/opencouncil-docs/Sept7.pdf'
[2026-02-12T04:57:46.922Z] ❌ S3 upload failed for albany/misc/general/unknown/May4.pdf: ENOENT: no such file or directory, open '/tmp/opencouncil-docs/May4.pdf'
[2026-02-12T04:57:46.949Z] ❌ S3 upload failed for albany/misc/general/unknown/Sept14.pdf: ENOENT: no such file or directory, open '/tmp/opencouncil-docs/Sept14.pdf'
[2026-02-12T04:57:46.960Z] ❌ S3 upload failed for albany/misc/general/unknown/April20.pdf: ENOENT: no such file or directory, open '/tmp/opencouncil-docs/April20.pdf'
[2026-02-12T04:57:46.970Z] ❌ S3 upload failed for albany/misc/general/unknown/May11.pdf: ENOENT: no such file or directory, open '/tmp/opencouncil-docs/May11.pdf'
[2026-02-12T04:57:46.980Z] ❌ S3 upload failed for albany/misc/general/unknown/June8.pdf: ENOENT: no such file or directory, open '/tmp/opencouncil-docs/June8.pdf'
[2026-02-12T04:57:46.992Z] ❌ S3 upload failed for albany/misc/general/unknown/May18.pdf: ENOENT: no such file or directory, open '/tmp/opencouncil-docs/May18.pdf'
[2026-02-12T04:57:47.003Z] ❌ S3 upload failed for albany/misc/general/unknown/June15.pdf: ENOENT: no such file or directory, open '/tmp/opencouncil-docs/June15.pdf'
[2026-02-12T04:57:47.010Z] ❌ S3 upload failed for albany/misc/general/unknown/April27.pdf: ENOENT: no such file or directory, open '/tmp/opencouncil-docs/April27.pdf'
[2026-02-12T04:57:47.012Z] ❌ S3 upload failed for albany/misc/general/unknown/March2.pdf: ENOENT: no such file or directory, open '/tmp/opencouncil-docs/March2.pdf'
[2026-02-12T04:57:47.037Z] ❌ S3 upload failed for albany/misc/general/unknown/May4.pdf: ENOENT: no such file or directory, open '/tmp/opencouncil-docs/May4.pdf'
[2026-02-12T04:57:47.060Z] ❌ S3 upload failed for albany/misc/general/unknown/May11.pdf: ENOENT: no such file or directory, open '/tmp/opencouncil-docs/May11.pdf'
[2026-02-12T04:57:47.070Z] ❌ S3 upload failed for albany/misc/general/unknown/June8.pdf: ENOENT: no such file or directory, open '/tmp/opencouncil-docs/June8.pdf'
[2026-02-12T04:57:47.104Z] ❌ S3 upload failed for albany/misc/general/unknown/May18.pdf: ENOENT: no such file or directory, open '/tmp/opencouncil-docs/May18.pdf'
[2026-02-12T04:57:47.110Z] ❌ S3 upload failed for albany/misc/general/unknown/April27.pdf: ENOENT: no such file or directory, open '/tmp/opencouncil-docs/April27.pdf'
[2026-02-12T04:57:47.112Z] ❌ S3 upload failed for albany/misc/general/unknown/April27.pdf: ENOENT: no such file or directory, open '/tmp/opencouncil-docs/April27.pdf'
[2026-02-12T04:57:47.115Z] ❌ S3 upload failed for albany/misc/general/unknown/June15.pdf: ENOENT: no such file or directory, open '/tmp/opencouncil-docs/June15.pdf'
[2026-02-12T04:57:47.126Z] ❌ S3 upload failed for albany/misc/general/unknown/March2.pdf: ENOENT: no such file or directory, open '/tmp/opencouncil-docs/March2.pdf'
[2026-02-12T04:57:47.131Z] ❌ S3 upload failed for albany/misc/general/unknown/May4.pdf: ENOENT: no such file or directory, open '/tmp/opencouncil-docs/May4.pdf'
[2026-02-12T04:57:47.132Z] ❌ S3 upload failed for albany/misc/general/unknown/May4.pdf: ENOENT: no such file or directory, open '/tmp/opencouncil-docs/May4.pdf'
[2026-02-12T04:57:47.151Z] ❌ S3 upload failed for albany/misc/general/unknown/May11.pdf: ENOENT: no such file or directory, open '/tmp/opencouncil-docs/May11.pdf'
[2026-02-12T04:57:47.153Z] ❌ S3 upload failed for albany/misc/general/unknown/May11.pdf: ENOENT: no such file or directory, open '/tmp/opencouncil-docs/May11.pdf'
[2026-02-12T04:57:47.160Z] ❌ S3 upload failed for albany/misc/general/unknown/June8.pdf: ENOENT: no such file or directory, open '/tmp/opencouncil-docs/June8.pdf'
[2026-02-12T04:57:47.162Z] ❌ S3 upload failed for albany/misc/general/unknown/Sept7.pdf: ENOENT: no such file or directory, open '/tmp/opencouncil-docs/Sept7.pdf'
[2026-02-12T04:57:47.166Z] ❌ S3 upload failed for albany/misc/general/unknown/May11.pdf: ENOENT: no such file or directory, open '/tmp/opencouncil-docs/May11.pdf'
[2026-02-12T04:57:47.167Z] ❌ S3 upload failed for albany/misc/general/unknown/June8.pdf: ENOENT: no such file or directory, open '/tmp/opencouncil-docs/June8.pdf'
[2026-02-12T04:57:47.171Z] ❌ S3 upload failed for albany/misc/general/unknown/May18.pdf: ENOENT: no such file or directory, open '/tmp/opencouncil-docs/May18.pdf'
[2026-02-12T04:57:47.176Z] ❌ S3 upload failed for albany/misc/general/unknown/June8.pdf: ENOENT: no such file or directory, open '/tmp/opencouncil-docs/June8.pdf'
[2026-02-12T04:57:47.179Z] ❌ S3 upload failed for albany/misc/general/unknown/May18.pdf: ENOENT: no such file or directory, open '/tmp/opencouncil-docs/May18.pdf'
[2026-02-12T04:57:47.179Z] ❌ S3 upload failed for albany/misc/general/unknown/June15.pdf: ENOENT: no such file or directory, open '/tmp/opencouncil-docs/June15.pdf'
[2026-02-12T04:57:47.183Z] ❌ S3 upload failed for albany/misc/general/unknown/Sept14.pdf: ENOENT: no such file or directory, open '/tmp/opencouncil-docs/Sept14.pdf'
[2026-02-12T04:57:47.185Z] ❌ S3 upload failed for albany/misc/general/unknown/May18.pdf: ENOENT: no such file or directory, open '/tmp/opencouncil-docs/May18.pdf'
[2026-02-12T04:57:47.188Z] ❌ S3 upload failed for albany/misc/general/unknown/June15.pdf: ENOENT: no such file or directory, open '/tmp/opencouncil-docs/June15.pdf'
[2026-02-12T04:57:47.192Z] ❌ S3 upload failed for albany/misc/general/unknown/March2.pdf: ENOENT: no such file or directory, open '/tmp/opencouncil-docs/March2.pdf'
[2026-02-12T04:57:47.193Z] ❌ S3 upload failed for albany/misc/general/unknown/April20.pdf: ENOENT: no such file or directory, open '/tmp/opencouncil-docs/April20.pdf'
[2026-02-12T04:57:47.197Z] ❌ S3 upload failed for albany/misc/general/unknown/June15.pdf: ENOENT: no such file or directory, open '/tmp/opencouncil-docs/June15.pdf'
[2026-02-12T04:57:47.197Z] ❌ S3 upload failed for albany/misc/general/unknown/March2.pdf: ENOENT: no such file or directory, open '/tmp/opencouncil-docs/March2.pdf'
[2026-02-12T04:57:47.207Z] ❌ S3 upload failed for albany/misc/general/unknown/March2.pdf: ENOENT: no such file or directory, open '/tmp/opencouncil-docs/March2.pdf'
[2026-02-12T04:57:47.206Z] ❌ S3 upload failed for albany/misc/general/unknown/March16.pdf: ENOENT: no such file or directory, open '/tmp/opencouncil-docs/March16.pdf'
[2026-02-12T04:57:47.239Z] ❌ S3 upload failed for albany/misc/general/unknown/March16.pdf: ENOENT: no such file or directory, open '/tmp/opencouncil-docs/March16.pdf'
[2026-02-12T04:57:47.247Z] ❌ S3 upload failed for albany/misc/general/unknown/March16.pdf: ENOENT: no such file or directory, open '/tmp/opencouncil-docs/March16.pdf'
[2026-02-12T04:57:47.249Z] ❌ S3 upload failed for albany/misc/general/unknown/April27.pdf: ENOENT: no such file or directory, open '/tmp/opencouncil-docs/April27.pdf'
[2026-02-12T04:57:47.249Z] ❌ S3 upload failed for albany/misc/general/unknown/March16.pdf: ENOENT: no such file or directory, open '/tmp/opencouncil-docs/March16.pdf'
[2026-02-12T04:57:47.259Z] ❌ S3 upload failed for albany/misc/general/unknown/March23.pdf: ENOENT: no such file or directory, open '/tmp/opencouncil-docs/March23.pdf'
[2026-02-12T04:57:47.263Z] ❌ S3 upload failed for albany/misc/general/unknown/March23.pdf: ENOENT: no such file or directory, open '/tmp/opencouncil-docs/March23.pdf'
[2026-02-12T04:57:47.266Z] ❌ S3 upload failed for albany/misc/general/unknown/March23.pdf: ENOENT: no such file or directory, open '/tmp/opencouncil-docs/March23.pdf'
[2026-02-12T04:57:47.271Z] ❌ S3 upload failed for albany/misc/general/unknown/March23.pdf: ENOENT: no such file or directory, open '/tmp/opencouncil-docs/March23.pdf'
[2026-02-12T04:57:47.272Z] ❌ S3 upload failed for albany/misc/general/unknown/May4.pdf: ENOENT: no such file or directory, open '/tmp/opencouncil-docs/May4.pdf'
[2026-02-12T04:57:47.292Z] ❌ S3 upload failed for albany/misc/general/unknown/May11.pdf: ENOENT: no such file or directory, open '/tmp/opencouncil-docs/May11.pdf'
[2026-02-12T04:57:47.302Z] ❌ S3 upload failed for albany/misc/general/unknown/June8.pdf: ENOENT: no such file or directory, open '/tmp/opencouncil-docs/June8.pdf'
[2026-02-12T04:57:47.311Z] ❌ S3 upload failed for albany/misc/general/unknown/April6.pdf: ENOENT: no such file or directory, open '/tmp/opencouncil-docs/April6.pdf'
[2026-02-12T04:57:47.313Z] ❌ S3 upload failed for albany/misc/general/unknown/May18.pdf: ENOENT: no such file or directory, open '/tmp/opencouncil-docs/May18.pdf'
[2026-02-12T04:57:47.324Z] ❌ S3 upload failed for albany/misc/general/unknown/April6.pdf: ENOENT: no such file or directory, open '/tmp/opencouncil-docs/April6.pdf'
[2026-02-12T04:57:47.326Z] ❌ S3 upload failed for albany/misc/general/unknown/June15.pdf: ENOENT: no such file or directory, open '/tmp/opencouncil-docs/June15.pdf'
[2026-02-12T04:57:47.332Z] ❌ S3 upload failed for albany/misc/general/unknown/April13.pdf: ENOENT: no such file or directory, open '/tmp/opencouncil-docs/April13.pdf'
[2026-02-12T04:57:47.337Z] ❌ S3 upload failed for albany/misc/general/unknown/March2.pdf: ENOENT: no such file or directory, open '/tmp/opencouncil-docs/March2.pdf'
[2026-02-12T04:57:47.345Z] ❌ S3 upload failed for albany/misc/general/unknown/April13.pdf: ENOENT: no such file or directory, open '/tmp/opencouncil-docs/April13.pdf'
[2026-02-12T04:57:47.348Z] ❌ S3 upload failed for albany/misc/general/unknown/April6.pdf: ENOENT: no such file or directory, open '/tmp/opencouncil-docs/April6.pdf'
[2026-02-12T04:57:47.376Z] ❌ S3 upload failed for albany/misc/general/unknown/April13.pdf: ENOENT: no such file or directory, open '/tmp/opencouncil-docs/April13.pdf'
[2026-02-12T04:57:47.380Z] ❌ S3 upload failed for albany/misc/general/unknown/March16.pdf: ENOENT: no such file or directory, open '/tmp/opencouncil-docs/March16.pdf'
[2026-02-12T04:57:47.401Z] ❌ S3 upload failed for albany/misc/general/unknown/March23.pdf: ENOENT: no such file or directory, open '/tmp/opencouncil-docs/March23.pdf'
[2026-02-12T04:57:47.424Z] ❌ S3 upload failed for albany/misc/general/unknown/April6.pdf: ENOENT: no such file or directory, open '/tmp/opencouncil-docs/April6.pdf'
[2026-02-12T04:57:47.445Z] ❌ S3 upload failed for albany/misc/general/unknown/April13.pdf: ENOENT: no such file or directory, open '/tmp/opencouncil-docs/April13.pdf'
[2026-02-12T04:57:47.483Z] ❌ S3 upload failed for albany/misc/general/unknown/March16.pdf: ENOENT: no such file or directory, open '/tmp/opencouncil-docs/March16.pdf'
[2026-02-12T04:57:47.507Z] ❌ S3 upload failed for albany/misc/general/unknown/March23.pdf: ENOENT: no such file or directory, open '/tmp/opencouncil-docs/March23.pdf'
[2026-02-12T04:57:47.532Z] ❌ S3 upload failed for albany/misc/general/unknown/April6.pdf: ENOENT: no such file or directory, open '/tmp/opencouncil-docs/April6.pdf'
[2026-02-12T04:57:47.552Z] ❌ S3 upload failed for albany/misc/general/unknown/April13.pdf: ENOENT: no such file or directory, open '/tmp/opencouncil-docs/April13.pdf'
[2026-02-12T04:57:47.590Z] ❌ S3 upload failed for albany/misc/general/unknown/Jan13.pdf: ENOENT: no such file or directory, open '/tmp/opencouncil-docs/Jan13.pdf'
[2026-02-12T04:57:47.591Z] ❌ S3 upload failed for albany/misc/general/unknown/Jan13.pdf: ENOENT: no such file or directory, open '/tmp/opencouncil-docs/Jan13.pdf'
[2026-02-12T04:57:47.595Z] ❌ S3 upload failed for albany/misc/general/unknown/Jan13.pdf: ENOENT: no such file or directory, open '/tmp/opencouncil-docs/Jan13.pdf'
[2026-02-12T04:57:47.620Z] ❌ S3 upload failed for albany/misc/general/unknown/Jan13.pdf: ENOENT: no such file or directory, open '/tmp/opencouncil-docs/Jan13.pdf'
[2026-02-12T04:57:47.622Z] ❌ S3 upload failed for albany/misc/general/unknown/Jan13.pdf: ENOENT: no such file or directory, open '/tmp/opencouncil-docs/Jan13.pdf'
[2026-02-12T04:57:47.835Z] ❌ S3 upload failed for albany/misc/general/unknown/Feb1NP.pdf: ENOENT: no such file or directory, open '/tmp/opencouncil-docs/Feb1NP.pdf'
[2026-02-12T04:57:47.838Z] ❌ S3 upload failed for albany/misc/general/unknown/Feb1NP.pdf: ENOENT: no such file or directory, open '/tmp/opencouncil-docs/Feb1NP.pdf'
[2026-02-12T04:57:47.881Z] ❌ S3 upload failed for albany/misc/general/unknown/Feb1NP.pdf: ENOENT: no such file or directory, open '/tmp/opencouncil-docs/Feb1NP.pdf'
[2026-02-12T04:57:47.898Z] ❌ S3 upload failed for albany/misc/general/unknown/Feb1NP.pdf: ENOENT: no such file or directory, open '/tmp/opencouncil-docs/Feb1NP.pdf'
[2026-02-12T04:57:47.922Z] ❌ S3 upload failed for albany/misc/general/unknown/April6.pdf: ENOENT: no such file or directory, open '/tmp/opencouncil-docs/April6.pdf'
[2026-02-12T04:57:47.940Z] ❌ S3 upload failed for albany/misc/general/unknown/April13.pdf: ENOENT: no such file or directory, open '/tmp/opencouncil-docs/April13.pdf'
[2026-02-12T04:57:47.950Z]    Progress: 424 uploaded, 426 skipped, 100 failed
[2026-02-12T04:57:47.960Z]    Progress: 372 uploaded, 476 skipped, 102 failed
[2026-02-12T04:57:47.968Z] ❌ S3 upload failed for albany/misc/general/unknown/Feb1NP.pdf: ENOENT: no such file or directory, open '/tmp/opencouncil-docs/Feb1NP.pdf'
[2026-02-12T04:57:48.007Z] ❌ S3 upload failed for albany/misc/general/unknown/Jan13.pdf: ENOENT: no such file or directory, open '/tmp/opencouncil-docs/Jan13.pdf'
[2026-02-12T04:57:48.072Z] ❌ S3 upload failed for albany/misc/general/unknown/Feb1NP.pdf: ENOENT: no such file or directory, open '/tmp/opencouncil-docs/Feb1NP.pdf'
[2026-02-12T04:57:48.212Z] ❌ S3 upload failed for albany/misc/general/unknown/Sept15.pdf: ENOENT: no such file or directory, open '/tmp/opencouncil-docs/Sept15.pdf'
[2026-02-12T04:57:48.319Z]    Progress: 364 uploaded, 485 skipped, 101 failed
[2026-02-12T04:57:49.120Z] ❌ S3 upload failed for albany/misc/general/unknown/April21.pdf: ENOENT: no such file or directory, open '/tmp/opencouncil-docs/April21.pdf'
[2026-02-12T04:57:49.139Z] ❌ S3 upload failed for albany/misc/general/unknown/April21.pdf: ENOENT: no such file or directory, open '/tmp/opencouncil-docs/April21.pdf'
[2026-02-12T04:57:49.144Z] ❌ S3 upload failed for albany/misc/general/unknown/April21.pdf: ENOENT: no such file or directory, open '/tmp/opencouncil-docs/April21.pdf'
[2026-02-12T04:57:49.384Z] ❌ S3 upload failed for albany/misc/general/unknown/April21.pdf: ENOENT: no such file or directory, open '/tmp/opencouncil-docs/April21.pdf'
[2026-02-12T04:57:49.400Z] ❌ S3 upload failed for albany/misc/general/unknown/April21.pdf: ENOENT: no such file or directory, open '/tmp/opencouncil-docs/April21.pdf'
[2026-02-12T04:57:49.537Z] ❌ S3 upload failed for albany/misc/general/unknown/April21.pdf: ENOENT: no such file or directory, open '/tmp/opencouncil-docs/April21.pdf'
[2026-02-12T04:57:49.595Z] ❌ S3 upload failed for albany/misc/general/unknown/May21.pdf: ENOENT: no such file or directory, open '/tmp/opencouncil-docs/May21.pdf'
[2026-02-12T04:57:49.600Z] ❌ S3 upload failed for albany/misc/general/unknown/May21.pdf: ENOENT: no such file or directory, open '/tmp/opencouncil-docs/May21.pdf'
[2026-02-12T04:57:49.606Z] ❌ S3 upload failed for albany/misc/general/unknown/Oct21.pdf: ENOENT: no such file or directory, open '/tmp/opencouncil-docs/Oct21.pdf'
[2026-02-12T04:57:49.610Z] ❌ S3 upload failed for albany/misc/general/unknown/Oct21.pdf: ENOENT: no such file or directory, open '/tmp/opencouncil-docs/Oct21.pdf'
[2026-02-12T04:57:49.632Z] ❌ S3 upload failed for albany/misc/general/unknown/May21.pdf: ENOENT: no such file or directory, open '/tmp/opencouncil-docs/May21.pdf'
[2026-02-12T04:57:49.639Z] ❌ S3 upload failed for albany/misc/general/unknown/May21.pdf: ENOENT: no such file or directory, open '/tmp/opencouncil-docs/May21.pdf'
[2026-02-12T04:57:49.645Z] ❌ S3 upload failed for albany/misc/general/unknown/Oct21.pdf: ENOENT: no such file or directory, open '/tmp/opencouncil-docs/Oct21.pdf'
[2026-02-12T04:57:49.648Z] ❌ S3 upload failed for albany/misc/general/unknown/Oct21.pdf: ENOENT: no such file or directory, open '/tmp/opencouncil-docs/Oct21.pdf'
[2026-02-12T04:57:49.705Z] ❌ S3 upload failed for albany/misc/general/unknown/Dec2.pdf: ENOENT: no such file or directory, open '/tmp/opencouncil-docs/Dec2.pdf'
[2026-02-12T04:57:49.705Z] ❌ S3 upload failed for albany/misc/general/unknown/Dec2.pdf: ENOENT: no such file or directory, open '/tmp/opencouncil-docs/Dec2.pdf'
[2026-02-12T04:57:49.706Z] ❌ S3 upload failed for albany/misc/general/unknown/Dec2.pdf: ENOENT: no such file or directory, open '/tmp/opencouncil-docs/Dec2.pdf'
[2026-02-12T04:57:49.707Z] ❌ S3 upload failed for albany/misc/general/unknown/Dec2.pdf: ENOENT: no such file or directory, open '/tmp/opencouncil-docs/Dec2.pdf'
[2026-02-12T04:57:49.715Z] ❌ S3 upload failed for albany/misc/general/unknown/Dec16.pdf: ENOENT: no such file or directory, open '/tmp/opencouncil-docs/Dec16.pdf'
[2026-02-12T04:57:49.716Z] ❌ S3 upload failed for albany/misc/general/unknown/Dec16.pdf: ENOENT: no such file or directory, open '/tmp/opencouncil-docs/Dec16.pdf'
[2026-02-12T04:57:49.716Z] ❌ S3 upload failed for albany/misc/general/unknown/Dec16.pdf: ENOENT: no such file or directory, open '/tmp/opencouncil-docs/Dec16.pdf'
[2026-02-12T04:57:49.716Z] ❌ S3 upload failed for albany/misc/general/unknown/Dec16.pdf: ENOENT: no such file or directory, open '/tmp/opencouncil-docs/Dec16.pdf'
[2026-02-12T04:57:49.727Z] ❌ S3 upload failed for albany/misc/general/unknown/Oct28.pdf: ENOENT: no such file or directory, open '/tmp/opencouncil-docs/Oct28.pdf'
[2026-02-12T04:57:49.728Z] ❌ S3 upload failed for albany/misc/general/unknown/Oct28.pdf: ENOENT: no such file or directory, open '/tmp/opencouncil-docs/Oct28.pdf'
[2026-02-12T04:57:49.728Z] ❌ S3 upload failed for albany/misc/general/unknown/Oct28.pdf: ENOENT: no such file or directory, open '/tmp/opencouncil-docs/Oct28.pdf'
[2026-02-12T04:57:49.728Z] ❌ S3 upload failed for albany/misc/general/unknown/Oct28.pdf: ENOENT: no such file or directory, open '/tmp/opencouncil-docs/Oct28.pdf'
[2026-02-12T04:57:49.739Z] ❌ S3 upload failed for albany/misc/general/unknown/Jan6.pdf: ENOENT: no such file or directory, open '/tmp/opencouncil-docs/Jan6.pdf'
[2026-02-12T04:57:49.740Z] ❌ S3 upload failed for albany/misc/general/unknown/Jan6.pdf: ENOENT: no such file or directory, open '/tmp/opencouncil-docs/Jan6.pdf'
[2026-02-12T04:57:49.742Z] ❌ S3 upload failed for albany/misc/general/unknown/Jan6.pdf: ENOENT: no such file or directory, open '/tmp/opencouncil-docs/Jan6.pdf'
[2026-02-12T04:57:49.743Z] ❌ S3 upload failed for albany/misc/general/unknown/Jan6.pdf: ENOENT: no such file or directory, open '/tmp/opencouncil-docs/Jan6.pdf'
[2026-02-12T04:57:49.749Z] ❌ S3 upload failed for albany/misc/general/unknown/Nov4.pdf: ENOENT: no such file or directory, open '/tmp/opencouncil-docs/Nov4.pdf'
[2026-02-12T04:57:49.750Z] ❌ S3 upload failed for albany/misc/general/unknown/Nov4.pdf: ENOENT: no such file or directory, open '/tmp/opencouncil-docs/Nov4.pdf'
[2026-02-12T04:57:49.753Z] ❌ S3 upload failed for albany/misc/general/unknown/Nov4.pdf: ENOENT: no such file or directory, open '/tmp/opencouncil-docs/Nov4.pdf'
[2026-02-12T04:57:49.758Z] ❌ S3 upload failed for albany/misc/general/unknown/Nov4.pdf: ENOENT: no such file or directory, open '/tmp/opencouncil-docs/Nov4.pdf'
[2026-02-12T04:57:49.766Z] ❌ S3 upload failed for albany/misc/general/unknown/May21.pdf: ENOENT: no such file or directory, open '/tmp/opencouncil-docs/May21.pdf'
[2026-02-12T04:57:49.778Z] ❌ S3 upload failed for albany/misc/general/unknown/Oct21.pdf: ENOENT: no such file or directory, open '/tmp/opencouncil-docs/Oct21.pdf'
[2026-02-12T04:57:49.810Z] ❌ S3 upload failed for albany/misc/general/unknown/Dec2.pdf: ENOENT: no such file or directory, open '/tmp/opencouncil-docs/Dec2.pdf'
[2026-02-12T04:57:49.818Z] ❌ S3 upload failed for albany/misc/general/unknown/Dec16.pdf: ENOENT: no such file or directory, open '/tmp/opencouncil-docs/Dec16.pdf'
[2026-02-12T04:57:49.827Z] ❌ S3 upload failed for albany/misc/general/unknown/Oct28.pdf: ENOENT: no such file or directory, open '/tmp/opencouncil-docs/Oct28.pdf'
[2026-02-12T04:57:49.839Z] ❌ S3 upload failed for albany/misc/general/unknown/Jan6.pdf: ENOENT: no such file or directory, open '/tmp/opencouncil-docs/Jan6.pdf'
[2026-02-12T04:57:49.849Z] ❌ S3 upload failed for albany/misc/general/unknown/Nov4.pdf: ENOENT: no such file or directory, open '/tmp/opencouncil-docs/Nov4.pdf'
[2026-02-12T04:57:49.857Z] ❌ S3 upload failed for albany/misc/general/unknown/Feb17.pdf: ENOENT: no such file or directory, open '/tmp/opencouncil-docs/Feb17.pdf'
[2026-02-12T04:57:49.880Z] ❌ S3 upload failed for albany/misc/general/unknown/Feb17.pdf: ENOENT: no such file or directory, open '/tmp/opencouncil-docs/Feb17.pdf'
[2026-02-12T04:57:49.899Z] ❌ S3 upload failed for albany/misc/general/unknown/Feb17.pdf: ENOENT: no such file or directory, open '/tmp/opencouncil-docs/Feb17.pdf'
[2026-02-12T04:57:49.909Z] ❌ S3 upload failed for albany/misc/general/unknown/Feb25.pdf: ENOENT: no such file or directory, open '/tmp/opencouncil-docs/Feb25.pdf'
[2026-02-12T04:57:49.920Z] ❌ S3 upload failed for albany/misc/general/unknown/Feb25.pdf: ENOENT: no such file or directory, open '/tmp/opencouncil-docs/Feb25.pdf'
[2026-02-12T04:57:49.966Z]    Progress: 331 uploaded, 558 skipped, 111 failed
[2026-02-12T04:57:49.975Z] ❌ S3 upload failed for albany/misc/general/unknown/May21.pdf: ENOENT: no such file or directory, open '/tmp/opencouncil-docs/May21.pdf'
[2026-02-12T04:57:49.985Z] ❌ S3 upload failed for albany/misc/general/unknown/Oct21.pdf: ENOENT: no such file or directory, open '/tmp/opencouncil-docs/Oct21.pdf'
[2026-02-12T04:57:50.018Z] ❌ S3 upload failed for albany/misc/general/unknown/Dec2.pdf: ENOENT: no such file or directory, open '/tmp/opencouncil-docs/Dec2.pdf'
[2026-02-12T04:57:50.027Z] ❌ S3 upload failed for albany/misc/general/unknown/Dec16.pdf: ENOENT: no such file or directory, open '/tmp/opencouncil-docs/Dec16.pdf'
[2026-02-12T04:57:50.038Z] ❌ S3 upload failed for albany/misc/general/unknown/Oct28.pdf: ENOENT: no such file or directory, open '/tmp/opencouncil-docs/Oct28.pdf'
[2026-02-12T04:57:50.048Z] ❌ S3 upload failed for albany/misc/general/unknown/Jan6.pdf: ENOENT: no such file or directory, open '/tmp/opencouncil-docs/Jan6.pdf'
[2026-02-12T04:57:50.057Z] ❌ S3 upload failed for albany/misc/general/unknown/Nov4.pdf: ENOENT: no such file or directory, open '/tmp/opencouncil-docs/Nov4.pdf'
[2026-02-12T04:57:50.059Z] ❌ S3 upload failed for albany/misc/general/unknown/Feb17.pdf: ENOENT: no such file or directory, open '/tmp/opencouncil-docs/Feb17.pdf'
[2026-02-12T04:57:50.072Z] ❌ S3 upload failed for albany/misc/general/unknown/Feb10.pdf: ENOENT: no such file or directory, open '/tmp/opencouncil-docs/Feb10.pdf'
[2026-02-12T04:57:50.082Z] ❌ S3 upload failed for albany/misc/general/unknown/Feb25.pdf: ENOENT: no such file or directory, open '/tmp/opencouncil-docs/Feb25.pdf'
[2026-02-12T04:57:50.097Z] ❌ S3 upload failed for albany/misc/general/unknown/Feb17.pdf: ENOENT: no such file or directory, open '/tmp/opencouncil-docs/Feb17.pdf'
[2026-02-12T04:57:50.119Z] ❌ S3 upload failed for albany/misc/general/unknown/Feb25.pdf: ENOENT: no such file or directory, open '/tmp/opencouncil-docs/Feb25.pdf'
[2026-02-12T04:57:50.140Z] ❌ S3 upload failed for albany/misc/general/unknown/Feb10.pdf: ENOENT: no such file or directory, open '/tmp/opencouncil-docs/Feb10.pdf'
[2026-02-12T04:57:50.143Z] ❌ S3 upload failed for albany/misc/general/unknown/Feb25.pdf: ENOENT: no such file or directory, open '/tmp/opencouncil-docs/Feb25.pdf'
[2026-02-12T04:57:50.171Z] ❌ S3 upload failed for albany/misc/general/unknown/Feb10.pdf: ENOENT: no such file or directory, open '/tmp/opencouncil-docs/Feb10.pdf'
[2026-02-12T04:57:50.181Z] ❌ S3 upload failed for albany/misc/general/unknown/Feb17.pdf: ENOENT: no such file or directory, open '/tmp/opencouncil-docs/Feb17.pdf'
[2026-02-12T04:57:50.185Z] ❌ S3 upload failed for albany/misc/general/unknown/Sept9.pdf: ENOENT: no such file or directory, open '/tmp/opencouncil-docs/Sept9.pdf'
[2026-02-12T04:57:50.196Z] ❌ S3 upload failed for albany/misc/general/unknown/Aug5.pdf: ENOENT: no such file or directory, open '/tmp/opencouncil-docs/Aug5.pdf'
[2026-02-12T04:57:50.202Z] ❌ S3 upload failed for albany/misc/general/unknown/Feb25.pdf: ENOENT: no such file or directory, open '/tmp/opencouncil-docs/Feb25.pdf'
[2026-02-12T04:57:50.205Z] ❌ S3 upload failed for albany/misc/general/unknown/Feb10.pdf: ENOENT: no such file or directory, open '/tmp/opencouncil-docs/Feb10.pdf'
[2026-02-12T04:57:50.207Z] ❌ S3 upload failed for albany/misc/general/unknown/Sept9.pdf: ENOENT: no such file or directory, open '/tmp/opencouncil-docs/Sept9.pdf'
[2026-02-12T04:57:50.210Z] ❌ S3 upload failed for albany/misc/general/unknown/Sept16.pdf: ENOENT: no such file or directory, open '/tmp/opencouncil-docs/Sept16.pdf'
[2026-02-12T04:57:50.219Z] ❌ S3 upload failed for albany/misc/general/unknown/Aug5.pdf: ENOENT: no such file or directory, open '/tmp/opencouncil-docs/Aug5.pdf'
[2026-02-12T04:57:50.219Z] ❌ S3 upload failed for albany/misc/general/unknown/Aug12.pdf: ENOENT: no such file or directory, open '/tmp/opencouncil-docs/Aug12.pdf'
[2026-02-12T04:57:50.229Z] ❌ S3 upload failed for albany/misc/general/unknown/Sept16.pdf: ENOENT: no such file or directory, open '/tmp/opencouncil-docs/Sept16.pdf'
[2026-02-12T04:57:50.235Z] ❌ S3 upload failed for albany/misc/general/unknown/Sept23.pdf: ENOENT: no such file or directory, open '/tmp/opencouncil-docs/Sept23.pdf'
[2026-02-12T04:57:50.246Z]    Progress: 450 uploaded, 440 skipped, 110 failed
[2026-02-12T04:57:50.246Z] ❌ S3 upload failed for albany/misc/general/unknown/Sept9.pdf: ENOENT: no such file or directory, open '/tmp/opencouncil-docs/Sept9.pdf'
[2026-02-12T04:57:50.248Z] ❌ S3 upload failed for albany/misc/general/unknown/Aug19.pdf: ENOENT: no such file or directory, open '/tmp/opencouncil-docs/Aug19.pdf'
[2026-02-12T04:57:50.249Z] ❌ S3 upload failed for albany/misc/general/unknown/Feb10.pdf: ENOENT: no such file or directory, open '/tmp/opencouncil-docs/Feb10.pdf'
[2026-02-12T04:57:50.258Z] ❌ S3 upload failed for albany/misc/general/unknown/Aug5.pdf: ENOENT: no such file or directory, open '/tmp/opencouncil-docs/Aug5.pdf'
[2026-02-12T04:57:50.260Z] ❌ S3 upload failed for albany/misc/general/unknown/Sept9.pdf: ENOENT: no such file or directory, open '/tmp/opencouncil-docs/Sept9.pdf'
[2026-02-12T04:57:50.265Z] ❌ S3 upload failed for albany/misc/general/unknown/Aug12.pdf: ENOENT: no such file or directory, open '/tmp/opencouncil-docs/Aug12.pdf'
[2026-02-12T04:57:50.269Z] ❌ S3 upload failed for albany/misc/general/unknown/Sept16.pdf: ENOENT: no such file or directory, open '/tmp/opencouncil-docs/Sept16.pdf'
[2026-02-12T04:57:50.272Z] ❌ S3 upload failed for albany/misc/general/unknown/Aug5.pdf: ENOENT: no such file or directory, open '/tmp/opencouncil-docs/Aug5.pdf'
[2026-02-12T04:57:50.277Z] ❌ S3 upload failed for albany/misc/general/unknown/Feb10.pdf: ENOENT: no such file or directory, open '/tmp/opencouncil-docs/Feb10.pdf'
[2026-02-12T04:57:50.277Z] ❌ S3 upload failed for albany/misc/general/unknown/Sept9.pdf: ENOENT: no such file or directory, open '/tmp/opencouncil-docs/Sept9.pdf'
[2026-02-12T04:57:50.278Z] ❌ S3 upload failed for albany/misc/general/unknown/Sept23.pdf: ENOENT: no such file or directory, open '/tmp/opencouncil-docs/Sept23.pdf'
[2026-02-12T04:57:50.279Z] ❌ S3 upload failed for albany/misc/general/unknown/Aug12.pdf: ENOENT: no such file or directory, open '/tmp/opencouncil-docs/Aug12.pdf'
[2026-02-12T04:57:50.284Z] ❌ S3 upload failed for albany/misc/general/unknown/Sept16.pdf: ENOENT: no such file or directory, open '/tmp/opencouncil-docs/Sept16.pdf'
[2026-02-12T04:57:50.287Z] ❌ S3 upload failed for albany/misc/general/unknown/Aug19.pdf: ENOENT: no such file or directory, open '/tmp/opencouncil-docs/Aug19.pdf'
[2026-02-12T04:57:50.288Z] ❌ S3 upload failed for albany/misc/general/unknown/Sept23.pdf: ENOENT: no such file or directory, open '/tmp/opencouncil-docs/Sept23.pdf'
[2026-02-12T04:57:50.288Z] ❌ S3 upload failed for albany/misc/general/unknown/Aug5.pdf: ENOENT: no such file or directory, open '/tmp/opencouncil-docs/Aug5.pdf'
[2026-02-12T04:57:50.294Z] ❌ S3 upload failed for albany/misc/general/unknown/Aug12.pdf: ENOENT: no such file or directory, open '/tmp/opencouncil-docs/Aug12.pdf'
[2026-02-12T04:57:50.300Z] ❌ S3 upload failed for albany/misc/general/unknown/Aug19.pdf: ENOENT: no such file or directory, open '/tmp/opencouncil-docs/Aug19.pdf'
[2026-02-12T04:57:50.301Z] ❌ S3 upload failed for albany/misc/general/unknown/Sept16.pdf: ENOENT: no such file or directory, open '/tmp/opencouncil-docs/Sept16.pdf'
[2026-02-12T04:57:50.303Z] ❌ S3 upload failed for albany/misc/general/unknown/Sept23.pdf: ENOENT: no such file or directory, open '/tmp/opencouncil-docs/Sept23.pdf'
[2026-02-12T04:57:50.313Z] ❌ S3 upload failed for albany/misc/general/unknown/Aug19.pdf: ENOENT: no such file or directory, open '/tmp/opencouncil-docs/Aug19.pdf'
[2026-02-12T04:57:50.314Z] ❌ S3 upload failed for albany/misc/general/unknown/Aug12.pdf: ENOENT: no such file or directory, open '/tmp/opencouncil-docs/Aug12.pdf'
[2026-02-12T04:57:50.326Z] ❌ S3 upload failed for albany/misc/general/unknown/Sept9.pdf: ENOENT: no such file or directory, open '/tmp/opencouncil-docs/Sept9.pdf'
[2026-02-12T04:57:50.327Z] ❌ S3 upload failed for albany/misc/general/unknown/Sept23.pdf: ENOENT: no such file or directory, open '/tmp/opencouncil-docs/Sept23.pdf'
[2026-02-12T04:57:50.336Z] ❌ S3 upload failed for albany/misc/general/unknown/Aug19.pdf: ENOENT: no such file or directory, open '/tmp/opencouncil-docs/Aug19.pdf'
[2026-02-12T04:57:50.337Z] ❌ S3 upload failed for albany/misc/general/unknown/Aug5.pdf: ENOENT: no such file or directory, open '/tmp/opencouncil-docs/Aug5.pdf'
[2026-02-12T04:57:50.351Z] ❌ S3 upload failed for albany/misc/general/unknown/Sept16.pdf: ENOENT: no such file or directory, open '/tmp/opencouncil-docs/Sept16.pdf'
[2026-02-12T04:57:50.361Z] ❌ S3 upload failed for albany/misc/general/unknown/Aug12.pdf: ENOENT: no such file or directory, open '/tmp/opencouncil-docs/Aug12.pdf'
[2026-02-12T04:57:50.370Z] ❌ S3 upload failed for albany/misc/general/unknown/Sept23.pdf: ENOENT: no such file or directory, open '/tmp/opencouncil-docs/Sept23.pdf'
[2026-02-12T04:57:50.381Z] ❌ S3 upload failed for albany/misc/general/unknown/Aug19.pdf: ENOENT: no such file or directory, open '/tmp/opencouncil-docs/Aug19.pdf'
[2026-02-12T04:57:50.387Z] ❌ S3 upload failed for albany/misc/general/unknown/Sept2.pdf: ENOENT: no such file or directory, open '/tmp/opencouncil-docs/Sept2.pdf'
[2026-02-12T04:57:50.398Z] ❌ S3 upload failed for albany/misc/general/unknown/Oct7.pdf: ENOENT: no such file or directory, open '/tmp/opencouncil-docs/Oct7.pdf'
[2026-02-12T04:57:50.408Z] ❌ S3 upload failed for albany/misc/general/unknown/Sept2.pdf: ENOENT: no such file or directory, open '/tmp/opencouncil-docs/Sept2.pdf'
[2026-02-12T04:57:50.408Z] ❌ S3 upload failed for albany/minutes/general/unknown/Jan2.pdf: ENOENT: no such file or directory, open '/tmp/opencouncil-docs/Jan2.pdf'
[2026-02-12T04:57:50.409Z] ❌ S3 upload failed for albany/misc/general/unknown/Sept2.pdf: ENOENT: no such file or directory, open '/tmp/opencouncil-docs/Sept2.pdf'
[2026-02-12T04:57:50.418Z] ❌ S3 upload failed for albany/misc/general/unknown/Oct7.pdf: ENOENT: no such file or directory, open '/tmp/opencouncil-docs/Oct7.pdf'
[2026-02-12T04:57:50.419Z] ❌ S3 upload failed for albany/minutes/general/unknown/Jan9.pdf: ENOENT: no such file or directory, open '/tmp/opencouncil-docs/Jan9.pdf'
[2026-02-12T04:57:50.421Z] ❌ S3 upload failed for albany/misc/general/unknown/Oct7.pdf: ENOENT: no such file or directory, open '/tmp/opencouncil-docs/Oct7.pdf'
[2026-02-12T04:57:50.424Z] ❌ S3 upload failed for albany/misc/general/unknown/Sept2.pdf: ENOENT: no such file or directory, open '/tmp/opencouncil-docs/Sept2.pdf'
[2026-02-12T04:57:50.428Z] ❌ S3 upload failed for albany/minutes/general/unknown/Jan2.pdf: ENOENT: no such file or directory, open '/tmp/opencouncil-docs/Jan2.pdf'
[2026-02-12T04:57:50.431Z] ❌ S3 upload failed for albany/minutes/general/unknown/Jan16.pdf: ENOENT: no such file or directory, open '/tmp/opencouncil-docs/Jan16.pdf'
[2026-02-12T04:57:50.433Z] ❌ S3 upload failed for albany/misc/general/unknown/Oct7.pdf: ENOENT: no such file or directory, open '/tmp/opencouncil-docs/Oct7.pdf'
[2026-02-12T04:57:50.433Z] ❌ S3 upload failed for albany/minutes/general/unknown/Jan2.pdf: ENOENT: no such file or directory, open '/tmp/opencouncil-docs/Jan2.pdf'
[2026-02-12T04:57:50.436Z] ❌ S3 upload failed for albany/minutes/general/unknown/Jan9.pdf: ENOENT: no such file or directory, open '/tmp/opencouncil-docs/Jan9.pdf'
[2026-02-12T04:57:50.442Z] ❌ S3 upload failed for albany/minutes/general/unknown/Jan23.pdf: ENOENT: no such file or directory, open '/tmp/opencouncil-docs/Jan23.pdf'
[2026-02-12T04:57:50.442Z] ❌ S3 upload failed for albany/minutes/general/unknown/Jan9.pdf: ENOENT: no such file or directory, open '/tmp/opencouncil-docs/Jan9.pdf'
[2026-02-12T04:57:50.445Z] ❌ S3 upload failed for albany/minutes/general/unknown/Jan2.pdf: ENOENT: no such file or directory, open '/tmp/opencouncil-docs/Jan2.pdf'
[2026-02-12T04:57:50.448Z] ❌ S3 upload failed for albany/minutes/general/unknown/Jan16.pdf: ENOENT: no such file or directory, open '/tmp/opencouncil-docs/Jan16.pdf'
[2026-02-12T04:57:50.453Z] ❌ S3 upload failed for albany/minutes/general/unknown/Jan16.pdf: ENOENT: no such file or directory, open '/tmp/opencouncil-docs/Jan16.pdf'
[2026-02-12T04:57:50.454Z] ❌ S3 upload failed for albany/minutes/general/unknown/Jan30.pdf: ENOENT: no such file or directory, open '/tmp/opencouncil-docs/Jan30.pdf'
[2026-02-12T04:57:50.455Z] ❌ S3 upload failed for albany/minutes/general/unknown/Jan9.pdf: ENOENT: no such file or directory, open '/tmp/opencouncil-docs/Jan9.pdf'
[2026-02-12T04:57:50.459Z] ❌ S3 upload failed for albany/minutes/general/unknown/Jan23.pdf: ENOENT: no such file or directory, open '/tmp/opencouncil-docs/Jan23.pdf'
[2026-02-12T04:57:50.465Z] ❌ S3 upload failed for albany/minutes/general/unknown/Jan23.pdf: ENOENT: no such file or directory, open '/tmp/opencouncil-docs/Jan23.pdf'
[2026-02-12T04:57:50.465Z] ❌ S3 upload failed for albany/minutes/general/unknown/Feb8.pdf: ENOENT: no such file or directory, open '/tmp/opencouncil-docs/Feb8.pdf'
[2026-02-12T04:57:50.468Z] ❌ S3 upload failed for albany/minutes/general/unknown/Jan16.pdf: ENOENT: no such file or directory, open '/tmp/opencouncil-docs/Jan16.pdf'
[2026-02-12T04:57:50.468Z] ❌ S3 upload failed for albany/minutes/general/unknown/Jan30.pdf: ENOENT: no such file or directory, open '/tmp/opencouncil-docs/Jan30.pdf'
[2026-02-12T04:57:50.477Z] ❌ S3 upload failed for albany/minutes/general/unknown/Jan30.pdf: ENOENT: no such file or directory, open '/tmp/opencouncil-docs/Jan30.pdf'
[2026-02-12T04:57:50.477Z] ❌ S3 upload failed for albany/minutes/general/unknown/Jan23.pdf: ENOENT: no such file or directory, open '/tmp/opencouncil-docs/Jan23.pdf'
[2026-02-12T04:57:50.478Z] ❌ S3 upload failed for albany/minutes/general/unknown/Feb13.pdf: ENOENT: no such file or directory, open '/tmp/opencouncil-docs/Feb13.pdf'
[2026-02-12T04:57:50.479Z] ❌ S3 upload failed for albany/minutes/general/unknown/Feb8.pdf: ENOENT: no such file or directory, open '/tmp/opencouncil-docs/Feb8.pdf'
[2026-02-12T04:57:50.486Z] ❌ S3 upload failed for albany/minutes/general/unknown/Jan30.pdf: ENOENT: no such file or directory, open '/tmp/opencouncil-docs/Jan30.pdf'
[2026-02-12T04:57:50.488Z] ❌ S3 upload failed for albany/minutes/general/unknown/Feb13.pdf: ENOENT: no such file or directory, open '/tmp/opencouncil-docs/Feb13.pdf'
[2026-02-12T04:57:50.488Z] ❌ S3 upload failed for albany/minutes/general/unknown/Feb20.pdf: ENOENT: no such file or directory, open '/tmp/opencouncil-docs/Feb20.pdf'
[2026-02-12T04:57:50.488Z] ❌ S3 upload failed for albany/minutes/general/unknown/Feb8.pdf: ENOENT: no such file or directory, open '/tmp/opencouncil-docs/Feb8.pdf'
[2026-02-12T04:57:50.497Z] ❌ S3 upload failed for albany/minutes/general/unknown/Feb20.pdf: ENOENT: no such file or directory, open '/tmp/opencouncil-docs/Feb20.pdf'
[2026-02-12T04:57:50.499Z] ❌ S3 upload failed for albany/minutes/general/unknown/Feb8.pdf: ENOENT: no such file or directory, open '/tmp/opencouncil-docs/Feb8.pdf'
[2026-02-12T04:57:50.500Z] ❌ S3 upload failed for albany/minutes/general/unknown/Feb13.pdf: ENOENT: no such file or directory, open '/tmp/opencouncil-docs/Feb13.pdf'
[2026-02-12T04:57:50.500Z] ❌ S3 upload failed for albany/minutes/general/unknown/Feb27.pdf: ENOENT: no such file or directory, open '/tmp/opencouncil-docs/Feb27.pdf'
[2026-02-12T04:57:50.509Z] ❌ S3 upload failed for albany/minutes/general/unknown/Feb27.pdf: ENOENT: no such file or directory, open '/tmp/opencouncil-docs/Feb27.pdf'
[2026-02-12T04:57:50.511Z] ❌ S3 upload failed for albany/minutes/general/unknown/Feb20.pdf: ENOENT: no such file or directory, open '/tmp/opencouncil-docs/Feb20.pdf'
[2026-02-12T04:57:50.512Z] ❌ S3 upload failed for albany/minutes/general/unknown/March5.pdf: ENOENT: no such file or directory, open '/tmp/opencouncil-docs/March5.pdf'
[2026-02-12T04:57:50.513Z] ❌ S3 upload failed for albany/minutes/general/unknown/Feb13.pdf: ENOENT: no such file or directory, open '/tmp/opencouncil-docs/Feb13.pdf'
[2026-02-12T04:57:50.518Z] ❌ S3 upload failed for albany/minutes/general/unknown/March5.pdf: ENOENT: no such file or directory, open '/tmp/opencouncil-docs/March5.pdf'
[2026-02-12T04:57:50.521Z] ❌ S3 upload failed for albany/minutes/general/unknown/Feb27.pdf: ENOENT: no such file or directory, open '/tmp/opencouncil-docs/Feb27.pdf'
[2026-02-12T04:57:50.527Z] ❌ S3 upload failed for albany/minutes/general/unknown/Feb20.pdf: ENOENT: no such file or directory, open '/tmp/opencouncil-docs/Feb20.pdf'
[2026-02-12T04:57:50.535Z] ❌ S3 upload failed for albany/minutes/general/unknown/March5.pdf: ENOENT: no such file or directory, open '/tmp/opencouncil-docs/March5.pdf'
[2026-02-12T04:57:50.539Z] ❌ S3 upload failed for albany/minutes/general/unknown/Feb27.pdf: ENOENT: no such file or directory, open '/tmp/opencouncil-docs/Feb27.pdf'
[2026-02-12T04:57:50.549Z] ❌ S3 upload failed for albany/minutes/general/unknown/March5.pdf: ENOENT: no such file or directory, open '/tmp/opencouncil-docs/March5.pdf'
[2026-02-12T04:57:50.563Z] ❌ S3 upload failed for albany/minutes/general/unknown/March19.pdf: ENOENT: no such file or directory, open '/tmp/opencouncil-docs/March19.pdf'
[2026-02-12T04:57:50.571Z] ❌ S3 upload failed for albany/minutes/general/unknown/March19.pdf: ENOENT: no such file or directory, open '/tmp/opencouncil-docs/March19.pdf'
[2026-02-12T04:57:50.572Z] ❌ S3 upload failed for albany/minutes/general/unknown/March26.pdf: ENOENT: no such file or directory, open '/tmp/opencouncil-docs/March26.pdf'
[2026-02-12T04:57:50.582Z] ❌ S3 upload failed for albany/minutes/general/unknown/April2.pdf: ENOENT: no such file or directory, open '/tmp/opencouncil-docs/April2.pdf'
[2026-02-12T04:57:50.583Z] ❌ S3 upload failed for albany/minutes/general/unknown/March26.pdf: ENOENT: no such file or directory, open '/tmp/opencouncil-docs/March26.pdf'
[2026-02-12T04:57:50.586Z] ❌ S3 upload failed for albany/minutes/general/unknown/March19.pdf: ENOENT: no such file or directory, open '/tmp/opencouncil-docs/March19.pdf'
[2026-02-12T04:57:50.594Z] ❌ S3 upload failed for albany/minutes/general/unknown/April2.pdf: ENOENT: no such file or directory, open '/tmp/opencouncil-docs/April2.pdf'
[2026-02-12T04:57:50.596Z] ❌ S3 upload failed for albany/minutes/general/unknown/April9.pdf: ENOENT: no such file or directory, open '/tmp/opencouncil-docs/April9.pdf'
[2026-02-12T04:57:50.599Z] ❌ S3 upload failed for albany/minutes/general/unknown/March26.pdf: ENOENT: no such file or directory, open '/tmp/opencouncil-docs/March26.pdf'
[2026-02-12T04:57:50.603Z] ❌ S3 upload failed for albany/minutes/general/unknown/March19.pdf: ENOENT: no such file or directory, open '/tmp/opencouncil-docs/March19.pdf'
[2026-02-12T04:57:50.605Z] ❌ S3 upload failed for albany/misc/general/unknown/Sept2.pdf: ENOENT: no such file or directory, open '/tmp/opencouncil-docs/Sept2.pdf'
[2026-02-12T04:57:50.605Z] ❌ S3 upload failed for albany/minutes/general/unknown/April9.pdf: ENOENT: no such file or directory, open '/tmp/opencouncil-docs/April9.pdf'
[2026-02-12T04:57:50.608Z] ❌ S3 upload failed for albany/minutes/general/unknown/April14.pdf: ENOENT: no such file or directory, open '/tmp/opencouncil-docs/April14.pdf'
[2026-02-12T04:57:50.610Z] ❌ S3 upload failed for albany/minutes/general/unknown/April2.pdf: ENOENT: no such file or directory, open '/tmp/opencouncil-docs/April2.pdf'
[2026-02-12T04:57:50.612Z] ❌ S3 upload failed for albany/minutes/general/unknown/March26.pdf: ENOENT: no such file or directory, open '/tmp/opencouncil-docs/March26.pdf'
[2026-02-12T04:57:50.616Z] ❌ S3 upload failed for albany/misc/general/unknown/Oct7.pdf: ENOENT: no such file or directory, open '/tmp/opencouncil-docs/Oct7.pdf'
[2026-02-12T04:57:50.616Z] ❌ S3 upload failed for albany/minutes/general/unknown/April14.pdf: ENOENT: no such file or directory, open '/tmp/opencouncil-docs/April14.pdf'
[2026-02-12T04:57:50.621Z] ❌ S3 upload failed for albany/minutes/general/unknown/April9.pdf: ENOENT: no such file or directory, open '/tmp/opencouncil-docs/April9.pdf'
[2026-02-12T04:57:50.624Z] ❌ S3 upload failed for albany/minutes/general/unknown/April2.pdf: ENOENT: no such file or directory, open '/tmp/opencouncil-docs/April2.pdf'
[2026-02-12T04:57:50.627Z] ❌ S3 upload failed for albany/minutes/general/unknown/Jan2.pdf: ENOENT: no such file or directory, open '/tmp/opencouncil-docs/Jan2.pdf'
[2026-02-12T04:57:50.631Z] ❌ S3 upload failed for albany/minutes/general/unknown/April14.pdf: ENOENT: no such file or directory, open '/tmp/opencouncil-docs/April14.pdf'
[2026-02-12T04:57:50.635Z] ❌ S3 upload failed for albany/minutes/general/unknown/April9.pdf: ENOENT: no such file or directory, open '/tmp/opencouncil-docs/April9.pdf'
[2026-02-12T04:57:50.637Z] ❌ S3 upload failed for albany/minutes/general/unknown/Jan9.pdf: ENOENT: no such file or directory, open '/tmp/opencouncil-docs/Jan9.pdf'
[2026-02-12T04:57:50.647Z] ❌ S3 upload failed for albany/minutes/general/unknown/April14.pdf: ENOENT: no such file or directory, open '/tmp/opencouncil-docs/April14.pdf'
[2026-02-12T04:57:50.648Z] ❌ S3 upload failed for albany/minutes/general/unknown/Jan16.pdf: ENOENT: no such file or directory, open '/tmp/opencouncil-docs/Jan16.pdf'
[2026-02-12T04:57:50.660Z] ❌ S3 upload failed for albany/minutes/general/unknown/Jan23.pdf: ENOENT: no such file or directory, open '/tmp/opencouncil-docs/Jan23.pdf'
[2026-02-12T04:57:50.674Z] ❌ S3 upload failed for albany/minutes/general/unknown/Jan30.pdf: ENOENT: no such file or directory, open '/tmp/opencouncil-docs/Jan30.pdf'
[2026-02-12T04:57:50.684Z] ❌ S3 upload failed for albany/minutes/general/unknown/Feb8.pdf: ENOENT: no such file or directory, open '/tmp/opencouncil-docs/Feb8.pdf'
[2026-02-12T04:57:50.688Z] ❌ S3 upload failed for albany/minutes/general/unknown/April23.pdf: ENOENT: no such file or directory, open '/tmp/opencouncil-docs/April23.pdf'
[2026-02-12T04:57:50.695Z] ❌ S3 upload failed for albany/minutes/general/unknown/Feb13.pdf: ENOENT: no such file or directory, open '/tmp/opencouncil-docs/Feb13.pdf'
[2026-02-12T04:57:50.700Z] ❌ S3 upload failed for albany/minutes/general/unknown/May7.pdf: ENOENT: no such file or directory, open '/tmp/opencouncil-docs/May7.pdf'
[2026-02-12T04:57:50.707Z] ❌ S3 upload failed for albany/minutes/general/unknown/Feb20.pdf: ENOENT: no such file or directory, open '/tmp/opencouncil-docs/Feb20.pdf'
[2026-02-12T04:57:50.711Z] ❌ S3 upload failed for albany/minutes/general/unknown/May14.pdf: ENOENT: no such file or directory, open '/tmp/opencouncil-docs/May14.pdf'
[2026-02-12T04:57:50.715Z] ❌ S3 upload failed for albany/minutes/general/unknown/April23.pdf: ENOENT: no such file or directory, open '/tmp/opencouncil-docs/April23.pdf'
[2026-02-12T04:57:50.717Z] ❌ S3 upload failed for albany/minutes/general/unknown/Feb27.pdf: ENOENT: no such file or directory, open '/tmp/opencouncil-docs/Feb27.pdf'
[2026-02-12T04:57:50.721Z] ❌ S3 upload failed for albany/minutes/general/unknown/May21.pdf: ENOENT: no such file or directory, open '/tmp/opencouncil-docs/May21.pdf'
[2026-02-12T04:57:50.721Z] ❌ S3 upload failed for albany/minutes/general/unknown/April23.pdf: ENOENT: no such file or directory, open '/tmp/opencouncil-docs/April23.pdf'
[2026-02-12T04:57:50.727Z] ❌ S3 upload failed for albany/minutes/general/unknown/March5.pdf: ENOENT: no such file or directory, open '/tmp/opencouncil-docs/March5.pdf'
[2026-02-12T04:57:50.728Z] ❌ S3 upload failed for albany/minutes/general/unknown/May7.pdf: ENOENT: no such file or directory, open '/tmp/opencouncil-docs/May7.pdf'
[2026-02-12T04:57:50.731Z] ❌ S3 upload failed for albany/minutes/general/unknown/May28.pdf: ENOENT: no such file or directory, open '/tmp/opencouncil-docs/May28.pdf'
[2026-02-12T04:57:50.732Z] ❌ S3 upload failed for albany/minutes/general/unknown/May7.pdf: ENOENT: no such file or directory, open '/tmp/opencouncil-docs/May7.pdf'
[2026-02-12T04:57:50.733Z] ❌ S3 upload failed for albany/misc/general/unknown/Sept2.pdf: ENOENT: no such file or directory, open '/tmp/opencouncil-docs/Sept2.pdf'
[2026-02-12T04:57:50.739Z] ❌ S3 upload failed for albany/minutes/general/unknown/May14.pdf: ENOENT: no such file or directory, open '/tmp/opencouncil-docs/May14.pdf'
[2026-02-12T04:57:50.740Z] ❌ S3 upload failed for albany/minutes/general/unknown/June4.pdf: ENOENT: no such file or directory, open '/tmp/opencouncil-docs/June4.pdf'
[2026-02-12T04:57:50.744Z] ❌ S3 upload failed for albany/minutes/general/unknown/May14.pdf: ENOENT: no such file or directory, open '/tmp/opencouncil-docs/May14.pdf'
[2026-02-12T04:57:50.746Z] ❌ S3 upload failed for albany/misc/general/unknown/Oct7.pdf: ENOENT: no such file or directory, open '/tmp/opencouncil-docs/Oct7.pdf'
[2026-02-12T04:57:50.749Z] ❌ S3 upload failed for albany/minutes/general/unknown/June11.pdf: ENOENT: no such file or directory, open '/tmp/opencouncil-docs/June11.pdf'
[2026-02-12T04:57:50.750Z] ❌ S3 upload failed for albany/minutes/general/unknown/March19.pdf: ENOENT: no such file or directory, open '/tmp/opencouncil-docs/March19.pdf'
[2026-02-12T04:57:50.751Z] ❌ S3 upload failed for albany/minutes/general/unknown/May21.pdf: ENOENT: no such file or directory, open '/tmp/opencouncil-docs/May21.pdf'
[2026-02-12T04:57:50.757Z] ❌ S3 upload failed for albany/minutes/general/unknown/May21.pdf: ENOENT: no such file or directory, open '/tmp/opencouncil-docs/May21.pdf'
[2026-02-12T04:57:50.759Z] ❌ S3 upload failed for albany/minutes/general/unknown/Jan2.pdf: ENOENT: no such file or directory, open '/tmp/opencouncil-docs/Jan2.pdf'
[2026-02-12T04:57:50.766Z] ❌ S3 upload failed for albany/minutes/general/unknown/March26.pdf: ENOENT: no such file or directory, open '/tmp/opencouncil-docs/March26.pdf'
[2026-02-12T04:57:50.766Z] ❌ S3 upload failed for albany/misc/general/unknown/July9.pdf: ENOENT: no such file or directory, open '/tmp/opencouncil-docs/July9.pdf'
[2026-02-12T04:57:50.766Z] ❌ S3 upload failed for albany/minutes/general/unknown/May28.pdf: ENOENT: no such file or directory, open '/tmp/opencouncil-docs/May28.pdf'
[2026-02-12T04:57:50.768Z] ❌ S3 upload failed for albany/minutes/general/unknown/Jan9.pdf: ENOENT: no such file or directory, open '/tmp/opencouncil-docs/Jan9.pdf'
[2026-02-12T04:57:50.768Z] ❌ S3 upload failed for albany/minutes/general/unknown/May28.pdf: ENOENT: no such file or directory, open '/tmp/opencouncil-docs/May28.pdf'
[2026-02-12T04:57:50.774Z] ❌ S3 upload failed for albany/misc/general/2025/ChangeOfAddress_2022.pdf: ENOENT: no such file or directory, open '/tmp/opencouncil-docs/ChangeOfAddress_2022.pdf'
[2026-02-12T04:57:50.776Z] ❌ S3 upload failed for albany/minutes/general/unknown/April2.pdf: ENOENT: no such file or directory, open '/tmp/opencouncil-docs/April2.pdf'
[2026-02-12T04:57:50.777Z] ❌ S3 upload failed for albany/minutes/general/unknown/June4.pdf: ENOENT: no such file or directory, open '/tmp/opencouncil-docs/June4.pdf'
[2026-02-12T04:57:50.778Z] ❌ S3 upload failed for albany/minutes/general/unknown/Jan16.pdf: ENOENT: no such file or directory, open '/tmp/opencouncil-docs/Jan16.pdf'
[2026-02-12T04:57:50.780Z] ❌ S3 upload failed for albany/minutes/general/unknown/June4.pdf: ENOENT: no such file or directory, open '/tmp/opencouncil-docs/June4.pdf'
[2026-02-12T04:57:50.788Z] ❌ S3 upload failed for albany/minutes/general/unknown/April9.pdf: ENOENT: no such file or directory, open '/tmp/opencouncil-docs/April9.pdf'
[2026-02-12T04:57:50.788Z] ❌ S3 upload failed for albany/minutes/general/unknown/June11.pdf: ENOENT: no such file or directory, open '/tmp/opencouncil-docs/June11.pdf'
[2026-02-12T04:57:50.788Z] ❌ S3 upload failed for albany/minutes/general/unknown/Jan23.pdf: ENOENT: no such file or directory, open '/tmp/opencouncil-docs/Jan23.pdf'
[2026-02-12T04:57:50.792Z] ❌ S3 upload failed for albany/minutes/general/unknown/June11.pdf: ENOENT: no such file or directory, open '/tmp/opencouncil-docs/June11.pdf'
[2026-02-12T04:57:50.800Z] ❌ S3 upload failed for albany/minutes/general/unknown/Jan30.pdf: ENOENT: no such file or directory, open '/tmp/opencouncil-docs/Jan30.pdf'
[2026-02-12T04:57:50.800Z] ❌ S3 upload failed for albany/misc/general/unknown/July9.pdf: ENOENT: no such file or directory, open '/tmp/opencouncil-docs/July9.pdf'
[2026-02-12T04:57:50.806Z] ❌ S3 upload failed for albany/minutes/general/unknown/April14.pdf: ENOENT: no such file or directory, open '/tmp/opencouncil-docs/April14.pdf'
[2026-02-12T04:57:50.828Z] ❌ S3 upload failed for albany/misc/general/unknown/July9.pdf: ENOENT: no such file or directory, open '/tmp/opencouncil-docs/July9.pdf'
[2026-02-12T04:57:50.828Z] ❌ S3 upload failed for albany/minutes/general/unknown/Feb8.pdf: ENOENT: no such file or directory, open '/tmp/opencouncil-docs/Feb8.pdf'
[2026-02-12T04:57:50.828Z] ❌ S3 upload failed for albany/misc/general/2025/ChangeOfAddress_2022.pdf: ENOENT: no such file or directory, open '/tmp/opencouncil-docs/ChangeOfAddress_2022.pdf'
[2026-02-12T04:57:50.837Z] ❌ S3 upload failed for albany/minutes/general/unknown/April23.pdf: ENOENT: no such file or directory, open '/tmp/opencouncil-docs/April23.pdf'
[2026-02-12T04:57:50.838Z] ❌ S3 upload failed for albany/misc/general/2025/ChangeOfAddress_2022.pdf: ENOENT: no such file or directory, open '/tmp/opencouncil-docs/ChangeOfAddress_2022.pdf'
[2026-02-12T04:57:50.838Z] ❌ S3 upload failed for albany/minutes/general/unknown/Feb13.pdf: ENOENT: no such file or directory, open '/tmp/opencouncil-docs/Feb13.pdf'
[2026-02-12T04:57:50.848Z] ❌ S3 upload failed for albany/minutes/general/unknown/May7.pdf: ENOENT: no such file or directory, open '/tmp/opencouncil-docs/May7.pdf'
[2026-02-12T04:57:50.850Z] ❌ S3 upload failed for albany/minutes/general/unknown/Feb20.pdf: ENOENT: no such file or directory, open '/tmp/opencouncil-docs/Feb20.pdf'
[2026-02-12T04:57:50.874Z] ❌ S3 upload failed for albany/minutes/general/unknown/May14.pdf: ENOENT: no such file or directory, open '/tmp/opencouncil-docs/May14.pdf'
[2026-02-12T04:57:50.875Z] ❌ S3 upload failed for albany/minutes/general/unknown/Feb27.pdf: ENOENT: no such file or directory, open '/tmp/opencouncil-docs/Feb27.pdf'
[2026-02-12T04:57:50.883Z] ❌ S3 upload failed for albany/minutes/general/unknown/March5.pdf: ENOENT: no such file or directory, open '/tmp/opencouncil-docs/March5.pdf'
[2026-02-12T04:57:50.898Z] ❌ S3 upload failed for albany/minutes/general/unknown/May21.pdf: ENOENT: no such file or directory, open '/tmp/opencouncil-docs/May21.pdf'
[2026-02-12T04:57:50.914Z] ❌ S3 upload failed for albany/minutes/general/unknown/May28.pdf: ENOENT: no such file or directory, open '/tmp/opencouncil-docs/May28.pdf'
[2026-02-12T04:57:50.925Z] ❌ S3 upload failed for albany/minutes/general/unknown/March19.pdf: ENOENT: no such file or directory, open '/tmp/opencouncil-docs/March19.pdf'
[2026-02-12T04:57:50.931Z] ❌ S3 upload failed for albany/minutes/general/unknown/April23.pdf: ENOENT: no such file or directory, open '/tmp/opencouncil-docs/April23.pdf'
[2026-02-12T04:57:50.948Z] ❌ S3 upload failed for albany/minutes/general/unknown/June4.pdf: ENOENT: no such file or directory, open '/tmp/opencouncil-docs/June4.pdf'
[2026-02-12T04:57:50.948Z] ❌ S3 upload failed for albany/minutes/general/unknown/May7.pdf: ENOENT: no such file or directory, open '/tmp/opencouncil-docs/May7.pdf'
[2026-02-12T04:57:50.948Z] ❌ S3 upload failed for albany/minutes/general/unknown/March26.pdf: ENOENT: no such file or directory, open '/tmp/opencouncil-docs/March26.pdf'
[2026-02-12T04:57:50.958Z] ❌ S3 upload failed for albany/minutes/general/unknown/June11.pdf: ENOENT: no such file or directory, open '/tmp/opencouncil-docs/June11.pdf'
[2026-02-12T04:57:50.959Z] ❌ S3 upload failed for albany/minutes/general/unknown/May14.pdf: ENOENT: no such file or directory, open '/tmp/opencouncil-docs/May14.pdf'
[2026-02-12T04:57:50.962Z] ❌ S3 upload failed for albany/minutes/general/unknown/April2.pdf: ENOENT: no such file or directory, open '/tmp/opencouncil-docs/April2.pdf'
[2026-02-12T04:57:50.969Z] ❌ S3 upload failed for albany/misc/general/unknown/July9.pdf: ENOENT: no such file or directory, open '/tmp/opencouncil-docs/July9.pdf'
[2026-02-12T04:57:50.971Z] ❌ S3 upload failed for albany/minutes/general/unknown/May21.pdf: ENOENT: no such file or directory, open '/tmp/opencouncil-docs/May21.pdf'
[2026-02-12T04:57:50.972Z] ❌ S3 upload failed for albany/minutes/general/unknown/April9.pdf: ENOENT: no such file or directory, open '/tmp/opencouncil-docs/April9.pdf'
[2026-02-12T04:57:50.978Z] ❌ S3 upload failed for albany/misc/general/2025/ChangeOfAddress_2022.pdf: ENOENT: no such file or directory, open '/tmp/opencouncil-docs/ChangeOfAddress_2022.pdf'
[2026-02-12T04:57:50.982Z] ❌ S3 upload failed for albany/minutes/general/unknown/May28.pdf: ENOENT: no such file or directory, open '/tmp/opencouncil-docs/May28.pdf'
[2026-02-12T04:57:50.985Z] ❌ S3 upload failed for albany/minutes/general/unknown/April14.pdf: ENOENT: no such file or directory, open '/tmp/opencouncil-docs/April14.pdf'
[2026-02-12T04:57:50.991Z] ❌ S3 upload failed for albany/minutes/general/unknown/June4.pdf: ENOENT: no such file or directory, open '/tmp/opencouncil-docs/June4.pdf'
[2026-02-12T04:57:51.028Z] ❌ S3 upload failed for albany/minutes/general/unknown/June11.pdf: ENOENT: no such file or directory, open '/tmp/opencouncil-docs/June11.pdf'
[2026-02-12T04:57:51.029Z] ❌ S3 upload failed for albany/minutes/general/unknown/April23.pdf: ENOENT: no such file or directory, open '/tmp/opencouncil-docs/April23.pdf'
[2026-02-12T04:57:51.040Z] ❌ S3 upload failed for albany/misc/general/unknown/July9.pdf: ENOENT: no such file or directory, open '/tmp/opencouncil-docs/July9.pdf'
[2026-02-12T04:57:51.041Z] ❌ S3 upload failed for albany/minutes/general/unknown/May7.pdf: ENOENT: no such file or directory, open '/tmp/opencouncil-docs/May7.pdf'
[2026-02-12T04:57:51.050Z] ❌ S3 upload failed for albany/misc/general/2025/ChangeOfAddress_2022.pdf: ENOENT: no such file or directory, open '/tmp/opencouncil-docs/ChangeOfAddress_2022.pdf'
[2026-02-12T04:57:51.052Z] ❌ S3 upload failed for albany/minutes/general/unknown/May14.pdf: ENOENT: no such file or directory, open '/tmp/opencouncil-docs/May14.pdf'
[2026-02-12T04:57:51.072Z] ❌ S3 upload failed for albany/minutes/general/unknown/May21.pdf: ENOENT: no such file or directory, open '/tmp/opencouncil-docs/May21.pdf'
[2026-02-12T04:57:51.085Z] ❌ S3 upload failed for albany/minutes/general/unknown/May28.pdf: ENOENT: no such file or directory, open '/tmp/opencouncil-docs/May28.pdf'
[2026-02-12T04:57:51.127Z] ❌ S3 upload failed for albany/minutes/general/unknown/June4.pdf: ENOENT: no such file or directory, open '/tmp/opencouncil-docs/June4.pdf'
[2026-02-12T04:57:51.152Z] ❌ S3 upload failed for albany/minutes/general/unknown/June11.pdf: ENOENT: no such file or directory, open '/tmp/opencouncil-docs/June11.pdf'
[2026-02-12T04:57:51.169Z] ❌ S3 upload failed for albany/misc/general/unknown/July9.pdf: ENOENT: no such file or directory, open '/tmp/opencouncil-docs/July9.pdf'
[2026-02-12T04:57:51.182Z] ❌ S3 upload failed for albany/misc/general/2025/ChangeOfAddress_2022.pdf: ENOENT: no such file or directory, open '/tmp/opencouncil-docs/ChangeOfAddress_2022.pdf'
[2026-02-12T04:57:52.540Z]    Progress: 347 uploaded, 559 skipped, 144 failed
[2026-02-12T04:57:52.576Z]    Progress: 457 uploaded, 450 skipped, 143 failed
[2026-02-12T04:57:52.626Z]    Progress: 391 uploaded, 515 skipped, 144 failed
[2026-02-12T04:57:52.631Z]    Progress: 388 uploaded, 517 skipped, 145 failed
[2026-02-12T04:57:53.067Z] ❌ S3 upload failed for albany/annual-reports/general/2012/AnnualReport2012.pdf: ENOENT: no such file or directory, open '/tmp/opencouncil-docs/AnnualReport2012.pdf'
[2026-02-12T04:57:53.070Z] ❌ S3 upload failed for albany/annual-reports/general/2012/AnnualReport2012.pdf: ENOENT: no such file or directory, open '/tmp/opencouncil-docs/AnnualReport2012.pdf'
[2026-02-12T04:57:53.080Z] ❌ S3 upload failed for albany/annual-reports/general/2012/AnnualReport2012.pdf: ENOENT: no such file or directory, open '/tmp/opencouncil-docs/AnnualReport2012.pdf'
[2026-02-12T04:57:53.204Z] ❌ S3 upload failed for albany/annual-reports/general/2012/AnnualReport2012.pdf: ENOENT: no such file or directory, open '/tmp/opencouncil-docs/AnnualReport2012.pdf'
[2026-02-12T04:57:53.345Z] ❌ S3 upload failed for albany/annual-reports/general/2012/AnnualReport2012.pdf: ENOENT: no such file or directory, open '/tmp/opencouncil-docs/AnnualReport2012.pdf'
[2026-02-12T04:57:53.493Z] ❌ S3 upload failed for albany/annual-reports/general/2012/AnnualReport2012.pdf: ENOENT: no such file or directory, open '/tmp/opencouncil-docs/AnnualReport2012.pdf'
[2026-02-12T04:57:54.576Z] ❌ S3 upload failed for albany/misc/general/unknown/Dec3.pdf: ENOENT: no such file or directory, open '/tmp/opencouncil-docs/Dec3.pdf'
[2026-02-12T04:57:54.579Z] ❌ S3 upload failed for albany/misc/general/unknown/Dec3.pdf: ENOENT: no such file or directory, open '/tmp/opencouncil-docs/Dec3.pdf'
[2026-02-12T04:57:54.590Z] ❌ S3 upload failed for albany/misc/general/unknown/Dec3.pdf: ENOENT: no such file or directory, open '/tmp/opencouncil-docs/Dec3.pdf'
[2026-02-12T04:57:54.595Z] ❌ S3 upload failed for albany/misc/general/unknown/Dec3.pdf: ENOENT: no such file or directory, open '/tmp/opencouncil-docs/Dec3.pdf'
[2026-02-12T04:57:54.639Z] ❌ S3 upload failed for albany/misc/general/unknown/Dec3.pdf: ENOENT: no such file or directory, open '/tmp/opencouncil-docs/Dec3.pdf'
[2026-02-12T04:57:54.839Z] ❌ S3 upload failed for albany/misc/general/unknown/Dec3.pdf: ENOENT: no such file or directory, open '/tmp/opencouncil-docs/Dec3.pdf'
[2026-02-12T04:57:55.050Z]    Progress: 409 uploaded, 544 skipped, 147 failed
[2026-02-12T04:57:55.051Z]    Progress: 479 uploaded, 476 skipped, 145 failed
[2026-02-12T04:57:57.710Z]    Progress: 390 uploaded, 614 skipped, 146 failed
[2026-02-12T04:57:57.736Z]    Progress: 497 uploaded, 508 skipped, 145 failed
[2026-02-12T04:57:57.739Z]    Progress: 456 uploaded, 549 skipped, 145 failed
[2026-02-12T04:57:58.045Z]    Progress: 425 uploaded, 579 skipped, 146 failed
[2026-02-12T04:58:00.419Z]    Progress: 487 uploaded, 568 skipped, 145 failed
[2026-02-12T04:58:00.431Z] ❌ S3 upload failed for albany/misc/general/unknown/Nov8.pdf: ENOENT: no such file or directory, open '/tmp/opencouncil-docs/Nov8.pdf'
[2026-02-12T04:58:00.433Z]    Progress: 474 uploaded, 580 skipped, 146 failed
[2026-02-12T04:58:00.444Z] ❌ S3 upload failed for albany/misc/general/unknown/Nov8.pdf: ENOENT: no such file or directory, open '/tmp/opencouncil-docs/Nov8.pdf'
[2026-02-12T04:58:00.444Z] ❌ S3 upload failed for albany/misc/general/unknown/Nov8.pdf: ENOENT: no such file or directory, open '/tmp/opencouncil-docs/Nov8.pdf'
[2026-02-12T04:58:00.663Z]    Progress: 452 uploaded, 601 skipped, 147 failed
[2026-02-12T04:58:00.679Z] ❌ S3 upload failed for albany/misc/general/unknown/Nov8.pdf: ENOENT: no such file or directory, open '/tmp/opencouncil-docs/Nov8.pdf'
[2026-02-12T04:58:00.935Z] ❌ S3 upload failed for albany/misc/general/unknown/Nov8.pdf: ENOENT: no such file or directory, open '/tmp/opencouncil-docs/Nov8.pdf'
[2026-02-12T04:58:00.940Z]    Progress: 513 uploaded, 542 skipped, 145 failed
[2026-02-12T04:58:00.963Z] ❌ S3 upload failed for albany/misc/general/unknown/Nov8.pdf: ENOENT: no such file or directory, open '/tmp/opencouncil-docs/Nov8.pdf'
[2026-02-12T04:58:01.006Z] ❌ S3 upload failed for albany/misc/general/unknown/Oct11.pdf: ENOENT: no such file or directory, open '/tmp/opencouncil-docs/Oct11.pdf'
[2026-02-12T04:58:01.018Z] ❌ S3 upload failed for albany/misc/general/unknown/Oct11.pdf: ENOENT: no such file or directory, open '/tmp/opencouncil-docs/Oct11.pdf'
[2026-02-12T04:58:01.029Z] ❌ S3 upload failed for albany/misc/general/unknown/Oct11.pdf: ENOENT: no such file or directory, open '/tmp/opencouncil-docs/Oct11.pdf'
[2026-02-12T04:58:01.056Z] ❌ S3 upload failed for albany/misc/general/unknown/Oct11.pdf: ENOENT: no such file or directory, open '/tmp/opencouncil-docs/Oct11.pdf'
[2026-02-12T04:58:01.062Z] ❌ S3 upload failed for albany/misc/general/unknown/Oct11.pdf: ENOENT: no such file or directory, open '/tmp/opencouncil-docs/Oct11.pdf'
[2026-02-12T04:58:01.080Z] ❌ S3 upload failed for albany/misc/general/unknown/Oct11.pdf: ENOENT: no such file or directory, open '/tmp/opencouncil-docs/Oct11.pdf'
[2026-02-12T04:58:01.620Z] ❌ S3 upload failed for albany/misc/general/2011/PartyFlyer2011.pdf: ENOENT: no such file or directory, open '/tmp/opencouncil-docs/PartyFlyer2011.pdf'
[2026-02-12T04:58:02.375Z] ❌ S3 upload failed for albany/annual-reports/general/unknown/TownReport.pdf: ENOENT: no such file or directory, open '/tmp/opencouncil-docs/TownReport.pdf'
[2026-02-12T04:58:02.384Z] ❌ S3 upload failed for albany/annual-reports/general/unknown/TownReport.pdf: ENOENT: no such file or directory, open '/tmp/opencouncil-docs/TownReport.pdf'
[2026-02-12T04:58:02.388Z] ❌ S3 upload failed for albany/annual-reports/general/unknown/TownReport.pdf: ENOENT: no such file or directory, open '/tmp/opencouncil-docs/TownReport.pdf'
[2026-02-12T04:58:02.561Z] ❌ S3 upload failed for albany/annual-reports/general/unknown/TownReport.pdf: ENOENT: no such file or directory, open '/tmp/opencouncil-docs/TownReport.pdf'
[2026-02-12T04:58:02.682Z] ❌ S3 upload failed for albany/annual-reports/general/unknown/TownReport.pdf: ENOENT: no such file or directory, open '/tmp/opencouncil-docs/TownReport.pdf'
[2026-02-12T04:58:02.820Z] ✅ Completed Albany: 516 uploaded, 583 skipped, 148 failed (1.0 min)
[2026-02-12T04:58:02.822Z] 📬 New upload queue detected: albany-1770870649141.json
[2026-02-12T04:58:02.822Z] 📦 Processing upload queue: bartlett-1770870854258.json
[2026-02-12T04:58:02.835Z] ✅ Completed Albany: 507 uploaded, 590 skipped, 150 failed (1.0 min)
[2026-02-12T04:58:02.837Z] ❌ Failed to process queue /home/ubuntu/.openclaw/workspace/OPENCouncil/upload-queue/albany-1770870649141.json: ENOENT: no such file or directory, rename '/home/ubuntu/.openclaw/workspace/OPENCouncil/upload-queue/albany-1770870649141.json' -> '/home/ubuntu/.openclaw/workspace/OPENCouncil/upload-queue/processed/albany-1770870649141.json'
[2026-02-12T04:58:02.838Z] 📦 Processing upload queue: bartlett-1770870854258.json
[2026-02-12T04:58:02.889Z] ✅ Completed Albany: 462 uploaded, 635 skipped, 150 failed (1.0 min)
[2026-02-12T04:58:02.890Z] ❌ Failed to process queue /home/ubuntu/.openclaw/workspace/OPENCouncil/upload-queue/albany-1770870649141.json: ENOENT: no such file or directory, rename '/home/ubuntu/.openclaw/workspace/OPENCouncil/upload-queue/albany-1770870649141.json' -> '/home/ubuntu/.openclaw/workspace/OPENCouncil/upload-queue/processed/albany-1770870649141.json'
[2026-02-12T04:58:02.891Z] 📦 Processing upload queue: bartlett-1770870854258.json
[2026-02-12T04:58:02.894Z] ✅ Completed Albany: 522 uploaded, 577 skipped, 148 failed (1.0 min)
[2026-02-12T04:58:02.895Z] ❌ Failed to process queue /home/ubuntu/.openclaw/workspace/OPENCouncil/upload-queue/albany-1770870649141.json: ENOENT: no such file or directory, rename '/home/ubuntu/.openclaw/workspace/OPENCouncil/upload-queue/albany-1770870649141.json' -> '/home/ubuntu/.openclaw/workspace/OPENCouncil/upload-queue/processed/albany-1770870649141.json'
[2026-02-12T04:58:02.895Z] 📦 Processing upload queue: bartlett-1770870854258.json
[2026-02-12T04:58:02.905Z] ❌ S3 upload failed for albany/annual-reports/general/unknown/TownReport.pdf: ENOENT: no such file or directory, open '/tmp/opencouncil-docs/TownReport.pdf'
[2026-02-12T04:58:02.972Z] ✅ Completed Albany: 468 uploaded, 630 skipped, 149 failed (1.0 min)
[2026-02-12T04:58:02.974Z] ❌ Failed to process queue /home/ubuntu/.openclaw/workspace/OPENCouncil/upload-queue/albany-1770870649141.json: ENOENT: no such file or directory, rename '/home/ubuntu/.openclaw/workspace/OPENCouncil/upload-queue/albany-1770870649141.json' -> '/home/ubuntu/.openclaw/workspace/OPENCouncil/upload-queue/processed/albany-1770870649141.json'
[2026-02-12T04:58:02.975Z] 📦 Processing upload queue: bartlett-1770870854258.json
[2026-02-12T04:58:03.040Z] ✅ Completed Albany: 420 uploaded, 678 skipped, 149 failed (1.0 min)
[2026-02-12T04:58:03.041Z] ❌ Failed to process queue /home/ubuntu/.openclaw/workspace/OPENCouncil/upload-queue/albany-1770870649141.json: ENOENT: no such file or directory, rename '/home/ubuntu/.openclaw/workspace/OPENCouncil/upload-queue/albany-1770870649141.json' -> '/home/ubuntu/.openclaw/workspace/OPENCouncil/upload-queue/processed/albany-1770870649141.json'
[2026-02-12T04:58:03.041Z] 📦 Processing upload queue: bartlett-1770870854258.json
[2026-02-12T04:58:03.823Z] 📋 Found 5 upload queue(s)
[2026-02-12T04:58:03.823Z] 📦 Processing upload queue: bartlett-1770870854258.json
[2026-02-12T04:58:04.353Z] ✅ Completed Bartlett: 12 uploaded, 14 skipped, 0 failed (0.0 min)
[2026-02-12T04:58:04.354Z] 📦 Processing upload queue: brookfield-1770871126716.json
[2026-02-12T04:58:04.354Z] 📬 New upload queue detected: bartlett-1770870854258.json
[2026-02-12T04:58:04.355Z] ✅ Completed Bartlett: 10 uploaded, 16 skipped, 0 failed (0.0 min)
[2026-02-12T04:58:04.356Z] ❌ Failed to process queue /home/ubuntu/.openclaw/workspace/OPENCouncil/upload-queue/bartlett-1770870854258.json: ENOENT: no such file or directory, rename '/home/ubuntu/.openclaw/workspace/OPENCouncil/upload-queue/bartlett-1770870854258.json' -> '/home/ubuntu/.openclaw/workspace/OPENCouncil/upload-queue/processed/bartlett-1770870854258.json'
[2026-02-12T04:58:04.356Z] 📦 Processing upload queue: brookfield-1770871126716.json
[2026-02-12T04:58:04.395Z] ✅ Completed Bartlett: 5 uploaded, 21 skipped, 0 failed (0.0 min)
[2026-02-12T04:58:04.396Z] ❌ Failed to process queue /home/ubuntu/.openclaw/workspace/OPENCouncil/upload-queue/bartlett-1770870854258.json: ENOENT: no such file or directory, rename '/home/ubuntu/.openclaw/workspace/OPENCouncil/upload-queue/bartlett-1770870854258.json' -> '/home/ubuntu/.openclaw/workspace/OPENCouncil/upload-queue/processed/bartlett-1770870854258.json'
[2026-02-12T04:58:04.396Z] 📦 Processing upload queue: brookfield-1770871126716.json
[2026-02-12T04:58:04.510Z] ✅ Completed Bartlett: 13 uploaded, 13 skipped, 0 failed (0.0 min)
[2026-02-12T04:58:04.512Z] ❌ Failed to process queue /home/ubuntu/.openclaw/workspace/OPENCouncil/upload-queue/bartlett-1770870854258.json: ENOENT: no such file or directory, rename '/home/ubuntu/.openclaw/workspace/OPENCouncil/upload-queue/bartlett-1770870854258.json' -> '/home/ubuntu/.openclaw/workspace/OPENCouncil/upload-queue/processed/bartlett-1770870854258.json'
[2026-02-12T04:58:04.513Z] 📦 Processing upload queue: brookfield-1770871126716.json
[2026-02-12T04:58:04.594Z] ✅ Completed Bartlett: 7 uploaded, 19 skipped, 0 failed (0.0 min)
[2026-02-12T04:58:04.594Z] ❌ Failed to process queue /home/ubuntu/.openclaw/workspace/OPENCouncil/upload-queue/bartlett-1770870854258.json: ENOENT: no such file or directory, rename '/home/ubuntu/.openclaw/workspace/OPENCouncil/upload-queue/bartlett-1770870854258.json' -> '/home/ubuntu/.openclaw/workspace/OPENCouncil/upload-queue/processed/bartlett-1770870854258.json'
[2026-02-12T04:58:04.595Z] 📦 Processing upload queue: brookfield-1770871126716.json
[2026-02-12T04:58:04.658Z] ✅ Completed Brookfield: 4 uploaded, 1 skipped, 0 failed (0.0 min)
[2026-02-12T04:58:04.658Z] 📬 New upload queue detected: brookfield-1770871126716.json
[2026-02-12T04:58:04.658Z] 📦 Processing upload queue: chatham-1770871302857.json
[2026-02-12T04:58:04.674Z] ✅ Completed Brookfield: 3 uploaded, 2 skipped, 0 failed (0.0 min)
[2026-02-12T04:58:04.676Z] ❌ Failed to process queue /home/ubuntu/.openclaw/workspace/OPENCouncil/upload-queue/brookfield-1770871126716.json: ENOENT: no such file or directory, rename '/home/ubuntu/.openclaw/workspace/OPENCouncil/upload-queue/brookfield-1770871126716.json' -> '/home/ubuntu/.openclaw/workspace/OPENCouncil/upload-queue/processed/brookfield-1770871126716.json'
[2026-02-12T04:58:04.676Z] 📦 Processing upload queue: chatham-1770871302857.json
[2026-02-12T04:58:04.684Z] ✅ Completed Brookfield: 1 uploaded, 4 skipped, 0 failed (0.0 min)
[2026-02-12T04:58:04.685Z] ❌ Failed to process queue /home/ubuntu/.openclaw/workspace/OPENCouncil/upload-queue/brookfield-1770871126716.json: ENOENT: no such file or directory, rename '/home/ubuntu/.openclaw/workspace/OPENCouncil/upload-queue/brookfield-1770871126716.json' -> '/home/ubuntu/.openclaw/workspace/OPENCouncil/upload-queue/processed/brookfield-1770871126716.json'
[2026-02-12T04:58:04.686Z] 📦 Processing upload queue: chatham-1770871302857.json
[2026-02-12T04:58:04.788Z] ✅ Completed Bartlett: 19 uploaded, 7 skipped, 0 failed (0.0 min)
[2026-02-12T04:58:04.788Z] ❌ Failed to process queue /home/ubuntu/.openclaw/workspace/OPENCouncil/upload-queue/bartlett-1770870854258.json: ENOENT: no such file or directory, rename '/home/ubuntu/.openclaw/workspace/OPENCouncil/upload-queue/bartlett-1770870854258.json' -> '/home/ubuntu/.openclaw/workspace/OPENCouncil/upload-queue/processed/bartlett-1770870854258.json'
[2026-02-12T04:58:04.789Z] 📦 Processing upload queue: brookfield-1770871126716.json
[2026-02-12T04:58:04.789Z] ❌ Failed to process queue /home/ubuntu/.openclaw/workspace/OPENCouncil/upload-queue/brookfield-1770871126716.json: ENOENT: no such file or directory, open '/home/ubuntu/.openclaw/workspace/OPENCouncil/upload-queue/brookfield-1770871126716.json'
[2026-02-12T04:58:04.789Z] 📦 Processing upload queue: chatham-1770871302857.json
[2026-02-12T04:58:04.819Z] ✅ Completed Bartlett: 5 uploaded, 21 skipped, 0 failed (0.0 min)
[2026-02-12T04:58:04.822Z] ❌ Failed to process queue /home/ubuntu/.openclaw/workspace/OPENCouncil/upload-queue/bartlett-1770870854258.json: ENOENT: no such file or directory, rename '/home/ubuntu/.openclaw/workspace/OPENCouncil/upload-queue/bartlett-1770870854258.json' -> '/home/ubuntu/.openclaw/workspace/OPENCouncil/upload-queue/processed/bartlett-1770870854258.json'
[2026-02-12T04:58:04.828Z] 📦 Processing upload queue: brookfield-1770871126716.json
[2026-02-12T04:58:04.828Z] ❌ Failed to process queue /home/ubuntu/.openclaw/workspace/OPENCouncil/upload-queue/brookfield-1770871126716.json: ENOENT: no such file or directory, open '/home/ubuntu/.openclaw/workspace/OPENCouncil/upload-queue/brookfield-1770871126716.json'
[2026-02-12T04:58:04.829Z] 📦 Processing upload queue: chatham-1770871302857.json
[2026-02-12T04:58:04.918Z] ✅ Completed Brookfield: 5 uploaded, 0 skipped, 0 failed (0.0 min)
[2026-02-12T04:58:04.919Z] ❌ Failed to process queue /home/ubuntu/.openclaw/workspace/OPENCouncil/upload-queue/brookfield-1770871126716.json: ENOENT: no such file or directory, rename '/home/ubuntu/.openclaw/workspace/OPENCouncil/upload-queue/brookfield-1770871126716.json' -> '/home/ubuntu/.openclaw/workspace/OPENCouncil/upload-queue/processed/brookfield-1770871126716.json'
[2026-02-12T04:58:04.919Z] 📦 Processing upload queue: chatham-1770871302857.json
[2026-02-12T04:58:05.117Z] ✅ Completed Brookfield: 1 uploaded, 4 skipped, 0 failed (0.0 min)
[2026-02-12T04:58:05.118Z] ❌ Failed to process queue /home/ubuntu/.openclaw/workspace/OPENCouncil/upload-queue/brookfield-1770871126716.json: ENOENT: no such file or directory, rename '/home/ubuntu/.openclaw/workspace/OPENCouncil/upload-queue/brookfield-1770871126716.json' -> '/home/ubuntu/.openclaw/workspace/OPENCouncil/upload-queue/processed/brookfield-1770871126716.json'
[2026-02-12T04:58:05.119Z] 📦 Processing upload queue: chatham-1770871302857.json
[2026-02-12T04:58:05.355Z] 📋 Found 3 upload queue(s)
[2026-02-12T04:58:05.355Z] 📦 Processing upload queue: chatham-1770871302857.json
[2026-02-12T04:58:05.659Z] 📋 Found 3 upload queue(s)
[2026-02-12T04:58:05.660Z] 📦 Processing upload queue: chatham-1770871302857.json
[2026-02-12T04:58:06.164Z] ❌ S3 upload failed for chatham/minutes/general/2021/5.20.2021-Planning-Board-Minutes.pdf: ENOENT: no such file or directory, open '/tmp/opencouncil-docs/5.20.2021-Planning-Board-Minutes.pdf'
[2026-02-12T04:58:06.655Z] ❌ S3 upload failed for chatham/minutes/general/2020/Planning-Board-Minutes-6-18-20.pdf: ENOENT: no such file or directory, open '/tmp/opencouncil-docs/Planning-Board-Minutes-6-18-20.pdf'
[2026-02-12T04:58:07.430Z]    Progress: 24 uploaded, 26 skipped, 0 failed
[2026-02-12T04:58:07.447Z]    Progress: 7 uploaded, 43 skipped, 0 failed
[2026-02-12T04:58:10.530Z]    Progress: 55 uploaded, 44 skipped, 1 failed
[2026-02-12T04:58:10.540Z]    Progress: 25 uploaded, 75 skipped, 0 failed
[2026-02-12T04:58:10.566Z]    Progress: 36 uploaded, 64 skipped, 0 failed
[2026-02-12T04:58:10.567Z]    Progress: 46 uploaded, 54 skipped, 0 failed
[2026-02-12T04:58:10.568Z]    Progress: 22 uploaded, 78 skipped, 0 failed
[2026-02-12T04:58:12.114Z] ❌ S3 upload failed for chatham/minutes/general/2021/Selectmen-minutes-4.1.2021.pdf: ENOENT: no such file or directory, open '/tmp/opencouncil-docs/Selectmen-minutes-4.1.2021.pdf'
[2026-02-12T04:58:12.787Z]    Progress: 63 uploaded, 87 skipped, 0 failed
[2026-02-12T04:58:12.811Z]    Progress: 39 uploaded, 111 skipped, 0 failed
[2026-02-12T04:58:12.985Z]    Progress: 77 uploaded, 72 skipped, 1 failed
[2026-02-12T04:58:13.035Z] ❌ S3 upload failed for chatham/minutes/general/2019/Selectmen-Minutes-09-05-2019.pdf: ENOENT: no such file or directory, open '/tmp/opencouncil-docs/Selectmen-Minutes-09-05-2019.pdf'
[2026-02-12T04:58:13.089Z]    Progress: 52 uploaded, 98 skipped, 0 failed
[2026-02-12T04:58:15.732Z]    Progress: 75 uploaded, 125 skipped, 0 failed
[2026-02-12T04:58:19.401Z]    Progress: 103 uploaded, 147 skipped, 0 failed
[2026-02-12T04:58:19.434Z]    Progress: 106 uploaded, 142 skipped, 2 failed
[2026-02-12T04:58:19.579Z] ✅ Completed Chatham: 93 uploaded, 160 skipped, 0 failed (0.2 min)
[2026-02-12T04:58:19.579Z] 📬 New upload queue detected: chatham-1770871302857.json
[2026-02-12T04:58:19.579Z] 📦 Processing upload queue: conway-1770871545699.json
[2026-02-12T04:58:19.637Z] ✅ Completed Chatham: 77 uploaded, 175 skipped, 1 failed (0.2 min)
[2026-02-12T04:58:19.637Z] ❌ Failed to process queue /home/ubuntu/.openclaw/workspace/OPENCouncil/upload-queue/chatham-1770871302857.json: ENOENT: no such file or directory, rename '/home/ubuntu/.openclaw/workspace/OPENCouncil/upload-queue/chatham-1770871302857.json' -> '/home/ubuntu/.openclaw/workspace/OPENCouncil/upload-queue/processed/chatham-1770871302857.json'
[2026-02-12T04:58:19.638Z] 📦 Processing upload queue: conway-1770871545699.json
[2026-02-12T04:58:19.698Z]    Progress: 102 uploaded, 148 skipped, 0 failed
[2026-02-12T04:58:19.711Z] ✅ Completed Chatham: 76 uploaded, 176 skipped, 1 failed (0.2 min)
[2026-02-12T04:58:19.713Z] ❌ Failed to process queue /home/ubuntu/.openclaw/workspace/OPENCouncil/upload-queue/chatham-1770871302857.json: ENOENT: no such file or directory, rename '/home/ubuntu/.openclaw/workspace/OPENCouncil/upload-queue/chatham-1770871302857.json' -> '/home/ubuntu/.openclaw/workspace/OPENCouncil/upload-queue/processed/chatham-1770871302857.json'
[2026-02-12T04:58:19.714Z] 📦 Processing upload queue: conway-1770871545699.json
[2026-02-12T04:58:19.773Z]    Progress: 77 uploaded, 173 skipped, 0 failed
[2026-02-12T04:58:19.792Z] ✅ Completed Chatham: 102 uploaded, 151 skipped, 0 failed (0.2 min)
[2026-02-12T04:58:19.793Z] ❌ Failed to process queue /home/ubuntu/.openclaw/workspace/OPENCouncil/upload-queue/chatham-1770871302857.json: ENOENT: no such file or directory, rename '/home/ubuntu/.openclaw/workspace/OPENCouncil/upload-queue/chatham-1770871302857.json' -> '/home/ubuntu/.openclaw/workspace/OPENCouncil/upload-queue/processed/chatham-1770871302857.json'
[2026-02-12T04:58:19.794Z] 📦 Processing upload queue: conway-1770871545699.json
[2026-02-12T04:58:19.811Z]    Progress: 116 uploaded, 134 skipped, 0 failed
[2026-02-12T04:58:19.814Z] ✅ Completed Chatham: 77 uploaded, 176 skipped, 0 failed (0.3 min)
[2026-02-12T04:58:19.815Z] ❌ Failed to process queue /home/ubuntu/.openclaw/workspace/OPENCouncil/upload-queue/chatham-1770871302857.json: ENOENT: no such file or directory, rename '/home/ubuntu/.openclaw/workspace/OPENCouncil/upload-queue/chatham-1770871302857.json' -> '/home/ubuntu/.openclaw/workspace/OPENCouncil/upload-queue/processed/chatham-1770871302857.json'
[2026-02-12T04:58:19.816Z] 📦 Processing upload queue: conway-1770871545699.json
[2026-02-12T04:58:19.873Z] ✅ Completed Chatham: 116 uploaded, 137 skipped, 0 failed (0.2 min)
[2026-02-12T04:58:19.878Z] ❌ Failed to process queue /home/ubuntu/.openclaw/workspace/OPENCouncil/upload-queue/chatham-1770871302857.json: ENOENT: no such file or directory, rename '/home/ubuntu/.openclaw/workspace/OPENCouncil/upload-queue/chatham-1770871302857.json' -> '/home/ubuntu/.openclaw/workspace/OPENCouncil/upload-queue/processed/chatham-1770871302857.json'
[2026-02-12T04:58:19.881Z] 📦 Processing upload queue: conway-1770871545699.json
[2026-02-12T04:58:19.937Z] ✅ Completed Chatham: 105 uploaded, 148 skipped, 0 failed (0.3 min)
[2026-02-12T04:58:19.940Z] ❌ Failed to process queue /home/ubuntu/.openclaw/workspace/OPENCouncil/upload-queue/chatham-1770871302857.json: ENOENT: no such file or directory, rename '/home/ubuntu/.openclaw/workspace/OPENCouncil/upload-queue/chatham-1770871302857.json' -> '/home/ubuntu/.openclaw/workspace/OPENCouncil/upload-queue/processed/chatham-1770871302857.json'
[2026-02-12T04:58:19.941Z] 📦 Processing upload queue: conway-1770871545699.json
[2026-02-12T04:58:19.998Z] ✅ Completed Chatham: 108 uploaded, 143 skipped, 2 failed (0.3 min)
[2026-02-12T04:58:19.998Z] ❌ Failed to process queue /home/ubuntu/.openclaw/workspace/OPENCouncil/upload-queue/chatham-1770871302857.json: ENOENT: no such file or directory, rename '/home/ubuntu/.openclaw/workspace/OPENCouncil/upload-queue/chatham-1770871302857.json' -> '/home/ubuntu/.openclaw/workspace/OPENCouncil/upload-queue/processed/chatham-1770871302857.json'
[2026-02-12T04:58:19.998Z] 📦 Processing upload queue: conway-1770871545699.json
[2026-02-12T04:58:20.321Z] ✅ Completed Chatham: 92 uploaded, 161 skipped, 0 failed (0.3 min)
[2026-02-12T04:58:20.322Z] ❌ Failed to process queue /home/ubuntu/.openclaw/workspace/OPENCouncil/upload-queue/chatham-1770871302857.json: ENOENT: no such file or directory, rename '/home/ubuntu/.openclaw/workspace/OPENCouncil/upload-queue/chatham-1770871302857.json' -> '/home/ubuntu/.openclaw/workspace/OPENCouncil/upload-queue/processed/chatham-1770871302857.json'
[2026-02-12T04:58:20.324Z] 📦 Processing upload queue: conway-1770871545699.json
[2026-02-12T04:58:20.582Z] 📋 Found 2 upload queue(s)
[2026-02-12T04:58:20.582Z] 📦 Processing upload queue: conway-1770871545699.json
[2026-02-12T04:58:23.947Z]    Progress: 19 uploaded, 31 skipped, 0 failed
[2026-02-12T04:58:23.963Z]    Progress: 24 uploaded, 26 skipped, 0 failed
[2026-02-12T04:58:24.406Z]    Progress: 18 uploaded, 32 skipped, 0 failed
[2026-02-12T04:58:24.465Z] ❌ S3 upload failed for conway/forms/general/2024/2024-abbreviated-application.pdf: ENOENT: no such file or directory, open '/tmp/opencouncil-docs/2024-abbreviated-application.pdf'
[2026-02-12T04:58:24.779Z]    Progress: 18 uploaded, 32 skipped, 0 failed
[2026-02-12T04:58:26.679Z]    Progress: 36 uploaded, 64 skipped, 0 failed
[2026-02-12T04:58:26.731Z]    Progress: 40 uploaded, 60 skipped, 0 failed
[2026-02-12T04:58:27.132Z]    Progress: 28 uploaded, 72 skipped, 0 failed
[2026-02-12T04:58:29.148Z] ❌ S3 upload failed for conway/misc/general/unknown/214.pdf: ENOENT: no such file or directory, open '/tmp/opencouncil-docs/214.pdf'
[2026-02-12T04:58:29.214Z] ❌ S3 upload failed for conway/misc/general/unknown/215.pdf: ENOENT: no such file or directory, open '/tmp/opencouncil-docs/215.pdf'
[2026-02-12T04:58:29.629Z] ❌ S3 upload failed for conway/misc/general/unknown/223.pdf: ENOENT: no such file or directory, open '/tmp/opencouncil-docs/223.pdf'
[2026-02-12T04:58:29.791Z]    Progress: 63 uploaded, 86 skipped, 1 failed
[2026-02-12T04:58:29.814Z]    Progress: 53 uploaded, 97 skipped, 0 failed
[2026-02-12T04:58:31.485Z] ❌ S3 upload failed for conway/misc/general/unknown/258.pdf: ENOENT: no such file or directory, open '/tmp/opencouncil-docs/258.pdf'
[2026-02-12T04:58:32.377Z]    Progress: 66 uploaded, 134 skipped, 0 failed
[2026-02-12T04:58:32.403Z]    Progress: 80 uploaded, 118 skipped, 2 failed
[2026-02-12T04:58:32.407Z]    Progress: 71 uploaded, 129 skipped, 0 failed
[2026-02-12T04:58:35.779Z] ✅ Completed Conway: 94 uploaded, 153 skipped, 2 failed (0.3 min)
[2026-02-12T04:58:35.779Z] ✅ Completed Conway: 83 uploaded, 166 skipped, 0 failed (0.3 min)
[2026-02-12T04:58:35.780Z] 📬 New upload queue detected: conway-1770871545699.json
[2026-02-12T04:58:35.780Z] 📦 Processing upload queue: eaton-1770871708622.json
[2026-02-12T04:58:35.780Z] ❌ Failed to process queue /home/ubuntu/.openclaw/workspace/OPENCouncil/upload-queue/conway-1770871545699.json: ENOENT: no such file or directory, rename '/home/ubuntu/.openclaw/workspace/OPENCouncil/upload-queue/conway-1770871545699.json' -> '/home/ubuntu/.openclaw/workspace/OPENCouncil/upload-queue/processed/conway-1770871545699.json'
[2026-02-12T04:58:35.780Z] 📦 Processing upload queue: eaton-1770871708622.json
[2026-02-12T04:58:35.783Z] ✅ Completed Conway: 116 uploaded, 132 skipped, 1 failed (0.3 min)
[2026-02-12T04:58:35.784Z] ❌ Failed to process queue /home/ubuntu/.openclaw/workspace/OPENCouncil/upload-queue/conway-1770871545699.json: ENOENT: no such file or directory, rename '/home/ubuntu/.openclaw/workspace/OPENCouncil/upload-queue/conway-1770871545699.json' -> '/home/ubuntu/.openclaw/workspace/OPENCouncil/upload-queue/processed/conway-1770871545699.json'
[2026-02-12T04:58:35.784Z] 📦 Processing upload queue: eaton-1770871708622.json
[2026-02-12T04:58:35.810Z] ✅ Completed Conway: 95 uploaded, 153 skipped, 1 failed (0.3 min)
[2026-02-12T04:58:35.811Z] ❌ Failed to process queue /home/ubuntu/.openclaw/workspace/OPENCouncil/upload-queue/conway-1770871545699.json: ENOENT: no such file or directory, rename '/home/ubuntu/.openclaw/workspace/OPENCouncil/upload-queue/conway-1770871545699.json' -> '/home/ubuntu/.openclaw/workspace/OPENCouncil/upload-queue/processed/conway-1770871545699.json'
[2026-02-12T04:58:35.812Z] 📦 Processing upload queue: eaton-1770871708622.json
[2026-02-12T04:58:35.930Z] ✅ Completed Conway: 95 uploaded, 153 skipped, 1 failed (0.3 min)
[2026-02-12T04:58:35.931Z] ❌ Failed to process queue /home/ubuntu/.openclaw/workspace/OPENCouncil/upload-queue/conway-1770871545699.json: ENOENT: no such file or directory, rename '/home/ubuntu/.openclaw/workspace/OPENCouncil/upload-queue/conway-1770871545699.json' -> '/home/ubuntu/.openclaw/workspace/OPENCouncil/upload-queue/processed/conway-1770871545699.json'
[2026-02-12T04:58:35.932Z] 📦 Processing upload queue: eaton-1770871708622.json
[2026-02-12T04:58:36.100Z] ✅ Completed Conway: 86 uploaded, 163 skipped, 0 failed (0.3 min)
[2026-02-12T04:58:36.101Z] ❌ Failed to process queue /home/ubuntu/.openclaw/workspace/OPENCouncil/upload-queue/conway-1770871545699.json: ENOENT: no such file or directory, rename '/home/ubuntu/.openclaw/workspace/OPENCouncil/upload-queue/conway-1770871545699.json' -> '/home/ubuntu/.openclaw/workspace/OPENCouncil/upload-queue/processed/conway-1770871545699.json'
[2026-02-12T04:58:36.102Z] 📦 Processing upload queue: eaton-1770871708622.json
[2026-02-12T04:58:36.111Z] ✅ Completed Conway: 103 uploaded, 146 skipped, 0 failed (0.3 min)
[2026-02-12T04:58:36.112Z] ❌ Failed to process queue /home/ubuntu/.openclaw/workspace/OPENCouncil/upload-queue/conway-1770871545699.json: ENOENT: no such file or directory, rename '/home/ubuntu/.openclaw/workspace/OPENCouncil/upload-queue/conway-1770871545699.json' -> '/home/ubuntu/.openclaw/workspace/OPENCouncil/upload-queue/processed/conway-1770871545699.json'
[2026-02-12T04:58:36.113Z] 📦 Processing upload queue: eaton-1770871708622.json
[2026-02-12T04:58:36.113Z] ✅ Completed Conway: 82 uploaded, 167 skipped, 0 failed (0.3 min)
[2026-02-12T04:58:36.114Z] ❌ Failed to process queue /home/ubuntu/.openclaw/workspace/OPENCouncil/upload-queue/conway-1770871545699.json: ENOENT: no such file or directory, rename '/home/ubuntu/.openclaw/workspace/OPENCouncil/upload-queue/conway-1770871545699.json' -> '/home/ubuntu/.openclaw/workspace/OPENCouncil/upload-queue/processed/conway-1770871545699.json'
[2026-02-12T04:58:36.115Z] 📦 Processing upload queue: eaton-1770871708622.json
[2026-02-12T04:58:36.140Z] ✅ Completed Conway: 81 uploaded, 168 skipped, 0 failed (0.3 min)
[2026-02-12T04:58:36.142Z] ❌ Failed to process queue /home/ubuntu/.openclaw/workspace/OPENCouncil/upload-queue/conway-1770871545699.json: ENOENT: no such file or directory, rename '/home/ubuntu/.openclaw/workspace/OPENCouncil/upload-queue/conway-1770871545699.json' -> '/home/ubuntu/.openclaw/workspace/OPENCouncil/upload-queue/processed/conway-1770871545699.json'
[2026-02-12T04:58:36.151Z] 📦 Processing upload queue: eaton-1770871708622.json
[2026-02-12T04:58:36.322Z] ✅ Completed Conway: 98 uploaded, 151 skipped, 0 failed (0.3 min)
[2026-02-12T04:58:36.323Z] ❌ Failed to process queue /home/ubuntu/.openclaw/workspace/OPENCouncil/upload-queue/conway-1770871545699.json: ENOENT: no such file or directory, rename '/home/ubuntu/.openclaw/workspace/OPENCouncil/upload-queue/conway-1770871545699.json' -> '/home/ubuntu/.openclaw/workspace/OPENCouncil/upload-queue/processed/conway-1770871545699.json'
[2026-02-12T04:58:36.323Z] 📦 Processing upload queue: eaton-1770871708622.json
[2026-02-12T04:58:36.781Z] 📋 Found 1 upload queue(s)
[2026-02-12T04:58:36.782Z] 📦 Processing upload queue: eaton-1770871708622.json
[2026-02-12T04:58:38.482Z]    Progress: 12 uploaded, 38 skipped, 0 failed
[2026-02-12T04:58:38.519Z]    Progress: 18 uploaded, 32 skipped, 0 failed
[2026-02-12T04:58:38.897Z]    Progress: 10 uploaded, 40 skipped, 0 failed
[2026-02-12T04:58:38.995Z]    Progress: 17 uploaded, 33 skipped, 0 failed
[2026-02-12T04:58:39.606Z] ✅ Completed Eaton: 22 uploaded, 43 skipped, 0 failed (0.1 min)
[2026-02-12T04:58:39.609Z] 📬 New upload queue detected: eaton-1770871708622.json
[2026-02-12T04:58:39.627Z] ✅ Completed Eaton: 20 uploaded, 45 skipped, 0 failed (0.1 min)
[2026-02-12T04:58:39.628Z] ❌ Failed to process queue /home/ubuntu/.openclaw/workspace/OPENCouncil/upload-queue/eaton-1770871708622.json: ENOENT: no such file or directory, rename '/home/ubuntu/.openclaw/workspace/OPENCouncil/upload-queue/eaton-1770871708622.json' -> '/home/ubuntu/.openclaw/workspace/OPENCouncil/upload-queue/processed/eaton-1770871708622.json'
[2026-02-12T04:58:39.653Z] ✅ Completed Eaton: 34 uploaded, 31 skipped, 0 failed (0.1 min)
[2026-02-12T04:58:39.656Z] ❌ Failed to process queue /home/ubuntu/.openclaw/workspace/OPENCouncil/upload-queue/eaton-1770871708622.json: ENOENT: no such file or directory, rename '/home/ubuntu/.openclaw/workspace/OPENCouncil/upload-queue/eaton-1770871708622.json' -> '/home/ubuntu/.openclaw/workspace/OPENCouncil/upload-queue/processed/eaton-1770871708622.json'
[2026-02-12T04:58:39.661Z] ✅ Completed Eaton: 20 uploaded, 45 skipped, 0 failed (0.1 min)
[2026-02-12T04:58:39.661Z] ❌ Failed to process queue /home/ubuntu/.openclaw/workspace/OPENCouncil/upload-queue/eaton-1770871708622.json: ENOENT: no such file or directory, rename '/home/ubuntu/.openclaw/workspace/OPENCouncil/upload-queue/eaton-1770871708622.json' -> '/home/ubuntu/.openclaw/workspace/OPENCouncil/upload-queue/processed/eaton-1770871708622.json'
[2026-02-12T04:58:39.681Z] ✅ Completed Eaton: 18 uploaded, 47 skipped, 0 failed (0.0 min)
[2026-02-12T04:58:39.682Z] ❌ Failed to process queue /home/ubuntu/.openclaw/workspace/OPENCouncil/upload-queue/eaton-1770871708622.json: ENOENT: no such file or directory, rename '/home/ubuntu/.openclaw/workspace/OPENCouncil/upload-queue/eaton-1770871708622.json' -> '/home/ubuntu/.openclaw/workspace/OPENCouncil/upload-queue/processed/eaton-1770871708622.json'
[2026-02-12T04:58:39.725Z] ✅ Completed Eaton: 21 uploaded, 44 skipped, 0 failed (0.1 min)
[2026-02-12T04:58:39.726Z] ❌ Failed to process queue /home/ubuntu/.openclaw/workspace/OPENCouncil/upload-queue/eaton-1770871708622.json: ENOENT: no such file or directory, rename '/home/ubuntu/.openclaw/workspace/OPENCouncil/upload-queue/eaton-1770871708622.json' -> '/home/ubuntu/.openclaw/workspace/OPENCouncil/upload-queue/processed/eaton-1770871708622.json'
[2026-02-12T04:58:39.790Z] ✅ Completed Eaton: 19 uploaded, 46 skipped, 0 failed (0.1 min)
[2026-02-12T04:58:39.792Z] ❌ Failed to process queue /home/ubuntu/.openclaw/workspace/OPENCouncil/upload-queue/eaton-1770871708622.json: ENOENT: no such file or directory, rename '/home/ubuntu/.openclaw/workspace/OPENCouncil/upload-queue/eaton-1770871708622.json' -> '/home/ubuntu/.openclaw/workspace/OPENCouncil/upload-queue/processed/eaton-1770871708622.json'
[2026-02-12T04:58:39.802Z] ✅ Completed Eaton: 31 uploaded, 34 skipped, 0 failed (0.1 min)
[2026-02-12T04:58:39.803Z] ❌ Failed to process queue /home/ubuntu/.openclaw/workspace/OPENCouncil/upload-queue/eaton-1770871708622.json: ENOENT: no such file or directory, rename '/home/ubuntu/.openclaw/workspace/OPENCouncil/upload-queue/eaton-1770871708622.json' -> '/home/ubuntu/.openclaw/workspace/OPENCouncil/upload-queue/processed/eaton-1770871708622.json'
[2026-02-12T04:58:39.860Z] ✅ Completed Eaton: 24 uploaded, 41 skipped, 0 failed (0.1 min)
[2026-02-12T04:58:39.861Z] ❌ Failed to process queue /home/ubuntu/.openclaw/workspace/OPENCouncil/upload-queue/eaton-1770871708622.json: ENOENT: no such file or directory, rename '/home/ubuntu/.openclaw/workspace/OPENCouncil/upload-queue/eaton-1770871708622.json' -> '/home/ubuntu/.openclaw/workspace/OPENCouncil/upload-queue/processed/eaton-1770871708622.json'
[2026-02-12T04:58:40.078Z] ✅ Completed Eaton: 13 uploaded, 52 skipped, 0 failed (0.1 min)
[2026-02-12T04:58:40.079Z] ❌ Failed to process queue /home/ubuntu/.openclaw/workspace/OPENCouncil/upload-queue/eaton-1770871708622.json: ENOENT: no such file or directory, rename '/home/ubuntu/.openclaw/workspace/OPENCouncil/upload-queue/eaton-1770871708622.json' -> '/home/ubuntu/.openclaw/workspace/OPENCouncil/upload-queue/processed/eaton-1770871708622.json'
[2026-02-12T04:58:40.126Z] ✅ Completed Eaton: 18 uploaded, 47 skipped, 0 failed (0.1 min)
[2026-02-12T04:58:40.127Z] ❌ Failed to process queue /home/ubuntu/.openclaw/workspace/OPENCouncil/upload-queue/eaton-1770871708622.json: ENOENT: no such file or directory, rename '/home/ubuntu/.openclaw/workspace/OPENCouncil/upload-queue/eaton-1770871708622.json' -> '/home/ubuntu/.openclaw/workspace/OPENCouncil/upload-queue/processed/eaton-1770871708622.json'
